id,source,record_type,degree_injury_cd,degree_injury,date,year,mine_id,coal_metal,subunit,classification,accident_type,activity,injury_source,nature_injury,body_part,days_lost,no_injuries,mining_equipment,is_oilgas,oilgas_score,oilgas_terms,actual_injury,actual_fatality,narrative,narrative_words,text,is_duplicate,duplicate_of,dup_kind,duplicate_ids,split_hint
msha_000001,msha,no_injury_event,00,ACCIDENT ONLY,2025-06-04,2025,0100851,C,SURFACE AT UNDERGROUND,HOISTING,"Accident type, without injuries",NO VALUE FOUND,NO VALUE FOUND,NO VALUE FOUND,NO VALUE FOUND,,0,"Elevator, Skip, Cage, Buckets, Mancage, Slope car ",False,0,[],False,False,The SP Elevator was taken out of service due to the elevator company dropping one of the ropes. The ropes were being tensioned as part of the service contract when the company performing service allowed a single rope to fall to the car.,43,The SP Elevator was taken out of service due to the elevator company dropping one of the ropes. The ropes were being tensioned as part of the service contract when the company performing service allowed a single rope to fall to the car.,False,,,,train_candidate
msha_000003,msha,permanent_impairment,02,PERM TOT OR PERM PRTL DISABLTY,2025-12-27,2025,0200024,M,MILL OPERATION/PREPARATION PLANT,HANDLING OF MATERIALS,Over-exertion in lifting objects,Handling supplies or material,"CONTAINERS,NEC",HERNIA;RUPTURE,ABDOMEN/INTERNAL ORGANS,0,1,NO VALUE FOUND,False,0,[],True,False,"Employee was lifting 50-pound bucket, when they felt a pull in their abdomen. There was no pain, so employee continued working. Employee noticed a bump after they went home. Employee reported it the following morning start of shift. incident occurred at the Lone Star array site.",46,"Employee was lifting 50-pound bucket, when they felt a pull in their abdomen. There was no pain, so employee continued working. Employee noticed a bump after they went home. Employee reported it the following morning start of shift. incident occurred at the Lone Star array site.",False,,,,train_candidate
msha_000006,msha,no_injury_event,00,ACCIDENT ONLY,2021-03-03,2021,0200144,M,"STRIP, QUARY, OPEN PIT",FIRE,"Accident type, without injuries",NO VALUE FOUND,NO VALUE FOUND,NO VALUE FOUND,NO VALUE FOUND,,0,NO VALUE FOUND,False,0,[],False,False,An operator reported that there was a brushfire burning in the canyon below the Half Million Tank. This is on the west side of the pit in an unmanned/unmined area. Fire cause to be determined however it appears that two power line touched and sparked from the excessive winds.,49,An operator reported that there was a brushfire burning in the canyon below the Half Million Tank. This is on the west side of the pit in an unmanned/unmined area. Fire cause to be determined however it appears that two power line touched and sparked from the excessive winds.,False,,,,train_candidate
msha_000009,msha,permanent_impairment,02,PERM TOT OR PERM PRTL DISABLTY,2025-08-11,2025,0400743,M,MILL OPERATION/PREPARATION PLANT,POWERED HAULAGE,"Caught in, under or between running or meshing objects",Machine maintenance,CHUTE & SLIDE-CONVYR HOPR,AMPUTATION OR ENUCLEATION,FINGER(S)/THUMB,,1,Chute,False,0,[],True,False,"An employee was attempting to clear a blockage in the dust collector chute. While reaching in to free a pole that was being used, the employee's glove became entangled in a rotating component of the equipment. This resulted in the amputation of three fingers.",44,"An employee was attempting to clear a blockage in the dust collector chute. While reaching in to free a pole that was being used, the employee's glove became entangled in a rotating component of the equipment. This resulted in the amputation of three fingers.",False,,,,train_candidate
msha_000010,msha,no_injury_event,00,ACCIDENT ONLY,2020-12-16,2020,0404802,M,"STRIP, QUARY, OPEN PIT",MACHINERY,"Accident type, without injuries",NO VALUE FOUND,NO VALUE FOUND,NO VALUE FOUND,NO VALUE FOUND,,0,"Shovel, Power shovel, Backhoe, Trackhoe, Dragline - Big Muskie",False,0,[],False,False,Pulling out stuck utility service truck with a backhoe and sustained wheel damage to backhoe.,15,Pulling out stuck utility service truck with a backhoe and sustained wheel damage to backhoe.,False,,,,train_candidate
msha_000027,msha,no_injury_event,00,ACCIDENT ONLY,2021-11-17,2021,1103045,C,"STRIP, QUARY, OPEN PIT",FIRE,"Accident type, without injuries",NO VALUE FOUND,NO VALUE FOUND,NO VALUE FOUND,NO VALUE FOUND,,0,NO VALUE FOUND,False,0,[],False,False,A hot spot was discovered on a raw coal pile. This was on the south side of the raw coal storage pad near the wash plant. No one was injured. Equipment is being used to treat and remove the affected material.,41,A hot spot was discovered on a raw coal pile. This was on the south side of the raw coal storage pad near the wash plant. No one was injured. Equipment is being used to treat and remove the affected material.,False,,,,train_candidate
msha_000031,msha,no_injury_event,00,ACCIDENT ONLY,2021-05-14,2021,1201020,M,"STRIP, QUARY, OPEN PIT",FIRE,"Accident type, without injuries",NO VALUE FOUND,NO VALUE FOUND,NO VALUE FOUND,NO VALUE FOUND,,0,"Trucks, Service truck, Utility truck, Pickup, Water truck, Fuel truck",False,0,[],False,False,Customer PU had just left the scale house with a load of rock & headed out the north gate. About 100 yards from the gate the customer noticed smoke coming out from under the engine compartment. Customer stopped & saw fire under the hood. Customer called fire department. No injuries just property damage. Customer left scale house 12:36pm & fire was extinguished around 1pm.,64,Customer PU had just left the scale house with a load of rock & headed out the north gate. About 100 yards from the gate the customer noticed smoke coming out from under the engine compartment. Customer stopped & saw fire under the hood. Customer called fire department. No injuries just property damage. Customer left scale house 12:36pm & fire was extinguished around 1pm.,False,,,,train_candidate
msha_000032,msha,no_injury_event,00,ACCIDENT ONLY,2022-05-21,2022,1202418,C,SURFACE AT UNDERGROUND,HOISTING,"Accident type, without injuries",NO VALUE FOUND,NO VALUE FOUND,NO VALUE FOUND,NO VALUE FOUND,,0,"Elevator, Skip, Cage, Buckets, Mancage, Slope car ",False,0,[],False,False,Bad storm caused a power outage. When power was restored the PLC had to be re-programmed.,16,Bad storm caused a power outage. When power was restored the PLC had to be re-programmed.,False,,,,train_candidate
msha_000035,msha,no_injury_event,00,ACCIDENT ONLY,2023-09-07,2023,1401572,M,"STRIP, QUARY, OPEN PIT",POWERED HAULAGE,"Accident type, without injuries",NO VALUE FOUND,NO VALUE FOUND,NO VALUE FOUND,NO VALUE FOUND,,0,"Front-end loader, Tractor-shovel, Payloader, Highlift, Skip loader",False,0,[],False,False,Employee was driving loader up to #2 rock pile with bucket too high. Ee stepped on gas and brake pedal at the same time. Lost control and laid the loader on its side. No injury- broken window on loader.,39,Employee was driving loader up to #2 rock pile with bucket too high. Ee stepped on gas and brake pedal at the same time. Lost control and laid the loader on its side. No injury- broken window on loader.,False,,,,train_candidate
msha_000046,msha,fatal,01,FATALITY,2023-07-17,2023,1900020,M,"STRIP, QUARY, OPEN PIT",MACHINERY,Struck by falling object,Machine maintenance,"MACHINE-MILL,CLEANING PLT","UNCLASSIFIED,NOT DETERMED","HEAD,NEC",,1,"Crusher, Breaker, Mills (ball and rod), Feeder breaker",False,0,[],True,True,"EE's working to clean the mainframe arm on primary crusher. During the lift, the rigging assembly appears to have failed, striking the EE who was located in the line of fire.",31,"EE's working to clean the mainframe arm on primary crusher. During the lift, the rigging assembly appears to have failed, striking the EE who was located in the line of fire.",False,,,,train_candidate
msha_000049,msha,no_injury_event,00,ACCIDENT ONLY,2024-03-01,2024,2103404,M,MILL OPERATION/PREPARATION PLANT,FIRE,"Accident type, without injuries",NO VALUE FOUND,NO VALUE FOUND,NO VALUE FOUND,NO VALUE FOUND,,0,"Shovel, Power shovel, Backhoe, Trackhoe, Dragline - Big Muskie",False,0,[],False,False,"When loading trucks on the tailings basin a newly installed by 3rs party hydraulic pump on a PC800 excavator caught on fire. Employee noticed flames in the mirror and exited the excavator. The fire burned for more than 30 minutes before mine and local fire services arrived and put out the fire. No injuries or other equipment involved, the PC800 was a total loss.",64,"When loading trucks on the tailings basin a newly installed by 3rs party hydraulic pump on a PC800 excavator caught on fire. Employee noticed flames in the mirror and exited the excavator. The fire burned for more than 30 minutes before mine and local fire services arrived and put out the fire. No injuries or other equipment involved, the PC800 was a total loss.",False,,,,train_candidate
msha_000053,msha,permanent_impairment,02,PERM TOT OR PERM PRTL DISABLTY,2023-06-28,2023,2400839,C,"STRIP, QUARY, OPEN PIT",HANDLING OF MATERIALS,"Caught in, under or between a moving and a stationary object",Machine maintenance,"METAL,NEC(PIPE,WIRE,NAIL)",AMPUTATION OR ENUCLEATION,FINGER(S)/THUMB,0,1,NO VALUE FOUND,False,0,[],True,False,"Dragline operator cut the tip of finger while reinstalling a lower hoist chain pin during a PM. Dragline Operator's ring and pinky fingers were pinched under the pin's locking collar cap, with the ring finger taking most of the injury. The tip of the ring finger was cut off with only slight pinch damage to the pinky.",57,"Dragline operator cut the tip of finger while reinstalling a lower hoist chain pin during a PM. Dragline Operator's ring and pinky fingers were pinched under the pin's locking collar cap, with the ring finger taking most of the injury. The tip of the ring finger was cut off with only slight pinch damage to the pinky.",False,,,,train_candidate
msha_000062,msha,no_injury_event,00,ACCIDENT ONLY,2019-02-07,2019,3000663,M,SURFACE AT UNDERGROUND,HOISTING,"Accident type, without injuries",NO VALUE FOUND,NO VALUE FOUND,NO VALUE FOUND,NO VALUE FOUND,,0,"Elevator, Skip, Cage, Buckets, Mancage, Slope car ",False,0,[],False,False,"The DC Loop contactor on the #3 hoist failed due to an electrical fault that could not be repaired within 30 minutes. Since the #3 hoist was not operable during that time, there was not 2 means of egress and the mine was evacuated.",44,"The DC Loop contactor on the #3 hoist failed due to an electrical fault that could not be repaired within 30 minutes. Since the #3 hoist was not operable during that time, there was not 2 means of egress and the mine was evacuated.",False,,,,train_candidate
msha_000063,msha,no_injury_event,00,ACCIDENT ONLY,2026-06-08,2026,3003255,M,SURFACE AT UNDERGROUND,HOISTING,"Accident type, without injuries",NO VALUE FOUND,NO VALUE FOUND,NO VALUE FOUND,NO VALUE FOUND,,0,"Elevator, Skip, Cage, Buckets, Mancage, Slope car ",False,0,[],False,False,Production hoist stopped operating. Recycled start up procedure and hoist began to operate.,13,Production hoist stopped operating. Recycled start up procedure and hoist began to operate.,False,,,,train_candidate
msha_000067,msha,no_injury_event,00,ACCIDENT ONLY,2021-09-06,2021,3301184,M,MILL OPERATION/PREPARATION PLANT,FIRE,"Accident type, without injuries",NO VALUE FOUND,NO VALUE FOUND,NO VALUE FOUND,NO VALUE FOUND,,0,"Milling machinery, Block press, Ballast machine",False,0,[],False,False,"Unknown at this time. Alternative (Alt) fuel supply ignited within the Alt fuel baghouse, damaging the baghouse internals and feeder belt within the equipment.",24,"Unknown at this time. Alternative (Alt) fuel supply ignited within the Alt fuel baghouse, damaging the baghouse internals and feeder belt within the equipment.",False,,,,train_candidate
msha_000083,msha,no_injury_event,00,ACCIDENT ONLY,2025-02-03,2025,4105232,M,"STRIP, QUARY, OPEN PIT",MACHINERY,"Accident type, without injuries",NO VALUE FOUND,NO VALUE FOUND,NO VALUE FOUND,NO VALUE FOUND,,0,"Shovel, Power shovel, Backhoe, Trackhoe, Dragline - Big Muskie",False,0,[],False,False,Excavator was working to bring down boulders from top deck of mud-cell #1 of all the fresh shot and boulders. EE came down to the bottom and tried pulling boulders. The boulder was in back and sloughed off and rolled down into cab. breaking the glass.,46,Excavator was working to bring down boulders from top deck of mud-cell #1 of all the fresh shot and boulders. EE came down to the bottom and tried pulling boulders. The boulder was in back and sloughed off and rolled down into cab. breaking the glass.,False,,,,train_candidate
msha_000087,msha,no_injury_event,00,ACCIDENT ONLY,2023-02-27,2023,4404856,C,SURFACE AT UNDERGROUND,HOISTING,"Accident type, without injuries",NO VALUE FOUND,NO VALUE FOUND,NO VALUE FOUND,NO VALUE FOUND,,0,"Elevator, Skip, Cage, Buckets, Mancage, Slope car ",False,0,[],False,False,The loop control card went bad on the Page Service Hoist. This is a Friction Hoist.,16,The loop control card went bad on the Page Service Hoist. This is a Friction Hoist.,False,,,,train_candidate
msha_000088,msha,no_injury_event,00,ACCIDENT ONLY,2021-05-17,2021,4600015,M,MILL OPERATION/PREPARATION PLANT,FIRE,"Accident type, without injuries",NO VALUE FOUND,NO VALUE FOUND,NO VALUE FOUND,NO VALUE FOUND,,0,"Milling machinery, Block press, Ballast machine",False,0,[],False,False,Oil that lubricates the ring gear leaked onto the kiln which was determined to cause the ignition of the oil. The ring gear was fully guarded and the fire was under the guard. 911 was called immediately along with both Federal and State regulatory agencies. There was minimal damage found. There were no injuries.,54,Oil that lubricates the ring gear leaked onto the kiln which was determined to cause the ignition of the oil. The ring gear was fully guarded and the fire was under the guard. 911 was called immediately along with both Federal and State regulatory agencies. There was minimal damage found. There were no injuries.,False,,,,train_candidate
msha_000095,msha,no_injury_event,00,ACCIDENT ONLY,2025-03-11,2025,4608759,C,SURFACE AT UNDERGROUND,HOISTING,"Accident type, without injuries",NO VALUE FOUND,NO VALUE FOUND,NO VALUE FOUND,NO VALUE FOUND,,0,"Elevator, Skip, Cage, Buckets, Mancage, Slope car ",False,0,[],False,False,"At approximately 9:00 a.m., the Winifrede Slope Hoist was found to be non-operational, displaying a drum fault condition for over 30 minutes. Electricians are currently troubleshooting on-site and conducting necessary repairs. No accidents or entrapments have resulted from this issue, and personnel can safely enter and exit the mine. This is not an emergency escapeway.",55,"At approximately 9:00 a.m., the Winifrede Slope Hoist was found to be non-operational, displaying a drum fault condition for over 30 minutes. Electricians are currently troubleshooting on-site and conducting necessary repairs. No accidents or entrapments have resulted from this issue, and personnel can safely enter and exit the mine. This is not an emergency escapeway.",False,,,,train_candidate
msha_000098,msha,no_injury_event,00,ACCIDENT ONLY,2025-02-20,2025,4703644,M,MILL OPERATION/PREPARATION PLANT,FIRE,"Accident type, without injuries",NO VALUE FOUND,NO VALUE FOUND,NO VALUE FOUND,NO VALUE FOUND,,0,"Shovel, Power shovel, Backhoe, Trackhoe, Dragline - Big Muskie",False,0,[],False,False,While operating the Volvo 550 excavator a hydraulic leak started during operation that led to a fire in the engine compartment. The operator observed the fire and safely exited the equipment.,31,While operating the Volvo 550 excavator a hydraulic leak started during operation that led to a fire in the engine compartment. The operator observed the fire and safely exited the equipment.,False,,,,train_candidate
msha_000099,msha,permanent_impairment,02,PERM TOT OR PERM PRTL DISABLTY,2022-07-25,2022,4800083,C,"STRIP, QUARY, OPEN PIT",MACHINERY,"Caught in, under or between running or meshing objects",Hand tools (powered),"HOISTING APPARATUS,NEC",AMPUTATION OR ENUCLEATION,FINGER(S)/THUMB,37,1,"Tugger, Air winch, Air hoist, Air jack, Electric winch ",False,0,[],True,False,"Employee's right hand was caught between winch hook and winch fairlead opening resulting in the amputation of the right ring and middle finger approximately 1/2"" 1"" from the tip.",29,"Employee's right hand was caught between winch hook and winch fairlead opening resulting in the amputation of the right ring and middle finger approximately 1/2"" 1"" from the tip.",False,,,,train_candidate
msha_000103,msha,no_injury_event,00,ACCIDENT ONLY,2023-08-18,2023,4800977,C,"STRIP, QUARY, OPEN PIT",FIRE,"Accident type, without injuries",NO VALUE FOUND,NO VALUE FOUND,NO VALUE FOUND,NO VALUE FOUND,,0,NO VALUE FOUND,False,0,[],False,False,A series of three grass fires started along the railroad tracks west of the mine property and burned onto the mine. It took firefighting personnel over 30 minutes to extinguish the flames.,32,A series of three grass fires started along the railroad tracks west of the mine property and burned onto the mine. It took firefighting personnel over 30 minutes to extinguish the flames.,False,,,,train_candidate
msha_000110,msha,no_injury_event,00,ACCIDENT ONLY,2019-11-26,2019,0100851,C,SURFACE AT UNDERGROUND,HOISTING,"Accident type, without injuries",NO VALUE FOUND,NO VALUE FOUND,NO VALUE FOUND,NO VALUE FOUND,,0,"Elevator, Skip, Cage, Buckets, Mancage, Slope car ",False,0,[],False,False,This was a planned outage for the Material Hoist. The rope would not track right on the drum. The hoist rope was changed out to a new cable. MSHA was on site when this replacement was finished.,37,This was a planned outage for the Material Hoist. The rope would not track right on the drum. The hoist rope was changed out to a new cable. MSHA was on site when this replacement was finished.,False,,,,train_candidate
msha_000111,msha,no_injury_event,00,ACCIDENT ONLY,2019-10-20,2019,0102901,C,SURFACE AT UNDERGROUND,HOISTING,"Accident type, without injuries",NO VALUE FOUND,NO VALUE FOUND,NO VALUE FOUND,NO VALUE FOUND,,0,"Elevator, Skip, Cage, Buckets, Mancage, Slope car ",False,0,[],False,False,At approximately 9:30 am the service hoist on the Camp Creek side went down due to a E-Stop relay fault. During the investigation on the cause they found a bad wire going to the 24v card located in the PLC cabinet. The repair was made and the hoist was put back in service at 11:40am.,55,At approximately 9:30 am the service hoist on the Camp Creek side went down due to a E-Stop relay fault. During the investigation on the cause they found a bad wire going to the 24v card located in the PLC cabinet. The repair was made and the hoist was put back in service at 11:40am.,False,,,,train_candidate
msha_000112,msha,fatal,01,FATALITY,2022-01-28,2022,0200024,M,"STRIP, QUARY, OPEN PIT",POWERED HAULAGE,Struck against a moving object,Haulage or Dump truck,"HGHWY ORE CARIER,LRGE TRK","UNCLASSIFIED,NOT DETERMED","HEAD,NEC",,2,Ore haulage trucks -  on highway trucks,False,0,[],True,True,"Our mixer driver was hauling for Freeport McMoRan at their Morenci mine location, the load was rejected and sent back, driver followed the escort down a hill with a full load, lost brakes and turned the mixer on its driver's side.",41,"Our mixer driver was hauling for Freeport McMoRan at their Morenci mine location, the load was rejected and sent back, driver followed the escort down a hill with a full load, lost brakes and turned the mixer on its driver's side.",False,,,,train_candidate
msha_000114,msha,no_injury_event,00,ACCIDENT ONLY,2026-03-08,2026,0203398,M,SURFACE AT UNDERGROUND,HOISTING,"Accident type, without injuries",NO VALUE FOUND,NO VALUE FOUND,NO VALUE FOUND,NO VALUE FOUND,,0,"Elevator, Skip, Cage, Buckets, Mancage, Slope car ",False,0,[],False,False,"At 2:43pm on 3/8/2026 both hoists lost power. 12 miners were working in the vent shaft, 7 miners were working in the main shaft. Power was re-established to the vent shaft at 3:31PM. Power was re-established to the main shaft at 3:45. No injuries sustained due to loss of power.",50,"At 2:43pm on 3/8/2026 both hoists lost power. 12 miners were working in the vent shaft, 7 miners were working in the main shaft. Power was re-established to the vent shaft at 3:31PM. Power was re-established to the main shaft at 3:45. No injuries sustained due to loss of power.",False,,,,train_candidate
msha_000118,msha,permanent_impairment,02,PERM TOT OR PERM PRTL DISABLTY,2025-11-13,2025,0402542,M,MILL OPERATION/PREPARATION PLANT,MACHINERY,"Caught in, under or between running or meshing objects",Mill equipment,"MACHINE-MILL,CLEANING PLT",AMPUTATION OR ENUCLEATION,FINGER(S)/THUMB,29,1,"Milling machinery, Block press, Ballast machine",False,0,[],True,False,Docking lift gate level pulled in right index finger of EE into roller. Amputation of right index finger at 2nd knuckle.,21,Docking lift gate level pulled in right index finger of EE into roller. Amputation of right index finger at 2nd knuckle.,False,,,,train_candidate
msha_000121,msha,no_injury_event,00,ACCIDENT ONLY,2021-07-08,2021,0405701,M,MILL OPERATION/PREPARATION PLANT,FIRE,"Accident type, without injuries",NO VALUE FOUND,NO VALUE FOUND,NO VALUE FOUND,NO VALUE FOUND,,0,"Conveyor, Belt feeder, Stage loader, Hopper shaker, Belt structure",False,0,[],False,False,Hot clinker dumped from the pan conveyor onto the rubber conveyor belt causing the belt to heat up and burn. This was caused due to a programming error programmed by the manufacturer of the plant when a detection of hot clinker is identified.,43,Hot clinker dumped from the pan conveyor onto the rubber conveyor belt causing the belt to heat up and burn. This was caused due to a programming error programmed by the manufacturer of the plant when a detection of hot clinker is identified.,False,,,,train_candidate
msha_000125,msha,no_injury_event,00,ACCIDENT ONLY,2021-12-27,2021,1000082,M,SURFACE AT UNDERGROUND,HOISTING,"Accident type, without injuries",NO VALUE FOUND,NO VALUE FOUND,NO VALUE FOUND,NO VALUE FOUND,,0,"Elevator, Skip, Cage, Buckets, Mancage, Slope car ",False,0,[],False,False,"No. 3 Hoist #2 Side faulted on over speed would not clear fault. Points on Lilly were closed, had to disconnect Lilly drive shaft and turn Lilly back to bring over speed cam off cam follower so hoist would reset.",40,"No. 3 Hoist #2 Side faulted on over speed would not clear fault. Points on Lilly were closed, had to disconnect Lilly drive shaft and turn Lilly back to bring over speed cam off cam follower so hoist would reset.",False,,,,train_candidate
msha_000127,msha,no_injury_event,00,ACCIDENT ONLY,2025-04-16,2025,1000088,M,SURFACE AT UNDERGROUND,HOISTING,"Accident type, without injuries",NO VALUE FOUND,NO VALUE FOUND,NO VALUE FOUND,NO VALUE FOUND,,0,"Elevator, Skip, Cage, Buckets, Mancage, Slope car ",False,0,[],False,False,Lost incoming power to the mine site for a short period of time due to a weather event which caused the hoists to trip. The hoists and compressors needed to be reset and started back up. Hoists were back operational by 7:04 PM.,43,Lost incoming power to the mine site for a short period of time due to a weather event which caused the hoists to trip. The hoists and compressors needed to be reset and started back up. Hoists were back operational by 7:04 PM.,False,,,,train_candidate
msha_000130,msha,no_injury_event,00,ACCIDENT ONLY,2019-12-08,2019,1103143,C,MILL OPERATION/PREPARATION PLANT,FIRE,"Accident type, without injuries",NO VALUE FOUND,NO VALUE FOUND,NO VALUE FOUND,NO VALUE FOUND,,0,NO VALUE FOUND,False,0,[],False,False,Smoke was observed coming from the northeast side of the raw coal pile located near the Prairie Eagle East Portal. Actions were taken to treat and remove the affected material.,30,Smoke was observed coming from the northeast side of the raw coal pile located near the Prairie Eagle East Portal. Actions were taken to treat and remove the affected material.,False,,,"[""msha_000532"", ""msha_005160"", ""msha_006080"", ""msha_006583""]",train_candidate
msha_000132,msha,permanent_impairment,02,PERM TOT OR PERM PRTL DISABLTY,2007-03-30,2007,1302058,M,"STRIP, QUARY, OPEN PIT",HANDLING OF MATERIALS,"Caught in, under or between a moving and a stationary object",Handling supplies or material,METAL COVERS & GUARDS,AMPUTATION OR ENUCLEATION,FINGER(S)/THUMB,26,1,Ore haulage trucks - off highway trucks,True,2,"[""fracturing""]",True,False,Smashed right hand middle finger tip area in tailgate (fracturing) on dump truck.,13,Smashed right hand middle finger tip area in tailgate (fracturing) on dump truck.,False,,,,train_candidate
msha_000134,msha,permanent_impairment,02,PERM TOT OR PERM PRTL DISABLTY,2024-09-10,2024,1500087,M,MILL OPERATION/PREPARATION PLANT,HANDLING OF MATERIALS,"Caught in, under or between NEC",Machine maintenance,BELTS (NOT CONVEYOR),AMPUTATION OR ENUCLEATION,FINGER(S)/THUMB,0,1,"Front-end loader, Tractor-shovel, Payloader, Highlift, Skip loader",False,0,[],True,False,"Employee was installing a new air conditioner and alternator on a loader when EE's finger got caught in the belt, amputating the tip of EE's left middle finger up to the nail bed. Employee sought medical attention and is currently on restricted duty.",43,"Employee was installing a new air conditioner and alternator on a loader when EE's finger got caught in the belt, amputating the tip of EE's left middle finger up to the nail bed. Employee sought medical attention and is currently on restricted duty.",False,,,,train_candidate
msha_000143,msha,no_injury_event,00,ACCIDENT ONLY,2023-03-14,2023,2100831,M,MILL OPERATION/PREPARATION PLANT,FIRE,"Accident type, without injuries",NO VALUE FOUND,NO VALUE FOUND,NO VALUE FOUND,NO VALUE FOUND,,0,NO VALUE FOUND,False,0,[],False,False,Contractors were cutting holes in a section of chute in order to rig and remove it from the Pellet Plant Screen House. While cutting workers discovered a fire had started in the chute. Contractors notified their supervisor who then called 911. Fire department responded and extinguished the fire.,48,Contractors were cutting holes in a section of chute in order to rig and remove it from the Pellet Plant Screen House. While cutting workers discovered a fire had started in the chute. Contractors notified their supervisor who then called 911. Fire department responded and extinguished the fire.,False,,,,train_candidate
msha_000144,msha,no_injury_event,00,ACCIDENT ONLY,2023-10-10,2023,2102974,M,"STRIP, QUARY, OPEN PIT",FIRE,"Accident type, without injuries",NO VALUE FOUND,NO VALUE FOUND,NO VALUE FOUND,NO VALUE FOUND,,0,"Front-end loader, Tractor-shovel, Payloader, Highlift, Skip loader",False,0,[],False,False,Loader operator was working stockpile when they noticed flames in the engine compartment of CAT 980G Wheel Loader. Operator attempted to extinguish fire. Fire Department was called and it is presumed that they had the fire out in less than 30 minutes; Plant Manager called MSHA just in case (MSHA# 0399351). No injuries. Damage was contained to only the 980G.,60,Loader operator was working stockpile when they noticed flames in the engine compartment of CAT 980G Wheel Loader. Operator attempted to extinguish fire. Fire Department was called and it is presumed that they had the fire out in less than 30 minutes; Plant Manager called MSHA just in case (MSHA# 0399351). No injuries. Damage was contained to only the 980G.,False,,,,train_candidate
msha_000155,msha,no_injury_event,00,ACCIDENT ONLY,2020-07-07,2020,2602512,M,SURFACE AT UNDERGROUND,HOISTING,"Accident type, without injuries",NO VALUE FOUND,NO VALUE FOUND,NO VALUE FOUND,NO VALUE FOUND,,0,"Elevator, Skip, Cage, Buckets, Mancage, Slope car ",False,0,[],False,False,"During the pm/inspection of the service hoist, a crack in the yoke for the service hoist brake system was found.",20,"During the pm/inspection of the service hoist, a crack in the yoke for the service hoist brake system was found.",False,,,,train_candidate
msha_000162,msha,no_injury_event,00,ACCIDENT ONLY,2021-01-08,2021,3003255,M,SURFACE AT UNDERGROUND,HOISTING,"Accident type, without injuries",NO VALUE FOUND,NO VALUE FOUND,NO VALUE FOUND,NO VALUE FOUND,,0,"Elevator, Skip, Cage, Buckets, Mancage, Slope car ",False,0,[],False,False,The brake on the service hoist became out of adjustment when the hoisting engineer was doing the hoisting checks. The brake was adjusted after trouble shooting and placed back in service.,31,The brake on the service hoist became out of adjustment when the hoisting engineer was doing the hoisting checks. The brake was adjusted after trouble shooting and placed back in service.,False,,,,train_candidate
msha_000168,msha,no_injury_event,00,ACCIDENT ONLY,2024-08-01,2024,3401289,M,MILL OPERATION/PREPARATION PLANT,FIRE,"Accident type, without injuries",NO VALUE FOUND,NO VALUE FOUND,NO VALUE FOUND,NO VALUE FOUND,,0,NO VALUE FOUND,False,0,[],False,False,At 6:15 the #2 coal belt was staged down. At 7:15 the production supervisor saw smoke coming from the north side of the plant. At 7:25 the pryor fire department was called. During this time a head count was conducted. At 7:45 the fire department arrived onsite. At 8:00 the fire was put out. At 8:39 MSHA was called to report the fire.,63,At 6:15 the #2 coal belt was staged down. At 7:15 the production supervisor saw smoke coming from the north side of the plant. At 7:25 the pryor fire department was called. During this time a head count was conducted. At 7:45 the fire department arrived onsite. At 8:00 the fire was put out. At 8:39 MSHA was called to report the fire.,False,,,,train_candidate
msha_000177,msha,no_injury_event,00,ACCIDENT ONLY,2023-11-01,2023,3609322,C,"STRIP, QUARY, OPEN PIT",FIRE,"Accident type, without injuries",NO VALUE FOUND,NO VALUE FOUND,NO VALUE FOUND,NO VALUE FOUND,,0,"Carriage-mounted drills, Rail, Rubber-tired, Jumbo, Air-track drill",False,0,[],False,False,"IR DMM2 drill, CO# 114. Hydraulic line burst while drill was in operation causing fluid to spray on engine which created an instantaneous fire. Drill operator immediately exited drill with no injuries. Fire was contained by site personal using fire extinguishers and site water truck.",45,"IR DMM2 drill, CO# 114. Hydraulic line burst while drill was in operation causing fluid to spray on engine which created an instantaneous fire. Drill operator immediately exited drill with no injuries. Fire was contained by site personal using fire extinguishers and site water truck.",False,,,,train_candidate
msha_000178,msha,fatal,01,FATALITY,2025-02-22,2025,3900022,M,MILL OPERATION/PREPARATION PLANT,POWERED HAULAGE,"Caught in, under or between NEC",Front-end loader,"BRICK,CERAMIC",CRUSHING,MULTIPLE PARTS (MORE THAN ONE MAJOR),,1,"Front-end loader, Tractor-shovel, Payloader, Highlift, Skip loader",False,0,[],True,True,"A miner received fatal injuries. After a bridge collapsed that the miner was operating a skid steer loader on. The miner was clearing refractory brick form a rotary kiln. The bridge that was installed by the property owner collapsed. The skid steer fell approximately 10 feet into a hopper, causing the payload of brick to engulf the operator causing fatal wounds.",61,"A miner received fatal injuries. After a bridge collapsed that the miner was operating a skid steer loader on. The miner was clearing refractory brick form a rotary kiln. The bridge that was installed by the property owner collapsed. The skid steer fell approximately 10 feet into a hopper, causing the payload of brick to engulf the operator causing fatal wounds.",False,,,,train_candidate
msha_000185,msha,no_injury_event,00,ACCIDENT ONLY,2021-03-01,2021,4404856,C,SURFACE AT UNDERGROUND,HOISTING,"Accident type, without injuries",NO VALUE FOUND,NO VALUE FOUND,NO VALUE FOUND,NO VALUE FOUND,,0,"Elevator, Skip, Cage, Buckets, Mancage, Slope car ",False,0,[],False,False,Wire burned or broken off the #1 pump Contactor for the Horn Mountain Hoist braking system,16,Wire burned or broken off the #1 pump Contactor for the Horn Mountain Hoist braking system,False,,,,train_candidate
msha_000194,msha,no_injury_event,00,ACCIDENT ONLY,2025-11-10,2025,4609028,C,SURFACE AT UNDERGROUND,HOISTING,"Accident type, without injuries",NO VALUE FOUND,NO VALUE FOUND,NO VALUE FOUND,NO VALUE FOUND,,0,"Elevator, Skip, Cage, Buckets, Mancage, Slope car ",False,0,[],False,False,F-Mine elevator was down due to intermittent faults. No employees were on the elevator. This incident was immediately reported.,19,F-Mine elevator was down due to intermittent faults. No employees were on the elevator. This incident was immediately reported.,False,,,,train_candidate
msha_000203,msha,no_injury_event,00,ACCIDENT ONLY,2019-07-24,2019,4800977,C,"STRIP, QUARY, OPEN PIT",FIRE,"Accident type, without injuries",NO VALUE FOUND,NO VALUE FOUND,NO VALUE FOUND,NO VALUE FOUND,,0,NO VALUE FOUND,False,0,[],False,False,Smoke was discovered in the 6W coal pit at the top edge of the coal face. The smoke was not extinguished in 30 minutes. No miners or mine equipment were at risk during this event.,35,Smoke was discovered in the 6W coal pit at the top edge of the coal face. The smoke was not extinguished in 30 minutes. No miners or mine equipment were at risk during this event.,False,,,"[""msha_001254"", ""msha_006565"", ""msha_006651""]",train_candidate
msha_000204,msha,no_injury_event,00,ACCIDENT ONLY,2024-06-27,2024,4801034,C,"STRIP, QUARY, OPEN PIT",FIRE,"Accident type, without injuries",NO VALUE FOUND,NO VALUE FOUND,NO VALUE FOUND,NO VALUE FOUND,,0,NO VALUE FOUND,False,0,[],False,False,Smoker was identified in Area 8. No personnel or resources at risk.,12,Smoker was identified in Area 8. No personnel or resources at risk.,False,,,"[""msha_003936""]",train_candidate
msha_000205,msha,no_injury_event,00,ACCIDENT ONLY,2025-09-15,2025,4801200,C,"STRIP, QUARY, OPEN PIT",FIRE,"Accident type, without injuries",NO VALUE FOUND,NO VALUE FOUND,NO VALUE FOUND,NO VALUE FOUND,,0,NO VALUE FOUND,False,0,[],False,False,We had a Smoker on our Anderson coal seam bench. We got our RTD working on getting them out.,19,We had a Smoker on our Anderson coal seam bench. We got our RTD working on getting them out.,False,,,,train_candidate
msha_000209,msha,no_injury_event,00,ACCIDENT ONLY,2026-01-16,2026,5001616,M,"STRIP, QUARY, OPEN PIT",FIRE,"Accident type, without injuries",NO VALUE FOUND,NO VALUE FOUND,NO VALUE FOUND,NO VALUE FOUND,,0,"Trucks, Service truck, Utility truck, Pickup, Water truck, Fuel truck",False,0,[],False,False,"Until the fire investigation is complete, we are unable to determine the cause of the fire to the truck.",19,"Until the fire investigation is complete, we are unable to determine the cause of the fire to the truck.",False,,,,train_candidate
msha_000214,msha,no_injury_event,00,ACCIDENT ONLY,2020-08-08,2020,0200001,M,"STRIP, QUARY, OPEN PIT",FIRE,"Accident type, without injuries",NO VALUE FOUND,NO VALUE FOUND,NO VALUE FOUND,NO VALUE FOUND,,0,NO VALUE FOUND,False,0,[],False,False,"A brush fire started along the railroad tracks adjacent to the facility (on mine property but not part of the mining operation) as the Railroad company was moving rail cars. Fire discovered at 12:23. Reported to MSHA 800# (not extinguished in 30 min) @ 12:56. Fire extinguished at 13:35. Fire did not make it into the plant. No injuries, no plant equipment involved.",63,"A brush fire started along the railroad tracks adjacent to the facility (on mine property but not part of the mining operation) as the Railroad company was moving rail cars. Fire discovered at 12:23. Reported to MSHA 800# (not extinguished in 30 min) @ 12:56. Fire extinguished at 13:35. Fire did not make it into the plant. No injuries, no plant equipment involved.",False,,,,train_candidate
msha_000215,msha,no_injury_event,00,ACCIDENT ONLY,2019-06-23,2019,0200024,M,"STRIP, QUARY, OPEN PIT",FIRE,"Accident type, without injuries",NO VALUE FOUND,NO VALUE FOUND,NO VALUE FOUND,NO VALUE FOUND,,0,"Shovel, Power shovel, Backhoe, Trackhoe, Dragline - Big Muskie",False,0,[],False,False,"An employee was air arcing a two and a half inch crack on the front hoist lug. They began welding and another employee noticed smoke, and they evacuated the shovel. Employees were not injured and no damage was found to the shovel.",42,"An employee was air arcing a two and a half inch crack on the front hoist lug. They began welding and another employee noticed smoke, and they evacuated the shovel. Employees were not injured and no damage was found to the shovel.",False,,,,train_candidate
msha_000225,msha,fatal,01,FATALITY,2025-12-10,2025,0801282,M,"STRIP, QUARY, OPEN PIT",MACHINERY,Drowning,"Power shovel, Dragline",SURFACE MINING MACHINES,"SUFFOC,SMOK INHILAT,DROWN",BODY SYSTEMS,,2,"Shovel, Power shovel, Backhoe, Trackhoe, Dragline - Big Muskie",False,0,[],True,True,EE died after the dragline EE was operating slid into a water-filled pit.,13,EE died after the dragline EE was operating slid into a water-filled pit.,False,,,"[""msha_004293""]",train_candidate
msha_000229,msha,no_injury_event,00,ACCIDENT ONLY,2023-05-09,2023,1000088,M,SURFACE AT UNDERGROUND,HOISTING,"Accident type, without injuries",NO VALUE FOUND,NO VALUE FOUND,NO VALUE FOUND,NO VALUE FOUND,,0,"Elevator, Skip, Cage, Buckets, Mancage, Slope car ",False,0,[],False,False,A lightning strike caused one of our main Avista (Power Company) transformer to break down. We lost all power to the site and could not operate the Silver Shaft Hoist.,30,A lightning strike caused one of our main Avista (Power Company) transformer to break down. We lost all power to the site and could not operate the Silver Shaft Hoist.,False,,,,train_candidate
msha_000232,msha,no_injury_event,00,ACCIDENT ONLY,2024-08-27,2024,1103143,C,MILL OPERATION/PREPARATION PLANT,FIRE,"Accident type, without injuries",NO VALUE FOUND,NO VALUE FOUND,NO VALUE FOUND,NO VALUE FOUND,,0,NO VALUE FOUND,False,0,[],False,False,A hot spot was discovered on the northwest side of the PE clean coal pile. No one was injured. The affected material is being moved from the property.,28,A hot spot was discovered on the northwest side of the PE clean coal pile. No one was injured. The affected material is being moved from the property.,False,,,,train_candidate
msha_000233,msha,no_injury_event,00,ACCIDENT ONLY,2019-02-04,2019,1103147,C,SURFACE AT UNDERGROUND,FIRE,"Accident type, without injuries",NO VALUE FOUND,NO VALUE FOUND,NO VALUE FOUND,NO VALUE FOUND,,0,NO VALUE FOUND,False,0,[],False,False,"This is being reported due to citation #9192713, issued on 2-11-19. A hot spot occurred on the west side of the raw coal pile at the Prairie Eagle East portal.",30,"This is being reported due to citation #9192713, issued on 2-11-19. A hot spot occurred on the west side of the raw coal pile at the Prairie Eagle East portal.",False,,,,train_candidate
msha_000235,msha,permanent_impairment,02,PERM TOT OR PERM PRTL DISABLTY,2023-04-13,2023,1200136,M,MILL OPERATION/PREPARATION PLANT,MACHINERY,"Caught in, under or between a moving and a stationary object","Crusher, Breaker","DRIL-PRCUSV,HRD ROC,JKHMR",AMPUTATION OR ENUCLEATION,FINGER(S)/THUMB,16,1,"Rock drill, Jackleg, Airleg, Drifter, Stoper, Buzzy, Jackhammer",False,0,[],True,False,A miner was looking down inside the Jaw to guide the operator of the rock hammer down onto the rock that was stuck. The rock breaker slipped off of the rock causing it to strike the right hand of the miner in between the back of the jaw crusher and the hammer while guiding the hammer into place. A severe hand injury occurred resulting in the loss of 3 fingers.,70,A miner was looking down inside the Jaw to guide the operator of the rock hammer down onto the rock that was stuck. The rock breaker slipped off of the rock causing it to strike the right hand of the miner in between the back of the jaw crusher and the hammer while guiding the hammer into place. A severe hand injury occurred resulting in the loss of 3 fingers.,False,,,,train_candidate
msha_000253,msha,no_injury_event,00,ACCIDENT ONLY,2024-01-06,2024,2003356,M,MILL OPERATION/PREPARATION PLANT,FIRE,"Accident type, without injuries",NO VALUE FOUND,NO VALUE FOUND,NO VALUE FOUND,NO VALUE FOUND,,0,"Milling machinery, Block press, Ballast machine",False,0,[],False,False,The oil for the Girth Gear caught fire. Employees slowed the Kiln down and got the fire out. The Girth Gear is encased in steel. Once the fire was out employees removed the guarding and cleaned it out.,38,The oil for the Girth Gear caught fire. Employees slowed the Kiln down and got the fire out. The Girth Gear is encased in steel. Once the fire was out employees removed the guarding and cleaned it out.,False,,,,train_candidate
msha_000259,msha,permanent_impairment,02,PERM TOT OR PERM PRTL DISABLTY,2023-11-28,2023,2401490,M,SURFACE AT UNDERGROUND,MACHINERY,Struck by... NEC,Hand tools (powered),POWER SAW,AMPUTATION OR ENUCLEATION,FINGER(S)/THUMB,27,1,Hand tools (powered),False,0,[],True,False,Employee cut left middle finger tip off while using an electric skill saw cutting a piece of plywood standing vertical when saw blade made contact with finger.,27,Employee cut left middle finger tip off while using an electric skill saw cutting a piece of plywood standing vertical when saw blade made contact with finger.,False,,,,train_candidate
msha_000260,msha,no_injury_event,00,ACCIDENT ONLY,2024-09-03,2024,2401747,C,"STRIP, QUARY, OPEN PIT",FIRE,"Accident type, without injuries",NO VALUE FOUND,NO VALUE FOUND,NO VALUE FOUND,NO VALUE FOUND,,0,NO VALUE FOUND,False,0,[],False,False,"Employees were at the scene when the event occurred, and the fire was quickly extinguished, less than half an hour. When investigating the event, the bag house was found to have a faulty level indicator not allowing the system to work correctly and dump the coal dust on the belt.",50,"Employees were at the scene when the event occurred, and the fire was quickly extinguished, less than half an hour. When investigating the event, the bag house was found to have a faulty level indicator not allowing the system to work correctly and dump the coal dust on the belt.",False,,,,train_candidate
msha_000261,msha,no_injury_event,00,ACCIDENT ONLY,2020-08-07,2020,2401879,M,UNDERGROUND,EXPLOSIVES AND BREAKING AGENTS,"Accident type, without injuries",NO VALUE FOUND,NO VALUE FOUND,NO VALUE FOUND,NO VALUE FOUND,,0,NO VALUE FOUND,False,0,[],False,False,A panel round was shot out of sequence at the end of shift which caused blast smoke to travel up the 685 ramp exposing the miners in the area to the blast smoke.,33,A panel round was shot out of sequence at the end of shift which caused blast smoke to travel up the 685 ramp exposing the miners in the area to the blast smoke.,False,,,,train_candidate
msha_000264,msha,fatal,01,FATALITY,2022-03-04,2022,2602007,M,"STRIP, QUARY, OPEN PIT",MACHINERY,Struck against a moving object,Bulldozer,SURFACE MINING MACHINES,MULTIPLE INJURIES,"HEAD,NEC",,1,"Bulldozer, Dozer, Crawler tractor, Push cat",False,0,[],True,True,"Dozer was supposed to be pushing into slot to push out to loader on top Bench, EE slid off top bench onto a shelf that was bermed off, EE then pushed a large rock over the edge and stopped. EE moved forward and slid off shelf blade first and landed on blade, EE rolled to the right and off shelf then flipped 3 times and landed on top of cab on the ground.",73,"Dozer was supposed to be pushing into slot to push out to loader on top Bench, EE slid off top bench onto a shelf that was bermed off, EE then pushed a large rock over the edge and stopped. EE moved forward and slid off shelf blade first and landed on blade, EE rolled to the right and off shelf then flipped 3 times and landed on top of cab on the ground.",False,,,,train_candidate
msha_000268,msha,no_injury_event,00,ACCIDENT ONLY,2023-04-14,2023,3000075,M,"STRIP, QUARY, OPEN PIT",FIRE,"Accident type, without injuries",NO VALUE FOUND,NO VALUE FOUND,NO VALUE FOUND,NO VALUE FOUND,,0,NO VALUE FOUND,False,0,[],False,False,Around 2pm a CSX freight train caused fires in the surrounding areas along the tracks due to a locked up wheel. Around 6:10pm the fires made their way to mine property. No injuries or major damage occurred on mine property but the brush fire burned semi controlled for longer than 30 minutes. MSHA was called at 6:34pm.,57,Around 2pm a CSX freight train caused fires in the surrounding areas along the tracks due to a locked up wheel. Around 6:10pm the fires made their way to mine property. No injuries or major damage occurred on mine property but the brush fire burned semi controlled for longer than 30 minutes. MSHA was called at 6:34pm.,False,,,,train_candidate
msha_000281,msha,permanent_impairment,02,PERM TOT OR PERM PRTL DISABLTY,2022-10-28,2022,3401289,M,MILL OPERATION/PREPARATION PLANT,MACHINERY,"Caught in, under or between running or meshing objects",Mill equipment,"MACHINE-MILL,CLEANING PLT",AMPUTATION OR ENUCLEATION,FINGER(S)/THUMB,40,1,"Milling machinery, Block press, Ballast machine",False,0,[],True,False,Was feeding a steel strap into a rolling machine and the glove on left hand was caught by the roller and pulled in. The ring finger on left hand was crushed up to the first joint and removed by Doctor at the first joint.,44,Was feeding a steel strap into a rolling machine and the glove on left hand was caught by the roller and pulled in. The ring finger on left hand was crushed up to the first joint and removed by Doctor at the first joint.,False,,,,train_candidate
msha_000282,msha,no_injury_event,00,ACCIDENT ONLY,2026-06-04,2026,3502970,M,"STRIP, QUARY, OPEN PIT",FIRE,"Accident type, without injuries",NO VALUE FOUND,NO VALUE FOUND,NO VALUE FOUND,NO VALUE FOUND,,0,NO VALUE FOUND,False,0,[],False,False,The gate to the Tire System was left open and the heat from the kiln caught a tire on fire which lead to the belt line. We were able to contain the fire to the system itself and no other area was affected.,43,The gate to the Tire System was left open and the heat from the kiln caught a tire on fire which lead to the belt line. We were able to contain the fire to the system itself and no other area was affected.,False,,,,train_candidate
msha_000286,msha,no_injury_event,00,ACCIDENT ONLY,2022-03-19,2022,3605018,C,UNDERGROUND,MACHINERY,"Accident type, without injuries",NO VALUE FOUND,NO VALUE FOUND,NO VALUE FOUND,NO VALUE FOUND,,0,"Longwall subparts, Duke, Dowdy jack, Ramjack, Longwall shield",False,0,[],False,False,The number 2 and 3 shields dug into the bottom and tipped down at the intersection of #10 cross cut. this was not allowing the Shields to be pulled in.,30,The number 2 and 3 shields dug into the bottom and tipped down at the intersection of #10 cross cut. this was not allowing the Shields to be pulled in.,False,,,,train_candidate
msha_000291,msha,permanent_impairment,02,PERM TOT OR PERM PRTL DISABLTY,2023-12-09,2023,3800013,M,"STRIP, QUARY, OPEN PIT",HANDLING OF MATERIALS,Struck by falling object,Machine maintenance,"METAL,NEC(PIPE,WIRE,NAIL)",AMPUTATION OR ENUCLEATION,FINGER(S)/THUMB,0,1,NO VALUE FOUND,False,0,[],True,False,While performing maintenance a bearing moved unexpectedly allowing the pulley to drop resulting in amputation of the tip of the employee's finger.,22,While performing maintenance a bearing moved unexpectedly allowing the pulley to drop resulting in amputation of the tip of the employee's finger.,False,,,,train_candidate
msha_000295,msha,permanent_impairment,02,PERM TOT OR PERM PRTL DISABLTY,2022-01-04,2022,4105126,M,"STRIP, QUARY, OPEN PIT",HANDLING OF MATERIALS,Over-exertion NEC,Inspect equipment or mine,BELT CONVEYORS,HERNIA;RUPTURE,ABDOMEN/INTERNAL ORGANS,,1,"Conveyor, Belt feeder, Stage loader, Hopper shaker, Belt structure",False,0,[],True,False,"Miner was leaning over pressing stomach against a head pulley drum performing return roller idler inspection, when EE straightened back up miner reports EE heard a pop in EE's stomach. EE was examined at a clinic the next day diagnosed with a umbilical hernia.",44,"Miner was leaning over pressing stomach against a head pulley drum performing return roller idler inspection, when EE straightened back up miner reports EE heard a pop in EE's stomach. EE was examined at a clinic the next day diagnosed with a umbilical hernia.",False,,,,train_candidate
msha_000296,msha,fatal,01,FATALITY,2025-05-01,2025,4105317,M,"STRIP, QUARY, OPEN PIT",FALLING/SLIDING/ROLLING MATERIALS,Struck by rolling or sliding object,"Power shovel, Dragline","BROKEN ROCK,COAL,ORE,WSTE","UNCLASSIFIED,NOT DETERMED",MULTIPLE PARTS (MORE THAN ONE MAJOR),,1,"Shovel, Power shovel, Backhoe, Trackhoe, Dragline - Big Muskie",False,0,[],True,True,"EE was operating an excavator in Pit 2 at SPS Atascosa. Pit 2 is located between two tailings ponds. 9:18 AM one of the tailings ponds breached causing tailings mixture to flow into the work site. Tailings mixture tipped over the excavator EE was operating cab side down. The front window broke, tailings mixture engulfed the cab & 75% of the vehicle. Employee could not escape.",66,"EE was operating an excavator in Pit 2 at SPS Atascosa. Pit 2 is located between two tailings ponds. 9:18 AM one of the tailings ponds breached causing tailings mixture to flow into the work site. Tailings mixture tipped over the excavator EE was operating cab side down. The front window broke, tailings mixture engulfed the cab & 75% of the vehicle. Employee could not escape.",False,,,,train_candidate
msha_000305,msha,no_injury_event,00,ACCIDENT ONLY,2022-06-09,2022,4601968,C,MILL OPERATION/PREPARATION PLANT,ELECTRICAL,"Accident type, without injuries",NO VALUE FOUND,NO VALUE FOUND,NO VALUE FOUND,NO VALUE FOUND,,0,NO VALUE FOUND,False,0,[],False,False,"At approx. 10:10PM on 6/8/22, power was lost at the Wana surface facility. On 6/9/22 at approx. 5:54AM, power was restored, and at approx. 6:10AM smoke/fire was observed coming from the Maintenance/Storage Building. Fire departments were notified and dispatched to extinguish the fire. It was determined to have mostly been caused from an electrical component failure.",56,"At approx. 10:10PM on 6/8/22, power was lost at the Wana surface facility. On 6/9/22 at approx. 5:54AM, power was restored, and at approx. 6:10AM smoke/fire was observed coming from the Maintenance/Storage Building. Fire departments were notified and dispatched to extinguish the fire. It was determined to have mostly been caused from an electrical component failure.",False,,,,train_candidate
msha_000312,msha,no_injury_event,00,ACCIDENT ONLY,2020-02-16,2020,4608878,C,SURFACE AT UNDERGROUND,HOISTING,"Accident type, without injuries",NO VALUE FOUND,NO VALUE FOUND,NO VALUE FOUND,NO VALUE FOUND,,0,"Elevator, Skip, Cage, Buckets, Mancage, Slope car ",False,0,[],False,False,At approximately 2:10 p.m. the service hoist went down due to electrical issues. All employees were evacuated and no one was injured or trapped. The service hoist was repaired and placed back in service.,34,At approximately 2:10 p.m. the service hoist went down due to electrical issues. All employees were evacuated and no one was injured or trapped. The service hoist was repaired and placed back in service.,False,,,,train_candidate
msha_000314,msha,no_injury_event,00,ACCIDENT ONLY,2019-12-19,2019,4700587,M,MILL OPERATION/PREPARATION PLANT,FIRE,"Accident type, without injuries",NO VALUE FOUND,NO VALUE FOUND,NO VALUE FOUND,NO VALUE FOUND,,0,NO VALUE FOUND,False,0,[],False,False,Coal fire (smoldering) in the coal yard. HEO notified management. Management called MSHA online. Have been working on extinguishing fire this past week.,23,Coal fire (smoldering) in the coal yard. HEO notified management. Management called MSHA online. Have been working on extinguishing fire this past week.,False,,,,train_candidate
msha_000318,msha,no_injury_event,00,ACCIDENT ONLY,2019-10-03,2019,4801353,C,"STRIP, QUARY, OPEN PIT",FIRE,"Accident type, without injuries",NO VALUE FOUND,NO VALUE FOUND,NO VALUE FOUND,NO VALUE FOUND,,0,NO VALUE FOUND,False,0,[],False,False,A coal smoker was observed and was not extinguished within 30 minutes.,12,A coal smoker was observed and was not extinguished within 30 minutes.,False,,,,train_candidate
msha_000319,msha,no_injury_event,00,ACCIDENT ONLY,2025-09-23,2025,4801353,C,"STRIP, QUARY, OPEN PIT",FIRE,"Accident type, without injuries",NO VALUE FOUND,NO VALUE FOUND,NO VALUE FOUND,NO VALUE FOUND,,0,NO VALUE FOUND,False,0,[],False,False,Spontaneous combustion in the upper rider seam of coal in the Middle pit. The pit is currently inactive.,18,Spontaneous combustion in the upper rider seam of coal in the Middle pit. The pit is currently inactive.,False,,,,train_candidate
msha_000327,msha,no_injury_event,00,ACCIDENT ONLY,2021-10-24,2021,0100851,C,SURFACE AT UNDERGROUND,HOISTING,"Accident type, without injuries",NO VALUE FOUND,NO VALUE FOUND,NO VALUE FOUND,NO VALUE FOUND,,0,"Elevator, Skip, Cage, Buckets, Mancage, Slope car ",False,0,[],False,False,During the daily exam of the hoist an issue was found with a pressure transducer when the static brake test was completed. The hoist was taken out of service until the pressure transducer could be repaired. The hoist was repaired and tested before being placed back into service.,48,During the daily exam of the hoist an issue was found with a pressure transducer when the static brake test was completed. The hoist was taken out of service until the pressure transducer could be repaired. The hoist was repaired and tested before being placed back into service.,False,,,,train_candidate
msha_000328,msha,no_injury_event,00,ACCIDENT ONLY,2022-10-19,2022,0100851,C,SURFACE AT UNDERGROUND,HOISTING,"Accident type, without injuries",NO VALUE FOUND,NO VALUE FOUND,NO VALUE FOUND,NO VALUE FOUND,,0,"Elevator, Skip, Cage, Buckets, Mancage, Slope car ",False,0,[],False,False,The SP Material Hoist was taken out of service due to an E-Stop fault. A wire was repaired and the hoist was tested prior to being placed back into service. MSHA was notified via the hotline.,36,The SP Material Hoist was taken out of service due to an E-Stop fault. A wire was repaired and the hoist was tested prior to being placed back into service. MSHA was notified via the hotline.,False,,,,train_candidate
msha_000329,msha,no_injury_event,00,ACCIDENT ONLY,2024-10-01,2024,0100851,C,SURFACE AT UNDERGROUND,HOISTING,"Accident type, without injuries",NO VALUE FOUND,NO VALUE FOUND,NO VALUE FOUND,NO VALUE FOUND,,0,"Elevator, Skip, Cage, Buckets, Mancage, Slope car ",False,0,[],False,False,"The SP Elevator was taken out of service due an inoperable door switch. The switch was replaced, the elevator was tested, and placed back in service.",26,"The SP Elevator was taken out of service due an inoperable door switch. The switch was replaced, the elevator was tested, and placed back in service.",False,,,,train_candidate
msha_000333,msha,no_injury_event,00,ACCIDENT ONLY,2022-11-16,2022,0400219,M,"STRIP, QUARY, OPEN PIT",MACHINERY,"Accident type, without injuries",NO VALUE FOUND,NO VALUE FOUND,NO VALUE FOUND,NO VALUE FOUND,,0,"Bulldozer, Dozer, Crawler tractor, Push cat",False,0,[],False,False,"While operator was pushing material, the dozer began to slide sideways away from the highwall. Eventually, leading the vehicle to slide down and roll over once and back upright. Immediate drug and alcohol testing was performed. Operator was seen by a physician. Physician did not find any injuries. Results returned positive for alcohol.",53,"While operator was pushing material, the dozer began to slide sideways away from the highwall. Eventually, leading the vehicle to slide down and roll over once and back upright. Immediate drug and alcohol testing was performed. Operator was seen by a physician. Physician did not find any injuries. Results returned positive for alcohol.",False,,,,train_candidate
msha_000338,msha,no_injury_event,00,ACCIDENT ONLY,2024-06-10,2024,1103143,C,MILL OPERATION/PREPARATION PLANT,FIRE,"Accident type, without injuries",NO VALUE FOUND,NO VALUE FOUND,NO VALUE FOUND,NO VALUE FOUND,,0,NO VALUE FOUND,False,0,[],False,False,A hot spot was discovered on the southeast side of the PEEP raw coal pad. No one was injured. The affected material was moved to be washed.,27,A hot spot was discovered on the southeast side of the PEEP raw coal pad. No one was injured. The affected material was moved to be washed.,False,,,,train_candidate
msha_000341,msha,no_injury_event,00,ACCIDENT ONLY,2023-08-22,2023,1202418,C,SURFACE AT UNDERGROUND,HOISTING,"Accident type, without injuries",NO VALUE FOUND,NO VALUE FOUND,NO VALUE FOUND,NO VALUE FOUND,,0,"Elevator, Skip, Cage, Buckets, Mancage, Slope car ",False,0,[],False,False,MSHA inspector was on site testing hoist functions when the safety catch test failed. The hoist was placed out of service and phoned in. The hoist was then tested in the same way that it was commissioned and the safety catches passed.,42,MSHA inspector was on site testing hoist functions when the safety catch test failed. The hoist was placed out of service and phoned in. The hoist was then tested in the same way that it was commissioned and the safety catches passed.,False,,,,train_candidate
msha_000374,msha,fatal,01,FATALITY,2026-04-30,2026,3503255,M,"STRIP, QUARY, OPEN PIT",SLIP OR FALL OF PERSON,Fall from machine,Handling supplies or material,GROUND,CRUSHING,MULTIPLE PARTS (MORE THAN ONE MAJOR),,1,"Machine, NEC - Wheelbarrow, Well drilling Rig, Post hole auger",False,0,[],True,True,"The employee was tasked with helping fill water tank. EE was found about 30 minutes later laying face down saying EE was hurt and needed help. At this point it appears that the weight of the trailer shifted off the cribbing under the landing gears and caused the trailer to overturn, either striking against or rolling over the miner.",59,"The employee was tasked with helping fill water tank. EE was found about 30 minutes later laying face down saying EE was hurt and needed help. At this point it appears that the weight of the trailer shifted off the cribbing under the landing gears and caused the trailer to overturn, either striking against or rolling over the miner.",False,,,,train_candidate
msha_000380,msha,permanent_impairment,02,PERM TOT OR PERM PRTL DISABLTY,2025-03-25,2025,3700064,M,"STRIP, QUARY, OPEN PIT",POWERED HAULAGE,"Caught in, under or between running or meshing objects",Machine maintenance,BELT CONVEYORS,AMPUTATION OR ENUCLEATION,FINGER(S)/THUMB,,1,"Conveyor, Belt feeder, Stage loader, Hopper shaker, Belt structure",False,0,[],True,False,Employee was pulling on the v belts and misunderstood direction from supervisor. Employee's hand was in harms way when belt energized. Middle and ring fingers of right hand were severed,30,Employee was pulling on the v belts and misunderstood direction from supervisor. Employee's hand was in harms way when belt energized. Middle and ring fingers of right hand were severed,False,,,,train_candidate
msha_000383,msha,fatal,01,FATALITY,2022-11-05,2022,4000840,M,MILL OPERATION/PREPARATION PLANT,OTHER,"Caught in, under or between collapsing material or buildings","Walking, Running","BROKEN ROCK,COAL,ORE,WSTE","SUFFOC,SMOK INHILAT,DROWN",BODY SYSTEMS,,1,"Conveyor, Belt feeder, Stage loader, Hopper shaker, Belt structure",False,0,[],True,True,Employee was operating front end loader in the coal shed. For unknown reasons employee left the loader and was engulfed in the coal pile near the grizzly bars for the feeding system.,32,Employee was operating front end loader in the coal shed. For unknown reasons employee left the loader and was engulfed in the coal pile near the grizzly bars for the feeding system.,False,,,,train_candidate
msha_000397,msha,no_injury_event,00,ACCIDENT ONLY,2025-09-02,2025,4404856,C,SURFACE AT UNDERGROUND,HOISTING,"Accident type, without injuries",NO VALUE FOUND,NO VALUE FOUND,NO VALUE FOUND,NO VALUE FOUND,,0,"Elevator, Skip, Cage, Buckets, Mancage, Slope car ",False,0,[],False,False,The safety catches for the Production Hoist Columbia mini-Cage hoist would not work during a hoisting examination. The Safety Catches were repaired/replaced on 9/2/25 @ 3:30 PM and put back into service.,32,The safety catches for the Production Hoist Columbia mini-Cage hoist would not work during a hoisting examination. The Safety Catches were repaired/replaced on 9/2/25 @ 3:30 PM and put back into service.,False,,,,train_candidate
msha_000399,msha,permanent_impairment,02,PERM TOT OR PERM PRTL DISABLTY,2022-03-14,2022,4500191,M,MILL OPERATION/PREPARATION PLANT,MACHINERY,"Caught in, under or between a moving and a stationary object",Inspect equipment or mine,"DRUM,PULY,SHEAVE-NT CONVY",AMPUTATION OR ENUCLEATION,FINGER(S)/THUMB,6,1,"Crusher, Breaker, Mills (ball and rod), Feeder breaker",False,0,[],True,False,"The miner was checking the tension of the belts on the Cimco horizontal crusher. When the miner rolled the belts, EE's right middle finger was pulled into the pulley, severing it at the first knuckle below the fingernail.",38,"The miner was checking the tension of the belts on the Cimco horizontal crusher. When the miner rolled the belts, EE's right middle finger was pulled into the pulley, severing it at the first knuckle below the fingernail.",False,,,,train_candidate
msha_000406,msha,no_injury_event,00,ACCIDENT ONLY,2019-12-03,2019,4608759,C,SURFACE AT UNDERGROUND,HOISTING,"Accident type, without injuries",NO VALUE FOUND,NO VALUE FOUND,NO VALUE FOUND,NO VALUE FOUND,,0,"Elevator, Skip, Cage, Buckets, Mancage, Slope car ",False,0,[],False,False,The lilly controller needed adjusted and the hoist was removed from service.,12,The lilly controller needed adjusted and the hoist was removed from service.,False,,,,train_candidate
msha_000407,msha,no_injury_event,00,ACCIDENT ONLY,2019-11-27,2019,4608878,C,SURFACE AT UNDERGROUND,HOISTING,"Accident type, without injuries",NO VALUE FOUND,NO VALUE FOUND,NO VALUE FOUND,NO VALUE FOUND,,0,"Elevator, Skip, Cage, Buckets, Mancage, Slope car ",False,0,[],False,False,At approximately 10:20 a.m. the service hoist went down for an electrical issue. No one was trapped or injured. All persons were evacuated in a timely manner. The issue was corrected and the hoist was placed back in service at approximately 1:10 p.m.,43,At approximately 10:20 a.m. the service hoist went down for an electrical issue. No one was trapped or injured. All persons were evacuated in a timely manner. The issue was corrected and the hoist was placed back in service at approximately 1:10 p.m.,False,,,,train_candidate
msha_000413,msha,permanent_impairment,02,PERM TOT OR PERM PRTL DISABLTY,2023-09-05,2023,4801833,M,"STRIP, QUARY, OPEN PIT",HANDLING OF MATERIALS,Over-exertion in lifting objects,"Hand load, Hand shoveling","BROKEN ROCK,COAL,ORE,WSTE",HERNIA;RUPTURE,ABDOMEN/INTERNAL ORGANS,0,1,NO VALUE FOUND,False,0,[],True,False,On 9/12 investigation discovered that a previous condition of a hernia was exacerbated through work activities. The employee stated felt a pop on 9/7/2023 but continued to work. EE went to the emergency room on 9/9 and received prescription medication and care. EE returned to work their shifts. EE did not return to work for the shift 9/12. EE is scheduled for surgery on 9/20.,65,On 9/12 investigation discovered that a previous condition of a hernia was exacerbated through work activities. The employee stated felt a pop on 9/7/2023 but continued to work. EE went to the emergency room on 9/9 and received prescription medication and care. EE returned to work their shifts. EE did not return to work for the shift 9/12. EE is scheduled for surgery on 9/20.,False,,,,train_candidate
msha_000416,msha,no_injury_event,00,ACCIDENT ONLY,2019-11-22,2019,0100851,C,SURFACE AT UNDERGROUND,HOISTING,"Accident type, without injuries",NO VALUE FOUND,NO VALUE FOUND,NO VALUE FOUND,NO VALUE FOUND,,0,"Elevator, Skip, Cage, Buckets, Mancage, Slope car ",False,0,[],False,False,Strands were found broke in the Material Hoist rope. The hoist was downed when the strands were found. The rope was changed.,22,Strands were found broke in the Material Hoist rope. The hoist was downed when the strands were found. The rope was changed.,False,,,,train_candidate
msha_000417,msha,no_injury_event,00,ACCIDENT ONLY,2022-06-22,2022,0100851,C,SURFACE AT UNDERGROUND,HOISTING,"Accident type, without injuries",NO VALUE FOUND,NO VALUE FOUND,NO VALUE FOUND,NO VALUE FOUND,,0,"Elevator, Skip, Cage, Buckets, Mancage, Slope car ",False,0,[],False,False,"The SP Material Hoist was taken out of service due to a blown fuse. The fuse replaced, the hoist was tested, and the hoist was placed back into service. MSHA was notified via the hotline.",35,"The SP Material Hoist was taken out of service due to a blown fuse. The fuse replaced, the hoist was tested, and the hoist was placed back into service. MSHA was notified via the hotline.",False,,,,train_candidate
msha_000426,msha,no_injury_event,00,ACCIDENT ONLY,2021-06-07,2021,0403623,M,"STRIP, QUARY, OPEN PIT",MACHINERY,"Accident type, without injuries",NO VALUE FOUND,NO VALUE FOUND,NO VALUE FOUND,NO VALUE FOUND,,0,"Bulldozer, Dozer, Crawler tractor, Push cat",False,0,[],False,False,"Slid off a sluff bank and turned over dozer. Material kept the dozer in almost like slow motion. No injury windows came out whole, and back one stayed in.",29,"Slid off a sluff bank and turned over dozer. Material kept the dozer in almost like slow motion. No injury windows came out whole, and back one stayed in.",False,,,,train_candidate
msha_000428,msha,permanent_impairment,02,PERM TOT OR PERM PRTL DISABLTY,2024-12-26,2024,0405533,M,"STRIP, QUARY, OPEN PIT",HANDLING OF MATERIALS,Over-exertion in lifting objects,Handling supplies or material,"CONTAINERS,NEC",HERNIA;RUPTURE,HIPS (PELVIS/ORGANS/KIDNEYS/BUTTOCKS),,1,NO VALUE FOUND,False,0,[],True,False,EE was lifting a five gallon bucket of rock when EE felt pain in EE's lower abdomen. The EE did not report the incident to the company until 1/7/2025.,29,EE was lifting a five gallon bucket of rock when EE felt pain in EE's lower abdomen. The EE did not report the incident to the company until 1/7/2025.,False,,,,train_candidate
msha_000430,msha,fatal,01,FATALITY,2023-08-21,2023,0503808,M,"STRIP, QUARY, OPEN PIT",MACHINERY,Struck by falling object,Machine maintenance,METAL COVERS & GUARDS,CRUSHING,"HEAD, MULTIPLE PARTS",,1,"Crusher, Breaker, Mills (ball and rod), Feeder breaker",False,0,[],True,True,While lifting a VSI lid a strap broke. The lid struck the victim causing severe head trauma.,17,While lifting a VSI lid a strap broke. The lid struck the victim causing severe head trauma.,False,,,,train_candidate
msha_000436,msha,no_injury_event,00,ACCIDENT ONLY,2021-12-21,2021,1000082,M,SURFACE AT UNDERGROUND,HOISTING,"Accident type, without injuries",NO VALUE FOUND,NO VALUE FOUND,NO VALUE FOUND,NO VALUE FOUND,,0,"Elevator, Skip, Cage, Buckets, Mancage, Slope car ",False,0,[],False,False,Mine wide - lost power - snow load on power lines. Power restored at 1130PM; computer on #3 Hoist would not function - evacuated crews out through the Coeur Mine. #3 Hoist up and running at 2:30 AM December 22nd.,40,Mine wide - lost power - snow load on power lines. Power restored at 1130PM; computer on #3 Hoist would not function - evacuated crews out through the Coeur Mine. #3 Hoist up and running at 2:30 AM December 22nd.,False,,,,train_candidate
msha_000437,msha,no_injury_event,00,ACCIDENT ONLY,2025-03-22,2025,1001900,M,"STRIP, QUARY, OPEN PIT",FIRE,"Accident type, without injuries",NO VALUE FOUND,NO VALUE FOUND,NO VALUE FOUND,NO VALUE FOUND,,0,"Machine, NEC - Wheelbarrow, Well drilling Rig, Post hole auger",False,0,[],False,False,Quality control Van caught fire on the weekend while no one was at job site.,15,Quality control Van caught fire on the weekend while no one was at job site.,False,,,,train_candidate
msha_000447,msha,no_injury_event,00,ACCIDENT ONLY,2025-04-20,2025,1300032,M,SURFACE AT UNDERGROUND,FIRE,"Accident type, without injuries",NO VALUE FOUND,NO VALUE FOUND,NO VALUE FOUND,NO VALUE FOUND,,0,NO VALUE FOUND,False,0,[],False,False,"Mid American Electrical insulator failed causing an arc flash, power wire fell to the ground. No damage/injury to the mine site or employees.",23,"Mid American Electrical insulator failed causing an arc flash, power wire fell to the ground. No damage/injury to the mine site or employees.",False,,,,train_candidate
msha_000452,msha,no_injury_event,00,ACCIDENT ONLY,2019-12-21,2019,1517216,C,SURFACE AT UNDERGROUND,HOISTING,"Accident type, without injuries",NO VALUE FOUND,NO VALUE FOUND,NO VALUE FOUND,NO VALUE FOUND,,0,"Elevator, Skip, Cage, Buckets, Mancage, Slope car ",False,0,[],False,False,"During the examination of the Hanson hoist rope, there was damaged strains discovered that surpassed the allowable limit. The hoist was shut down and miners were withdrawn from the affected area. The Hanson hoist rope was replaced.",37,"During the examination of the Hanson hoist rope, there was damaged strains discovered that surpassed the allowable limit. The hoist was shut down and miners were withdrawn from the affected area. The Hanson hoist rope was replaced.",False,,,,train_candidate
msha_000460,msha,no_injury_event,00,ACCIDENT ONLY,2024-09-07,2024,2103352,M,"STRIP, QUARY, OPEN PIT",FIRE,"Accident type, without injuries",NO VALUE FOUND,NO VALUE FOUND,NO VALUE FOUND,NO VALUE FOUND,,0,NO VALUE FOUND,False,0,[],False,False,"The bearing in the 28 belt head pully seized, igniting the belt. The fire was declared extinguished at 12:00pm",19,"The bearing in the 28 belt head pully seized, igniting the belt. The fire was declared extinguished at 12:00pm",False,,,,train_candidate
msha_000461,msha,permanent_impairment,02,PERM TOT OR PERM PRTL DISABLTY,2023-05-30,2023,2200582,M,MILL OPERATION/PREPARATION PLANT,MACHINERY,"Caught in, under or between a moving and a stationary object",Machine maintenance,"METAL,NEC(PIPE,WIRE,NAIL)",AMPUTATION OR ENUCLEATION,FINGER(S)/THUMB,65,1,"Machine, NEC - Wheelbarrow, Well drilling Rig, Post hole auger",False,0,[],True,False,"Teammate while holding the Manual override with their right hand inserted their left index finger into the Borax Valve to see if it was clean. The teammates stated their right hand slipped off the controls and the valve closed and amputated approx 1"" of EE's left index finger.",48,"Teammate while holding the Manual override with their right hand inserted their left index finger into the Borax Valve to see if it was clean. The teammates stated their right hand slipped off the controls and the valve closed and amputated approx 1"" of EE's left index finger.",False,,,,train_candidate
msha_000468,msha,no_injury_event,00,ACCIDENT ONLY,2022-10-12,2022,2800026,M,OFFICE WORKERS AT MINE SITE,FIRE,"Accident type, without injuries",NO VALUE FOUND,NO VALUE FOUND,NO VALUE FOUND,NO VALUE FOUND,,0,NO VALUE FOUND,False,0,[],False,False,"There was a fire at the scale house that was not extinguished within 30 minutes of knowledge. Ignition source currently unknown, no injuries.",23,"There was a fire at the scale house that was not extinguished within 30 minutes of knowledge. Ignition source currently unknown, no injuries.",False,,,,train_candidate
msha_000471,msha,no_injury_event,00,ACCIDENT ONLY,2022-08-08,2022,3000663,M,SURFACE AT UNDERGROUND,HOISTING,"Accident type, without injuries",NO VALUE FOUND,NO VALUE FOUND,NO VALUE FOUND,NO VALUE FOUND,,0,"Elevator, Skip, Cage, Buckets, Mancage, Slope car ",False,0,[],False,False,"The west hydraulic brake for the #3 hoist was found to be out of spec during the static brake test. The east hydraulic brake and pinion brake were still functional though. MSHA was notified that the hoist was down bc of this but due to redundant braking mechanisms, the hoist was not actually down and there was no need to notify MSHA.",62,"The west hydraulic brake for the #3 hoist was found to be out of spec during the static brake test. The east hydraulic brake and pinion brake were still functional though. MSHA was notified that the hoist was down bc of this but due to redundant braking mechanisms, the hoist was not actually down and there was no need to notify MSHA.",False,,,,train_candidate
msha_000476,msha,no_injury_event,00,ACCIDENT ONLY,2025-02-24,2025,3304433,M,DREDGE,FIRE,"Accident type, without injuries",NO VALUE FOUND,NO VALUE FOUND,NO VALUE FOUND,NO VALUE FOUND,,0,"Shovel, Power shovel, Backhoe, Trackhoe, Dragline - Big Muskie",False,0,[],False,False,A fire started within the engine compartment of a CAT 390D Excavator; fire moved then moved to encompass entire piece of equipment. Operator that was running equipment was able to safely get away from the equipment. Equipment was a total loss.,41,A fire started within the engine compartment of a CAT 390D Excavator; fire moved then moved to encompass entire piece of equipment. Operator that was running equipment was able to safely get away from the equipment. Equipment was a total loss.,False,,,,train_candidate
msha_000491,msha,permanent_impairment,02,PERM TOT OR PERM PRTL DISABLTY,2024-03-30,2024,4104586,C,"STRIP, QUARY, OPEN PIT",MACHINERY,"Caught in, under or between a moving and a stationary object","Surface equipment, NEC","MACHINE,NEC-WELDR,OFC MAC",AMPUTATION OR ENUCLEATION,FINGER(S)/THUMB,0,1,"Bench grinder, Drill press, Band/Table saw, Sandblaster",False,0,[],True,False,"Employee was drilling 1-5/8"" holes and when in the process of changing out the drill bits, the head released and pinned EE's Right-Hand little fingertip between the Jacobs chuck and the plate EE was drilling. This caused a partial amputation of the Right-Hand little fingertip.",45,"Employee was drilling 1-5/8"" holes and when in the process of changing out the drill bits, the head released and pinned EE's Right-Hand little fingertip between the Jacobs chuck and the plate EE was drilling. This caused a partial amputation of the Right-Hand little fingertip.",False,,,,train_candidate
msha_000499,msha,fatal,01,FATALITY,2025-08-26,2025,4608374,C,MILL OPERATION/PREPARATION PLANT,HOISTING,"Caught in, under or between a moving and a stationary object",Inspect equipment or mine,"ELEVATORS,CAGES,SKIPS,ETC",CRUSHING,CHEST (RIBS/BREAST BONE/CHEST ORGNS),,1,"Elevator, Skip, Cage, Buckets, Mancage, Slope car ",False,0,[],True,True,Employee received crushing fatal injuries while assisting MSHA inspection of elevator inside of Preparation Plant.,15,Employee received crushing fatal injuries while assisting MSHA inspection of elevator inside of Preparation Plant.,False,,,,train_candidate
msha_000504,msha,permanent_impairment,02,PERM TOT OR PERM PRTL DISABLTY,2025-04-08,2025,4801841,M,"STRIP, QUARY, OPEN PIT",HANDLING OF MATERIALS,"Caught in, under or between a moving and a stationary object","Handling coal, Rock, Ore","BROKEN ROCK,COAL,ORE,WSTE",AMPUTATION OR ENUCLEATION,FINGER(S)/THUMB,,1,NO VALUE FOUND,False,0,[],True,False,"While moving/stacking a piece of rock, the tip of EE's little finger was pinched/smashed. Resulting in the skin, nailbed and underlying tissue to be removed. EE was taken to hospital, referred Orthopedics. 4/10/25. Remission amputation performed on the tip of little finger.",42,"While moving/stacking a piece of rock, the tip of EE's little finger was pinched/smashed. Resulting in the skin, nailbed and underlying tissue to be removed. EE was taken to hospital, referred Orthopedics. 4/10/25. Remission amputation performed on the tip of little finger.",False,,,,train_candidate
msha_000505,msha,fatal,01,FATALITY,2021-01-16,2021,5001545,M,"STRIP, QUARY, OPEN PIT",MACHINERY,"Caught in, under or between a moving and a stationary object",Hand tools (not powered),SURFACE MINING MACHINES,CRUSHING,THIGH/FEMUR,,1,"Carriage-mounted drills, Rail, Rubber-tired, Jumbo, Air-track drill",True,2,"[""driller""]",True,True,"A miner was fatally injured while using a tool to remove a down hole hammer. The drill motor turned unexpectedly, pinning the driller's leg between the tool and the drill mast.",31,"A miner was fatally injured while using a tool to remove a down hole hammer. The drill motor turned unexpectedly, pinning the driller's leg between the tool and the drill mast.",False,,,,train_candidate
msha_000506,msha,no_injury_event,00,ACCIDENT ONLY,2025-04-12,2025,5002102,M,"STRIP, QUARY, OPEN PIT",FIRE,"Accident type, without injuries",NO VALUE FOUND,NO VALUE FOUND,NO VALUE FOUND,NO VALUE FOUND,,0,"Mancar, Mantrip, Personnel carrier, Porta bus, Jeep, Jitney, ATV",False,0,[],False,False,"While Kinross employees were traveling from Tok to the Manh Choh mine site, the crew van in use lost oil pressure and was turned off. A fire was identified in the engine compartment. All employees exited the vehicle without injury and tried to extinguish the fire with two handheld 5# fire extinguishers but were not successful.",56,"While Kinross employees were traveling from Tok to the Manh Choh mine site, the crew van in use lost oil pressure and was turned off. A fire was identified in the engine compartment. All employees exited the vehicle without injury and tried to extinguish the fire with two handheld 5# fire extinguishers but were not successful.",False,,,,train_candidate
msha_000508,msha,no_injury_event,00,ACCIDENT ONLY,2020-10-25,2020,0100851,C,SURFACE AT UNDERGROUND,HOISTING,"Accident type, without injuries",NO VALUE FOUND,NO VALUE FOUND,NO VALUE FOUND,NO VALUE FOUND,,0,"Elevator, Skip, Cage, Buckets, Mancage, Slope car ",False,0,[],False,False,A planned outage was took to replace the motor on the NP Hoist. The job was canceled after it began. The hoist was put back together and tested before being put back into service. MSHA was notifed when it was taken out of service and when it was put back in service.,52,A planned outage was took to replace the motor on the NP Hoist. The job was canceled after it began. The hoist was put back together and tested before being put back into service. MSHA was notifed when it was taken out of service and when it was put back in service.,False,,,,train_candidate
msha_000509,msha,no_injury_event,00,ACCIDENT ONLY,2023-01-04,2023,0101401,C,SURFACE AT UNDERGROUND,HOISTING,"Accident type, without injuries",NO VALUE FOUND,NO VALUE FOUND,NO VALUE FOUND,NO VALUE FOUND,,0,"Elevator, Skip, Cage, Buckets, Mancage, Slope car ",False,0,[],False,False,"REPORT ONLY - After inspection of the 7-3 hoist, a broke cushion spring was found and the the hoist was taken out of service until the repairs were made.",29,"REPORT ONLY - After inspection of the 7-3 hoist, a broke cushion spring was found and the the hoist was taken out of service until the repairs were made.",False,,,,train_candidate
msha_000515,msha,no_injury_event,00,ACCIDENT ONLY,2022-07-21,2022,0400119,M,"STRIP, QUARY, OPEN PIT",FIRE,"Accident type, without injuries",NO VALUE FOUND,NO VALUE FOUND,NO VALUE FOUND,NO VALUE FOUND,,0,NO VALUE FOUND,False,0,[],False,False,A wildfire broke out on lands adjacent to the A.R. Wilson Quarry to the north side of the overburden conveyor system. A laborer in the area called emergency services. The fire and cause are still under investigation by responsible regulatory agencies and Graniterock.,43,A wildfire broke out on lands adjacent to the A.R. Wilson Quarry to the north side of the overburden conveyor system. A laborer in the area called emergency services. The fire and cause are still under investigation by responsible regulatory agencies and Graniterock.,False,,,,train_candidate
msha_000516,msha,no_injury_event,00,ACCIDENT ONLY,2020-06-13,2020,0400191,M,"STRIP, QUARY, OPEN PIT",FIRE,"Accident type, without injuries",NO VALUE FOUND,NO VALUE FOUND,NO VALUE FOUND,NO VALUE FOUND,,0,NO VALUE FOUND,False,0,[],False,False,Fire occurred on buffer land. Cause was determined to be mylar balloon on electrical line. Fire department responded. Approximately 10 acres burned. There was no property damage and no injury. Plant personnel had completed shift and left property several hours before occurrence. Fire was reported to MSHA on 6/13/2020 at about 8:55 pm,53,Fire occurred on buffer land. Cause was determined to be mylar balloon on electrical line. Fire department responded. Approximately 10 acres burned. There was no property damage and no injury. Plant personnel had completed shift and left property several hours before occurrence. Fire was reported to MSHA on 6/13/2020 at about 8:55 pm,False,,,,train_candidate
msha_000520,msha,no_injury_event,00,ACCIDENT ONLY,2019-07-20,2019,0502838,C,"STRIP, QUARY, OPEN PIT",ELECTRICAL,"Accident type, without injuries",NO VALUE FOUND,NO VALUE FOUND,NO VALUE FOUND,NO VALUE FOUND,,0,NO VALUE FOUND,False,0,[],False,False,At approximately 4:05 p.m. a small brush/grass fire was ignited by lightning. There was no mining activity underway near the point of ignition. This fire is being documented with a 7000-1 report as it was not fully extinguished within 30 minutes of discovery and MSHA was contacted immediately.,48,At approximately 4:05 p.m. a small brush/grass fire was ignited by lightning. There was no mining activity underway near the point of ignition. This fire is being documented with a 7000-1 report as it was not fully extinguished within 30 minutes of discovery and MSHA was contacted immediately.,False,,,,train_candidate
msha_000527,msha,no_injury_event,00,ACCIDENT ONLY,2024-12-19,2024,1101579,M,"STRIP, QUARY, OPEN PIT",FIRE,"Accident type, without injuries",NO VALUE FOUND,NO VALUE FOUND,NO VALUE FOUND,NO VALUE FOUND,,0,"Conveyor, Belt feeder, Stage loader, Hopper shaker, Belt structure",False,0,[],False,False,While shutting down to change a roller the torch for BC-61 was not shut down properly causing the belt to catch on fire and the fire department was called and had the fire was out at 4:50AM.,37,While shutting down to change a roller the torch for BC-61 was not shut down properly causing the belt to catch on fire and the fire department was called and had the fire was out at 4:50AM.,False,,,,train_candidate
msha_000535,msha,permanent_impairment,02,PERM TOT OR PERM PRTL DISABLTY,2024-03-20,2024,1300919,M,"STRIP, QUARY, OPEN PIT",HANDLING OF MATERIALS,Over-exertion in lifting objects,Machine maintenance,METAL COVERS & GUARDS,HERNIA;RUPTURE,HIPS (PELVIS/ORGANS/KIDNEYS/BUTTOCKS),,1,NO VALUE FOUND,False,0,[],True,False,Miner had been assisting changing a screen and patching a belt. Felt pressure in lower stomach area that afternoon that turned into discomfort later in the evening. Reported the following morning asking to have a doctor check it out. After initial visit and scan it was determined to be a fatty hernia. Follow up with surgeon forth coming.,58,Miner had been assisting changing a screen and patching a belt. Felt pressure in lower stomach area that afternoon that turned into discomfort later in the evening. Reported the following morning asking to have a doctor check it out. After initial visit and scan it was determined to be a fatty hernia. Follow up with surgeon forth coming.,False,,,,train_candidate
msha_000560,msha,no_injury_event,00,ACCIDENT ONLY,2023-10-21,2023,3000663,M,SURFACE AT UNDERGROUND,HOISTING,"Accident type, without injuries",NO VALUE FOUND,NO VALUE FOUND,NO VALUE FOUND,NO VALUE FOUND,,0,"Elevator, Skip, Cage, Buckets, Mancage, Slope car ",False,0,[],False,False,"Scheduled replacement of the north guides in the #3 hoist headframe was occurring. The replacement was not completed by the end of the shift, thus making #3 not usable until installation could be finished the next day. #4 and #2 hoists were still available. #3 was back in service on 10/22/23 at 6pm.",53,"Scheduled replacement of the north guides in the #3 hoist headframe was occurring. The replacement was not completed by the end of the shift, thus making #3 not usable until installation could be finished the next day. #4 and #2 hoists were still available. #3 was back in service on 10/22/23 at 6pm.",False,,,,train_candidate
msha_000573,msha,permanent_impairment,02,PERM TOT OR PERM PRTL DISABLTY,2010-04-19,2010,4000073,M,"STRIP, QUARY, OPEN PIT",MACHINERY,"Caught in, under or between a moving and a stationary object","Surface equipment, NEC",SURFACE MINING MACHINES,AMPUTATION OR ENUCLEATION,FOOT(NOT ANKLE/TOE)/TARSUS/METATARSUS,94,1,"Carriage-mounted drills, Rail, Rubber-tired, Jumbo, Air-track drill",True,2,"[""drill rig""]",True,False,I tripped and my hand hit down lever on drill rig. The bit then went down and crushed my foot.,20,I tripped and my hand hit down lever on drill rig. The bit then went down and crushed my foot.,False,,,,train_candidate
msha_000575,msha,no_injury_event,00,ACCIDENT ONLY,2020-07-04,2020,4100026,M,MILL OPERATION/PREPARATION PLANT,FIRE,"Accident type, without injuries",NO VALUE FOUND,NO VALUE FOUND,NO VALUE FOUND,NO VALUE FOUND,,0,NO VALUE FOUND,False,0,[],False,False,Fire occurred to the High Angle Conveyor (HAC) when power was lost to the plant. A set of triple airlock gates and a knife gate separate the belt from the hot gases. The knife gate failed to shut in fail-safe mode when a valve was inadvertently left off. The HAC belt ignited and burned near a Continuous Emission Monitoring Station. Six compressed gas bottles heated and ruptured.,67,Fire occurred to the High Angle Conveyor (HAC) when power was lost to the plant. A set of triple airlock gates and a knife gate separate the belt from the hot gases. The knife gate failed to shut in fail-safe mode when a valve was inadvertently left off. The HAC belt ignited and burned near a Continuous Emission Monitoring Station. Six compressed gas bottles heated and ruptured.,False,,,,train_candidate
msha_000576,msha,no_injury_event,00,ACCIDENT ONLY,2020-07-15,2020,4100083,M,MILL OPERATION/PREPARATION PLANT,FIRE,"Accident type, without injuries",NO VALUE FOUND,NO VALUE FOUND,NO VALUE FOUND,NO VALUE FOUND,,0,NO VALUE FOUND,False,0,[],False,False,"At about 12:55 AM, the entire plant lost power. The transformers at the welding shop were sparking and had caught fire. The transformers were on the ground and the remnants of the cross members were smoldering with an occasional, small flame. Once power was pulled the fire was extinguished.",49,"At about 12:55 AM, the entire plant lost power. The transformers at the welding shop were sparking and had caught fire. The transformers were on the ground and the remnants of the cross members were smoldering with an occasional, small flame. Once power was pulled the fire was extinguished.",False,,,,train_candidate
msha_000597,msha,no_injury_event,00,ACCIDENT ONLY,2019-12-05,2019,4801200,C,"STRIP, QUARY, OPEN PIT",FIRE,"Accident type, without injuries",NO VALUE FOUND,NO VALUE FOUND,NO VALUE FOUND,NO VALUE FOUND,,0,NO VALUE FOUND,False,0,[],False,False,A small coal fire flared up due to combustion and had not been buried within the 30 minute time frame in the south east corner of the Canyon seam.,29,A small coal fire flared up due to combustion and had not been buried within the 30 minute time frame in the south east corner of the Canyon seam.,False,,,,train_candidate
msha_000598,msha,no_injury_event,00,ACCIDENT ONLY,2021-03-29,2021,4801200,C,"STRIP, QUARY, OPEN PIT",FIRE,"Accident type, without injuries",NO VALUE FOUND,NO VALUE FOUND,NO VALUE FOUND,NO VALUE FOUND,,0,NO VALUE FOUND,False,0,[],False,False,Wind caused power lines to slap together and tripped out power to the mine when the power came back on a electrical fuse sparked and the sparks caused a grass fire in the train rail loop. Only took the recue team 45 minutes to extinguish the fire.,47,Wind caused power lines to slap together and tripped out power to the mine when the power came back on a electrical fuse sparked and the sparks caused a grass fire in the train rail loop. Only took the recue team 45 minutes to extinguish the fire.,False,,,,train_candidate
msha_000599,msha,no_injury_event,00,ACCIDENT ONLY,2023-08-15,2023,4801200,C,"STRIP, QUARY, OPEN PIT",FIRE,"Accident type, without injuries",NO VALUE FOUND,NO VALUE FOUND,NO VALUE FOUND,NO VALUE FOUND,,0,NO VALUE FOUND,False,0,[],False,False,"Smoker noticed in the coal/parting berm on the #4 access ramp above c-seam. This was not on the edge of the highwall. Smoker was cable locked by the 4100 shovel cable, and needed to be relocated to gain access. Smoker was out within 1 hour of discovery.",47,"Smoker noticed in the coal/parting berm on the #4 access ramp above c-seam. This was not on the edge of the highwall. Smoker was cable locked by the 4100 shovel cable, and needed to be relocated to gain access. Smoker was out within 1 hour of discovery.",False,,,,train_candidate
msha_000600,msha,no_injury_event,00,ACCIDENT ONLY,2024-03-08,2024,4801200,C,"STRIP, QUARY, OPEN PIT",FIRE,"Accident type, without injuries",NO VALUE FOUND,NO VALUE FOUND,NO VALUE FOUND,NO VALUE FOUND,,0,NO VALUE FOUND,False,0,[],False,False,East A1/2 catch bench has a coal fire burning that was caused by windy conditions and spontaneous combustion of the coal. The catch bench is hard to get to so it will be 5 to 6 hours before a piece of equipment will be able to get to the fire to dig it out.,54,East A1/2 catch bench has a coal fire burning that was caused by windy conditions and spontaneous combustion of the coal. The catch bench is hard to get to so it will be 5 to 6 hours before a piece of equipment will be able to get to the fire to dig it out.,False,,,,train_candidate
msha_000602,msha,no_injury_event,00,ACCIDENT ONLY,2022-03-29,2022,0100851,C,SURFACE AT UNDERGROUND,HOISTING,"Accident type, without injuries",NO VALUE FOUND,NO VALUE FOUND,NO VALUE FOUND,NO VALUE FOUND,,0,"Elevator, Skip, Cage, Buckets, Mancage, Slope car ",False,0,[],False,False,The car on the hoist was taken out of service to change an axle due to a locked up wheel. The car was tested and placed back into service after the axle was changed. MSHA was notified via the hotline.,40,The car on the hoist was taken out of service to change an axle due to a locked up wheel. The car was tested and placed back into service after the axle was changed. MSHA was notified via the hotline.,False,,,,train_candidate
msha_000603,msha,no_injury_event,00,ACCIDENT ONLY,2026-02-05,2026,0100851,C,SURFACE AT UNDERGROUND,HOISTING,"Accident type, without injuries",NO VALUE FOUND,NO VALUE FOUND,NO VALUE FOUND,NO VALUE FOUND,,0,"Elevator, Skip, Cage, Buckets, Mancage, Slope car ",False,0,[],False,False,"The SP Material Hoist was taken out of service after finding broken strands in the rope. The broke strands were removed from the rope. The rope was shortened, the hoist tested, and placed back into service.",36,"The SP Material Hoist was taken out of service after finding broken strands in the rope. The broke strands were removed from the rope. The rope was shortened, the hoist tested, and placed back into service.",False,,,,train_candidate
msha_000615,msha,permanent_impairment,02,PERM TOT OR PERM PRTL DISABLTY,2022-11-08,2022,0800991,M,"STRIP, QUARY, OPEN PIT",POWERED HAULAGE,"Caught in, under or between a moving and a stationary object",Machine maintenance,"FORKLIFTS,STACKERS,TRCTR",AMPUTATION OR ENUCLEATION,FINGER(S)/THUMB,24,1,"Forklift, Plant cat, Telehandler, Hyster, Lift truck, Skid steer ",False,0,[],True,False,Employee's pinky finger was caught between a bucket tooth and the fork of a telehandler.,15,Employee's pinky finger was caught between a bucket tooth and the fork of a telehandler.,False,,,,train_candidate
msha_000636,msha,no_injury_event,00,ACCIDENT ONLY,2021-04-13,2021,1600358,M,SURFACE AT UNDERGROUND,ELECTRICAL,"Accident type, without injuries",NO VALUE FOUND,NO VALUE FOUND,NO VALUE FOUND,NO VALUE FOUND,,0,"Elevator, Skip, Cage, Buckets, Mancage, Slope car ",False,0,[],False,False,On 4-13-2021 a lightning storm moved through our area and tripped service power on the mainland. The emergency generator was started. The shaft that the emergency generator powers was down due to construction at the 1300ft. level. Employees were sheltered in place until power was restored.,46,On 4-13-2021 a lightning storm moved through our area and tripped service power on the mainland. The emergency generator was started. The shaft that the emergency generator powers was down due to construction at the 1300ft. level. Employees were sheltered in place until power was restored.,False,,,,train_candidate
msha_000649,msha,no_injury_event,00,ACCIDENT ONLY,2022-04-02,2022,2602674,M,MILL OPERATION/PREPARATION PLANT,FIRE,"Accident type, without injuries",NO VALUE FOUND,NO VALUE FOUND,NO VALUE FOUND,NO VALUE FOUND,,0,"Milling machinery, Block press, Ballast machine",False,0,[],False,False,"TKI Employee heard a loud noise coming from the process area. Operator identified that there was a fire in the plant. The fire was located at the top of the R401 vessel. Operator immediately turned-on plant ventilation, while co-worker pressed the E-Stop button. Emergency response was dispatched. Plant operators evacuated to muster area. Fire was extinguished with no injuries.",59,"TKI Employee heard a loud noise coming from the process area. Operator identified that there was a fire in the plant. The fire was located at the top of the R401 vessel. Operator immediately turned-on plant ventilation, while co-worker pressed the E-Stop button. Emergency response was dispatched. Plant operators evacuated to muster area. Fire was extinguished with no injuries.",False,,,,train_candidate
msha_000650,msha,fatal,01,FATALITY,2025-11-22,2025,2901043,M,MILL OPERATION/PREPARATION PLANT,HANDLING OF MATERIALS,Struck by falling object,Unknown,"MINERAL ITEMS,NEC",MULTIPLE INJURIES,MULTIPLE PARTS (MORE THAN ONE MAJOR),,1,NO VALUE FOUND,False,0,[],True,True,The employee was pressure washing silo #6 and was found with their head and right arm in the silo with salt buildup on their head and right arm. The employee was pronounced dead at the scene.,36,The employee was pressure washing silo #6 and was found with their head and right arm in the silo with salt buildup on their head and right arm. The employee was pronounced dead at the scene.,False,,,,train_candidate
msha_000667,msha,no_injury_event,00,ACCIDENT ONLY,2024-12-04,2024,3605018,C,SURFACE AT UNDERGROUND,HOISTING,"Accident type, without injuries",NO VALUE FOUND,NO VALUE FOUND,NO VALUE FOUND,NO VALUE FOUND,,0,"Elevator, Skip, Cage, Buckets, Mancage, Slope car ",False,0,[],False,False,"Around 2:45 p.m., the slope's hoist lost power due to a faulty wire.",13,"Around 2:45 p.m., the slope's hoist lost power due to a faulty wire.",False,,,,train_candidate
msha_000674,msha,permanent_impairment,02,PERM TOT OR PERM PRTL DISABLTY,2023-08-02,2023,4102781,M,MILL OPERATION/PREPARATION PLANT,MACHINERY,"Caught in, under or between running or meshing objects",Handling supplies or material,"MACHINE-MILL,CLEANING PLT",AMPUTATION OR ENUCLEATION,FINGER(S)/THUMB,0,1,"Packaging machine, Bagger, Sewing machine, Palletizer",False,0,[],True,False,Employee reached down to adjust a pallet on the palletizer without deenergizing the system. Once the employee moved the pallet a few inches the sensor started the conveyor because it thought there was not a pallet there. The tip of the employee's left index finger was severed by the conveyor chain once it energized.,54,Employee reached down to adjust a pallet on the palletizer without deenergizing the system. Once the employee moved the pallet a few inches the sensor started the conveyor because it thought there was not a pallet there. The tip of the employee's left index finger was severed by the conveyor chain once it energized.,False,,,,train_candidate
msha_000677,msha,no_injury_event,00,ACCIDENT ONLY,2007-05-18,2007,4103660,C,"STRIP, QUARY, OPEN PIT",FIRE,"Accident type, without injuries",NO VALUE FOUND,NO VALUE FOUND,NO VALUE FOUND,NO VALUE FOUND,0,0,"Shovel, Power shovel, Backhoe, Trackhoe, Dragline - Big Muskie",True,3,"[""oil well"", ""casing""]",False,False,"D-36 Dragline was stripping in the DIII west area, when the bucket cut throught a plugged gas/oil well casing. Residual conderisate liquid inside well casing ignited. The flame was about 2-3' in height. There was no gas pressure being released from the casing. The fire went out on its own at 10:55pm.",52,"D-36 Dragline was stripping in the DIII west area, when the bucket cut throught a plugged gas/oil well casing. Residual conderisate liquid inside well casing ignited. The flame was about 2-3' in height. There was no gas pressure being released from the casing. The fire went out on its own at 10:55pm.",False,,,,train_candidate
msha_000680,msha,no_injury_event,00,ACCIDENT ONLY,2020-08-10,2020,4105373,M,"STRIP, QUARY, OPEN PIT",FIRE,"Accident type, without injuries",NO VALUE FOUND,NO VALUE FOUND,NO VALUE FOUND,NO VALUE FOUND,,0,"Front-end loader, Tractor-shovel, Payloader, Highlift, Skip loader",False,0,[],False,False,It was reported that a Caterpillar 972g loader caught fire and burned for more than 30 minutes.,17,It was reported that a Caterpillar 972g loader caught fire and burned for more than 30 minutes.,False,,,,train_candidate
msha_000683,msha,no_injury_event,00,ACCIDENT ONLY,2025-01-14,2025,4400068,M,MILL OPERATION/PREPARATION PLANT,HOISTING,"Accident type, without injuries",NO VALUE FOUND,NO VALUE FOUND,NO VALUE FOUND,NO VALUE FOUND,,0,"Elevator, Skip, Cage, Buckets, Mancage, Slope car ",False,0,[],False,False,"Contractor employee was moving a ramp into the preheat tower elevator, when it fell in a small gap between the elevator car and floor they were on. When the plate hit the basement of the elevator shaft, the allowing governor cable to become free, stopping the car. The employee using the elevator became stuck between the 1st and 2nd floors at the tower and was retrieved in an hour.",69,"Contractor employee was moving a ramp into the preheat tower elevator, when it fell in a small gap between the elevator car and floor they were on. When the plate hit the basement of the elevator shaft, the allowing governor cable to become free, stopping the car. The employee using the elevator became stuck between the 1st and 2nd floors at the tower and was retrieved in an hour.",False,,,,train_candidate
msha_000684,msha,no_injury_event,00,ACCIDENT ONLY,2024-03-17,2024,4404856,C,SURFACE AT UNDERGROUND,HOISTING,"Accident type, without injuries",NO VALUE FOUND,NO VALUE FOUND,NO VALUE FOUND,NO VALUE FOUND,,0,"Elevator, Skip, Cage, Buckets, Mancage, Slope car ",False,0,[],False,False,Had to change out the analog input card and reprogram the PLC on 8 Vent Hoist. This hoist is a Siemag 30 ton Friction hoist with GE Genius 90-70 PLC Controls. The hoist was back in operation at 2:10 AM.,40,Had to change out the analog input card and reprogram the PLC on 8 Vent Hoist. This hoist is a Siemag 30 ton Friction hoist with GE Genius 90-70 PLC Controls. The hoist was back in operation at 2:10 AM.,False,,,,train_candidate
msha_000685,msha,no_injury_event,00,ACCIDENT ONLY,2021-09-30,2021,4500191,M,MILL OPERATION/PREPARATION PLANT,FIRE,"Accident type, without injuries",NO VALUE FOUND,NO VALUE FOUND,NO VALUE FOUND,NO VALUE FOUND,,0,NO VALUE FOUND,False,0,[],False,False,Miners called investigator and 911 after discovering the fire in our shop. The cause of the fire is still under investigation. Approximately 40 feet of the southeast corner of the roof and south wall sustained burn damage. No personnel had been in the shop since 3pm.,46,Miners called investigator and 911 after discovering the fire in our shop. The cause of the fire is still under investigation. Approximately 40 feet of the southeast corner of the roof and south wall sustained burn damage. No personnel had been in the shop since 3pm.,False,,,,train_candidate
msha_000700,msha,no_injury_event,00,ACCIDENT ONLY,2019-08-28,2019,4608878,C,SURFACE AT UNDERGROUND,HOISTING,"Accident type, without injuries",NO VALUE FOUND,NO VALUE FOUND,NO VALUE FOUND,NO VALUE FOUND,,0,"Elevator, Skip, Cage, Buckets, Mancage, Slope car ",False,0,[],False,False,On 8-28-19 at approximately 12:30 p.m. the service hoist went down due to electrical issues. At approximately 1:00 p.m. the service hoist had been repaired and was back in operation. No one was injured or trapped.,36,On 8-28-19 at approximately 12:30 p.m. the service hoist went down due to electrical issues. At approximately 1:00 p.m. the service hoist had been repaired and was back in operation. No one was injured or trapped.,False,,,,train_candidate
msha_000704,msha,no_injury_event,00,ACCIDENT ONLY,2023-04-06,2023,4609395,C,"STRIP, QUARY, OPEN PIT",FIRE,"Accident type, without injuries",NO VALUE FOUND,NO VALUE FOUND,NO VALUE FOUND,NO VALUE FOUND,,0,"Bulldozer, Dozer, Crawler tractor, Push cat",False,0,[],False,False,"An idle Dozer was found to be on fire at 5:45 PM, crews tried to extinguish the fire but were unsuccessful. Since it was not being operated at the time and no one was near the machine and the fire damage was extensive, an indication as to what started the fire can not be determined at this time.",58,"An idle Dozer was found to be on fire at 5:45 PM, crews tried to extinguish the fire but were unsuccessful. Since it was not being operated at the time and no one was near the machine and the fire damage was extensive, an indication as to what started the fire can not be determined at this time.",False,,,,train_candidate
msha_000706,msha,permanent_impairment,02,PERM TOT OR PERM PRTL DISABLTY,2024-07-29,2024,4609640,C,UNDERGROUND,HANDLING OF MATERIALS,Over-exertion in lifting objects,Handling supplies or material,BELT CONVEYORS,HERNIA;RUPTURE,ABDOMEN/INTERNAL ORGANS,5,1,NO VALUE FOUND,False,0,[],True,False,Loading top rollers for conveyor belt into scoop insert and felt pain in abdomen. Injured continued to work up until 08/12/2024. Safety Department was notified on 08/19/2024 that injured has a hernia (unrepaired) diagnosis. Injured returned to work on 08/19/2024. Standard time charge of 50 days applies.,47,Loading top rollers for conveyor belt into scoop insert and felt pain in abdomen. Injured continued to work up until 08/12/2024. Safety Department was notified on 08/19/2024 that injured has a hernia (unrepaired) diagnosis. Injured returned to work on 08/19/2024. Standard time charge of 50 days applies.,False,,,,train_candidate
msha_000711,msha,no_injury_event,00,ACCIDENT ONLY,2022-01-19,2022,4801141,M,"STRIP, QUARY, OPEN PIT",FIRE,"Accident type, without injuries",NO VALUE FOUND,NO VALUE FOUND,NO VALUE FOUND,NO VALUE FOUND,,0,NO VALUE FOUND,False,0,[],False,False,We were using a propane torch to thaw frozen material underneath the cone crusher. The torch was left under the crusher with a small flame overnight and it ignited the conveyor belt causing a fire burning the belt and tires on the chassis.,43,We were using a propane torch to thaw frozen material underneath the cone crusher. The torch was left under the crusher with a small flame overnight and it ignited the conveyor belt causing a fire burning the belt and tires on the chassis.,False,,,,train_candidate
msha_000713,msha,no_injury_event,00,ACCIDENT ONLY,2022-09-01,2022,0100851,C,SURFACE AT UNDERGROUND,HOISTING,"Accident type, without injuries",NO VALUE FOUND,NO VALUE FOUND,NO VALUE FOUND,NO VALUE FOUND,,0,"Elevator, Skip, Cage, Buckets, Mancage, Slope car ",False,0,[],False,False,The SP Material Hoist was taken out of service due to change the rope. The rope was close to retirement so the hoist was taken down to replace it. This was not an accident. The hoist was tested and placed back into service. MSHA was notifed via the hotline.,49,The SP Material Hoist was taken out of service due to change the rope. The rope was close to retirement so the hoist was taken down to replace it. This was not an accident. The hoist was tested and placed back into service. MSHA was notifed via the hotline.,False,,,,train_candidate
msha_000718,msha,fatal,01,FATALITY,2009-04-02,2009,0103376,C,"STRIP, QUARY, OPEN PIT",POWERED HAULAGE,"Caught in, under or between NEC",Inspect equipment or mine,"HGHWY ORE CARIER,LRGE TRK",CRUSHING,CHEST (RIBS/BREAST BONE/CHEST ORGNS),0,1,Ore haulage trucks - off highway trucks,False,1,"[""catwalk""]",True,True,"Employee was standing on the left side catwalk of a 777F rock truck, near the rear of the cab, when the dump bed came down, crushing him between the bed and the catwalk handrail.",34,"Employee was standing on the left side catwalk of a 777F rock truck, near the rear of the cab, when the dump bed came down, crushing him between the bed and the catwalk handrail.",False,,,,train_candidate
msha_000728,msha,no_injury_event,00,ACCIDENT ONLY,2025-05-20,2025,0600022,M,"STRIP, QUARY, OPEN PIT",FIRE,"Accident type, without injuries",NO VALUE FOUND,NO VALUE FOUND,NO VALUE FOUND,NO VALUE FOUND,,0,NO VALUE FOUND,False,0,[],False,False,"Two piles of mulch/strippings were discovered smoldering at a stripping operation. Ignition source unknown, No damage or injuries",18,"Two piles of mulch/strippings were discovered smoldering at a stripping operation. Ignition source unknown, No damage or injuries",False,,,,train_candidate
msha_000729,msha,no_injury_event,00,ACCIDENT ONLY,2024-01-30,2024,0900038,M,MILL OPERATION/PREPARATION PLANT,FIRE,"Accident type, without injuries",NO VALUE FOUND,NO VALUE FOUND,NO VALUE FOUND,NO VALUE FOUND,,0,NO VALUE FOUND,False,0,[],False,False,"Contractor was replacing belt scraper, while using a torch a hot slag fell onto a Poly Screen. The fire department was called to extinguish. The initial report was that the fire was extinguished in 20 minutes. When the fire report was requested and reviewed it was stated on the report that it took 45 minutes to extinguish.",57,"Contractor was replacing belt scraper, while using a torch a hot slag fell onto a Poly Screen. The fire department was called to extinguish. The initial report was that the fire was extinguished in 20 minutes. When the fire report was requested and reviewed it was stated on the report that it took 45 minutes to extinguish.",False,,,,train_candidate
msha_000732,msha,no_injury_event,00,ACCIDENT ONLY,2020-06-08,2020,1000082,M,SURFACE AT UNDERGROUND,HOISTING,"Accident type, without injuries",NO VALUE FOUND,NO VALUE FOUND,NO VALUE FOUND,NO VALUE FOUND,,0,"Elevator, Skip, Cage, Buckets, Mancage, Slope car ",False,0,[],False,False,"No. 3 Hoist, Hoistman doing overspeed test, hoist shut down. Found overspeed buzzer underneath console shorted out causing hoist to shut down, replaced and relocated overspeed buzzer.",27,"No. 3 Hoist, Hoistman doing overspeed test, hoist shut down. Found overspeed buzzer underneath console shorted out causing hoist to shut down, replaced and relocated overspeed buzzer.",False,,,,train_candidate
msha_000733,msha,no_injury_event,00,ACCIDENT ONLY,2023-06-01,2023,1000088,M,SURFACE AT UNDERGROUND,HOISTING,"Accident type, without injuries",NO VALUE FOUND,NO VALUE FOUND,NO VALUE FOUND,NO VALUE FOUND,,0,"Elevator, Skip, Cage, Buckets, Mancage, Slope car ",False,0,[],False,False,The compressor plant went down causing the mine to lose compressed air. The brakes on the hoist would not release because it takes compressed air to release them.,28,The compressor plant went down causing the mine to lose compressed air. The brakes on the hoist would not release because it takes compressed air to release them.,False,,,,train_candidate
msha_000738,msha,no_injury_event,00,ACCIDENT ONLY,2023-09-10,2023,1103141,C,SURFACE AT UNDERGROUND,IMPOUNDMENT,"Accident type, without injuries",NO VALUE FOUND,NO VALUE FOUND,NO VALUE FOUND,NO VALUE FOUND,,0,NO VALUE FOUND,False,0,[],False,False,The north side of the 417 impoundment was found to have an unstable condition. This condition resulted in visible cracks of the north embankment of Coal Refuse Disposal Facility No. 2 (RDA2).,32,The north side of the 417 impoundment was found to have an unstable condition. This condition resulted in visible cracks of the north embankment of Coal Refuse Disposal Facility No. 2 (RDA2).,False,,,,train_candidate
msha_000739,msha,no_injury_event,00,ACCIDENT ONLY,2024-03-25,2024,1103143,C,MILL OPERATION/PREPARATION PLANT,FIRE,"Accident type, without injuries",NO VALUE FOUND,NO VALUE FOUND,NO VALUE FOUND,NO VALUE FOUND,,0,"Trucks, Service truck, Utility truck, Pickup, Water truck, Fuel truck",False,0,[],False,False,A fire occurred on an unattended service truck. It is unknown what caused the fire. No other equipment was damaged and no one was injured during the fire.,28,A fire occurred on an unattended service truck. It is unknown what caused the fire. No other equipment was damaged and no one was injured during the fire.,False,,,,train_candidate
msha_000746,msha,fatal,01,FATALITY,2023-03-01,2023,1500213,M,"STRIP, QUARY, OPEN PIT",MACHINERY,Struck against a moving object,Bulldozer,SURFACE MINING MACHINES,"UNCLASSIFIED,NOT DETERMED",MULTIPLE PARTS (MORE THAN ONE MAJOR),,1,"Bulldozer, Dozer, Crawler tractor, Push cat",False,0,[],True,True,Our employee working at mountain aggregates quarry mine site was fatally injured while operating a dozer on an access rd in which the equipment left the access rd and rolled down an embankment.,33,Our employee working at mountain aggregates quarry mine site was fatally injured while operating a dozer on an access rd in which the equipment left the access rd and rolled down an embankment.,False,,,,train_candidate
msha_000759,msha,no_injury_event,00,ACCIDENT ONLY,2019-03-03,2019,2100209,M,"STRIP, QUARY, OPEN PIT",FIRE,"Accident type, without injuries",NO VALUE FOUND,NO VALUE FOUND,NO VALUE FOUND,NO VALUE FOUND,,0,NO VALUE FOUND,False,0,[],False,False,"Dayshift crusher employees were cutting bolts to remove racking from a non-operation bins chute deck. They filled out burn permit, quit working 2.5 hrs before end of shift, ask night shift to inspect. Night shift found fire when doing final inspection",41,"Dayshift crusher employees were cutting bolts to remove racking from a non-operation bins chute deck. They filled out burn permit, quit working 2.5 hrs before end of shift, ask night shift to inspect. Night shift found fire when doing final inspection",False,,,,train_candidate
msha_000772,msha,no_injury_event,00,ACCIDENT ONLY,2024-07-16,2024,3000663,M,SURFACE AT UNDERGROUND,HOISTING,"Accident type, without injuries",NO VALUE FOUND,NO VALUE FOUND,NO VALUE FOUND,NO VALUE FOUND,,0,"Elevator, Skip, Cage, Buckets, Mancage, Slope car ",False,0,[],False,False,This was a power outage from our electricity supplier NYSEG. Power went out to underground and the decision was make to initiate a controlled evacuation at 8:38pm. all personnel brought to surface in under an hour.,36,This was a power outage from our electricity supplier NYSEG. Power went out to underground and the decision was make to initiate a controlled evacuation at 8:38pm. all personnel brought to surface in under an hour.,False,,,,train_candidate
msha_000773,msha,no_injury_event,00,ACCIDENT ONLY,2025-11-26,2025,3300015,M,"STRIP, QUARY, OPEN PIT",FIRE,"Accident type, without injuries",NO VALUE FOUND,NO VALUE FOUND,NO VALUE FOUND,NO VALUE FOUND,,0,NO VALUE FOUND,False,0,[],False,False,shift supervisor noticed top of telephone pole in Quarry on fire while doing rounds.,14,shift supervisor noticed top of telephone pole in Quarry on fire while doing rounds.,False,,,,train_candidate
msha_000788,msha,no_injury_event,00,ACCIDENT ONLY,2020-12-25,2020,4400068,M,MILL OPERATION/PREPARATION PLANT,FIRE,"Accident type, without injuries",NO VALUE FOUND,NO VALUE FOUND,NO VALUE FOUND,NO VALUE FOUND,,0,NO VALUE FOUND,False,0,[],False,False,A mine fire occurred in the bottom hopper of the alternative fuels silo.,13,A mine fire occurred in the bottom hopper of the alternative fuels silo.,False,,,,train_candidate
msha_000789,msha,permanent_impairment,02,PERM TOT OR PERM PRTL DISABLTY,2024-01-25,2024,4402829,M,MILL OPERATION/PREPARATION PLANT,POWERED HAULAGE,"Caught in, under or between running or meshing objects",Handling supplies or material,CHUTE & SLIDE-CONVYR HOPR,AMPUTATION OR ENUCLEATION,FINGER(S)/THUMB,0,1,Chute,False,0,[],True,False,"Employee opened the latch and cover of the rotary vane discharge chute for inspection. While using EE's right hand to clean the chute, EE's hand contacted the vane of the rotary feeder. This resulted in an amputation at the level of the distal interphalangeal joint of the 3rd and 4th digits.",51,"Employee opened the latch and cover of the rotary vane discharge chute for inspection. While using EE's right hand to clean the chute, EE's hand contacted the vane of the rotary feeder. This resulted in an amputation at the level of the distal interphalangeal joint of the 3rd and 4th digits.",False,,,,train_candidate
msha_000794,msha,no_injury_event,00,ACCIDENT ONLY,2025-08-17,2025,4601436,C,SURFACE AT UNDERGROUND,FIRE,"Accident type, without injuries",NO VALUE FOUND,NO VALUE FOUND,NO VALUE FOUND,NO VALUE FOUND,,0,NO VALUE FOUND,False,0,[],False,False,A fire occurred at the overland belts on the stacker belt. No other part 50 criteria applies.,17,A fire occurred at the overland belts on the stacker belt. No other part 50 criteria applies.,False,,,,train_candidate
msha_000800,msha,fatal,01,FATALITY,2023-02-26,2023,4608930,C,"STRIP, QUARY, OPEN PIT",MACHINERY,Struck against a moving object,Bulldozer,SURFACE MINING MACHINES,"UNCLASSIFIED,NOT DETERMED",MULTIPLE PARTS (MORE THAN ONE MAJOR),,1,"Bulldozer, Dozer, Crawler tractor, Push cat",False,0,[],True,True,Employee was mobilizing dozer to work site for following day via haul road. Cause of accident unknown. Employee went over embankment and was found approx. halfway down mountain. Details unknown at this time. Employee found deceased. No eye witnesses.,39,Employee was mobilizing dozer to work site for following day via haul road. Cause of accident unknown. Employee went over embankment and was found approx. halfway down mountain. Details unknown at this time. Employee found deceased. No eye witnesses.,False,,,,train_candidate
msha_000802,msha,no_injury_event,00,ACCIDENT ONLY,2019-08-30,2019,4800083,C,"STRIP, QUARY, OPEN PIT",FIRE,"Accident type, without injuries",NO VALUE FOUND,NO VALUE FOUND,NO VALUE FOUND,NO VALUE FOUND,,0,"Conveyor, Belt feeder, Stage loader, Hopper shaker, Belt structure",False,0,[],False,False,"Warm coal in head chute of module #230 combined with prevailing SE wind, high humidity and light rain caused coal to spontaneously combust. Wind drove the flames to the west, down the belt lines, causing all combustible parts to burn and causing heat damage to the metal components.",48,"Warm coal in head chute of module #230 combined with prevailing SE wind, high humidity and light rain caused coal to spontaneously combust. Wind drove the flames to the west, down the belt lines, causing all combustible parts to burn and causing heat damage to the metal components.",False,,,,train_candidate
msha_000806,msha,no_injury_event,00,ACCIDENT ONLY,2019-04-09,2019,4800977,C,"STRIP, QUARY, OPEN PIT",FIRE,"Accident type, without injuries",NO VALUE FOUND,NO VALUE FOUND,NO VALUE FOUND,NO VALUE FOUND,,0,NO VALUE FOUND,False,0,[],False,False,Smoke was discovered in the 5W coal pit at the top edge of the coal face. The smoke was not extinguished in 30 minutes. No miners or mine equipment were at risk during this event.,35,Smoke was discovered in the 5W coal pit at the top edge of the coal face. The smoke was not extinguished in 30 minutes. No miners or mine equipment were at risk during this event.,False,,,,train_candidate
msha_000807,msha,no_injury_event,00,ACCIDENT ONLY,2025-09-10,2025,4800993,C,"STRIP, QUARY, OPEN PIT",FIRE,"Accident type, without injuries",NO VALUE FOUND,NO VALUE FOUND,NO VALUE FOUND,NO VALUE FOUND,,0,NO VALUE FOUND,False,0,[],False,False,Fire ball from coal shot got into vegetation. No people or resources affected.,13,Fire ball from coal shot got into vegetation. No people or resources affected.,False,,,,train_candidate
msha_000808,msha,no_injury_event,00,ACCIDENT ONLY,2023-03-02,2023,4801200,C,"STRIP, QUARY, OPEN PIT",FIRE,"Accident type, without injuries",NO VALUE FOUND,NO VALUE FOUND,NO VALUE FOUND,NO VALUE FOUND,,0,NO VALUE FOUND,False,0,[],False,False,Coal smokers caused by spontaneous combustion in the south west A1/2 face.,12,Coal smokers caused by spontaneous combustion in the south west A1/2 face.,False,,,,train_candidate
msha_000809,msha,no_injury_event,00,ACCIDENT ONLY,2023-09-12,2023,4801353,C,"STRIP, QUARY, OPEN PIT",FIRE,"Accident type, without injuries",NO VALUE FOUND,NO VALUE FOUND,NO VALUE FOUND,NO VALUE FOUND,,0,NO VALUE FOUND,False,0,[],False,False,A coal smoker was discovered in the W pit and was not extinguished within 30 minutes.,16,A coal smoker was discovered in the W pit and was not extinguished within 30 minutes.,False,,,,train_candidate
msha_000812,msha,no_injury_event,00,ACCIDENT ONLY,2022-03-06,2022,0100851,C,SURFACE AT UNDERGROUND,HOISTING,"Accident type, without injuries",NO VALUE FOUND,NO VALUE FOUND,NO VALUE FOUND,NO VALUE FOUND,,0,"Elevator, Skip, Cage, Buckets, Mancage, Slope car ",False,0,[],False,False,The SP Material Hoist was taken out of service for planned maintenance. A portion of the cable was removed and the trucks on the car were replaced. MSHA was notified via the hotline at the time the hoist was taken out of service. The hoist was tested and placed back into service.,52,The SP Material Hoist was taken out of service for planned maintenance. A portion of the cable was removed and the trucks on the car were replaced. MSHA was notified via the hotline at the time the hoist was taken out of service. The hoist was tested and placed back into service.,False,,,,train_candidate
msha_000826,msha,fatal,01,FATALITY,2023-08-05,2023,0901187,M,"STRIP, QUARY, OPEN PIT",FALLING/SLIDING/ROLLING MATERIALS,Struck by falling object,Handling supplies or material,"CAVING ROCK,COAL,ORE,WSTE",CRUSHING,"TRUNK, MULTIPLE PARTS",,2,NO VALUE FOUND,False,0,[],True,True,"The crew had drilled a chain hole and connected a chain to lift the block a short distance to break away from the ledge. When this occurred, grout rock remaining on the ledge above to miners broke loose and fell striking both of them, fatally injuring one and seriously injuring the second miner. The grout rock was left from the previous day, and was examined and determined safe.",68,"The crew had drilled a chain hole and connected a chain to lift the block a short distance to break away from the ledge. When this occurred, grout rock remaining on the ledge above to miners broke loose and fell striking both of them, fatally injuring one and seriously injuring the second miner. The grout rock was left from the previous day, and was examined and determined safe.",False,,,,train_candidate
msha_000827,msha,no_injury_event,00,ACCIDENT ONLY,2024-11-30,2024,1000088,M,SURFACE AT UNDERGROUND,HOISTING,"Accident type, without injuries",NO VALUE FOUND,NO VALUE FOUND,NO VALUE FOUND,NO VALUE FOUND,,0,"Elevator, Skip, Cage, Buckets, Mancage, Slope car ",False,0,[],False,False,When the hoistmen tried to reset the Service Hoist it would not reset and gave a YA1 fault. The hoistmen called electricians and while diagnosing they found a bad fuse. Electricians replaced fuse and got the hoist operational.,38,When the hoistmen tried to reset the Service Hoist it would not reset and gave a YA1 fault. The hoistmen called electricians and while diagnosing they found a bad fuse. Electricians replaced fuse and got the hoist operational.,False,,,,train_candidate
msha_000835,msha,no_injury_event,00,ACCIDENT ONLY,2019-11-20,2019,1103274,C,"STRIP, QUARY, OPEN PIT",FIRE,"Accident type, without injuries",NO VALUE FOUND,NO VALUE FOUND,NO VALUE FOUND,NO VALUE FOUND,,0,NO VALUE FOUND,False,0,[],False,False,Smoke was observed coming from the North side coal pile storage area. Actions were taken to treat and remove the affected material.,22,Smoke was observed coming from the North side coal pile storage area. Actions were taken to treat and remove the affected material.,False,,,"[""msha_004096"", ""msha_004617""]",train_candidate
msha_000836,msha,no_injury_event,00,ACCIDENT ONLY,2023-06-30,2023,1200426,M,MILL OPERATION/PREPARATION PLANT,FIRE,"Accident type, without injuries",NO VALUE FOUND,NO VALUE FOUND,NO VALUE FOUND,NO VALUE FOUND,,0,NO VALUE FOUND,False,0,[],False,False,"Operator was having Kiln 5 baghouse challenges so they slowed down kiln system to assist. When kiln system was slowed down, the cooler fan kicked out which ultimately resulted in hot material being fed directly onto the belt.",38,"Operator was having Kiln 5 baghouse challenges so they slowed down kiln system to assist. When kiln system was slowed down, the cooler fan kicked out which ultimately resulted in hot material being fed directly onto the belt.",False,,,,train_candidate
msha_000851,msha,fatal,01,FATALITY,2025-09-13,2025,2300781,M,OFFICE WORKERS AT MINE SITE,ELECTRICAL,Contact with electrical current,Electrical maintenance,"ELECTRICAL APPARATUS,NEC","ELECT SHOCK,ELECTROCUTION",BODY SYSTEMS,,1,NO VALUE FOUND,False,0,[],True,True,"Miner was on first floor of ""New Office"" working on a ladder changing a light. Miners co-worker went to basement to retrieve another new light. Co-worker heard a thump and a bang on the ceiling. Co-worker found miner sitting slumped on the floor unresponsive. Started CPR, called 911, deployed AED but the miner could never be revived.",57,"Miner was on first floor of ""New Office"" working on a ladder changing a light. Miners co-worker went to basement to retrieve another new light. Co-worker heard a thump and a bang on the ceiling. Co-worker found miner sitting slumped on the floor unresponsive. Started CPR, called 911, deployed AED but the miner could never be revived.",False,,,,train_candidate
msha_000853,msha,fatal,01,FATALITY,2025-07-26,2025,2401490,M,UNDERGROUND,ELECTRICAL,Contact with electrical current,Electrical maintenance,"ELECTRICAL APPARATUS,NEC","ELECT SHOCK,ELECTROCUTION",BODY SYSTEMS,,1,NO VALUE FOUND,False,0,[],True,True,The employee was performing routine preventative maintenance on a transformer when EE was fatally electrocuted.,15,The employee was performing routine preventative maintenance on a transformer when EE was fatally electrocuted.,False,,,,train_candidate
msha_000859,msha,no_injury_event,00,ACCIDENT ONLY,2006-07-19,2006,2900173,M,SURFACE AT UNDERGROUND,FIRE,"Accident type, without injuries",NO VALUE FOUND,NO VALUE FOUND,NO VALUE FOUND,NO VALUE FOUND,0,0,"Conveyor, Belt feeder, Stage loader, Hopper shaker, Belt structure",True,2,"[""oil tank""]",False,False,"Fire reported by Cont. @ 7:50 am involving beltline & oil tank being salvaged. Safety arrived @ 8:20 am. Determined to be MSHA Rpt'l @ 8:25 am, called MSHA @ 8:35 am. Fire contained/extinguised, damage contained to belt & tank. Called MSHA @ 1:35p.m. to report fire out. Surface being salvaged by JB Gordon Construction.",55,"Fire reported by Cont. @ 7:50 am involving beltline & oil tank being salvaged. Safety arrived @ 8:20 am. Determined to be MSHA Rpt'l @ 8:25 am, called MSHA @ 8:35 am. Fire contained/extinguised, damage contained to belt & tank. Called MSHA @ 1:35p.m. to report fire out. Surface being salvaged by JB Gordon Construction.",False,,,,train_candidate
msha_000877,msha,permanent_impairment,02,PERM TOT OR PERM PRTL DISABLTY,2025-11-13,2025,3400026,M,MILL OPERATION/PREPARATION PLANT,MACHINERY,"Caught in, under or between running or meshing objects",Inspect equipment or mine,"CONVEYORS,NEC",AMPUTATION OR ENUCLEATION,FINGER(S)/THUMB,13,1,"Classifier, Screw classifer, Spirial classifier, Cyclone classifier",False,0,[],True,False,"A process attendant clearing material under the East/West CCDC screw reached into a leak hole, where their finger contacted the moving screw, amputating its tip. They reported the incident immediately, received first aid, and was taken to the ER for a tetanus shot and further treatment.",46,"A process attendant clearing material under the East/West CCDC screw reached into a leak hole, where their finger contacted the moving screw, amputating its tip. They reported the incident immediately, received first aid, and was taken to the ER for a tetanus shot and further treatment.",False,,,,train_candidate
msha_000880,msha,no_injury_event,00,ACCIDENT ONLY,2025-09-08,2025,3600003,M,MILL OPERATION/PREPARATION PLANT,FIRE,"Accident type, without injuries",NO VALUE FOUND,NO VALUE FOUND,NO VALUE FOUND,NO VALUE FOUND,,0,NO VALUE FOUND,False,0,[],False,False,MCC building for primary crusher caught fire and burned down. The MCC was located in an area that did not damage anything else.,23,MCC building for primary crusher caught fire and burned down. The MCC was located in an area that did not damage anything else.,False,,,,train_candidate
msha_000882,msha,no_injury_event,00,ACCIDENT ONLY,2022-04-12,2022,3600271,M,MILL OPERATION/PREPARATION PLANT,FIRE,"Accident type, without injuries",NO VALUE FOUND,NO VALUE FOUND,NO VALUE FOUND,NO VALUE FOUND,,0,NO VALUE FOUND,False,0,[],False,False,"On April 12, 2022, approximately 4:15 PM noticed a fire at the alternative fuels system. At the same time, the alarm sounded in the control room, the CO2 fire suppression system was activated automatically. The Fire Department was called and immediately responded and the fire was under control shortly thereafter.",50,"On April 12, 2022, approximately 4:15 PM noticed a fire at the alternative fuels system. At the same time, the alarm sounded in the control room, the CO2 fire suppression system was activated automatically. The Fire Department was called and immediately responded and the fire was under control shortly thereafter.",False,,,,train_candidate
msha_000884,msha,no_injury_event,00,ACCIDENT ONLY,2020-12-11,2020,3606468,M,MILL OPERATION/PREPARATION PLANT,FIRE,"Accident type, without injuries",NO VALUE FOUND,NO VALUE FOUND,NO VALUE FOUND,NO VALUE FOUND,,0,"Milling machinery, Block press, Ballast machine",False,0,[],False,False,"4:30am flames observed on kiln 6 guard. Employees used garden type hose used for wash down located near site of the fire, reduced it to point where the guard could be opened. Once opened, fire extinguisher used to extinguish existing flames by 5:00 am. Oil level was above operating level for the reservoir causing it to drip off gear and onto hot kiln shell where it ignited.",67,"4:30am flames observed on kiln 6 guard. Employees used garden type hose used for wash down located near site of the fire, reduced it to point where the guard could be opened. Once opened, fire extinguisher used to extinguish existing flames by 5:00 am. Oil level was above operating level for the reservoir causing it to drip off gear and onto hot kiln shell where it ignited.",False,,,,train_candidate
msha_000885,msha,no_injury_event,00,ACCIDENT ONLY,2024-02-14,2024,3607230,C,SURFACE AT UNDERGROUND,HOISTING,"Accident type, without injuries",NO VALUE FOUND,NO VALUE FOUND,NO VALUE FOUND,NO VALUE FOUND,,0,"Elevator, Skip, Cage, Buckets, Mancage, Slope car ",False,0,[],False,False,Hoist operator was coming out of the shaft with an empty hook and came to an abrupt stop which triggered the slack rope switch. This caused a backlash in the load line cable causing the derailment of the load line from the point sheave.,44,Hoist operator was coming out of the shaft with an empty hook and came to an abrupt stop which triggered the slack rope switch. This caused a backlash in the load line cable causing the derailment of the load line from the point sheave.,False,,,,train_candidate
msha_000886,msha,no_injury_event,00,ACCIDENT ONLY,2024-10-20,2024,3607416,C,SURFACE AT UNDERGROUND,HOISTING,"Accident type, without injuries",NO VALUE FOUND,NO VALUE FOUND,NO VALUE FOUND,NO VALUE FOUND,,0,"Elevator, Skip, Cage, Buckets, Mancage, Slope car ",False,0,[],False,False,The hoist rope attached to the slope car was found to be damaged 16ft from the car. The car was taken out of service and 23 1/2 feet of cable was removed and the cable re-terminated on 10/20/24.,38,The hoist rope attached to the slope car was found to be damaged 16ft from the car. The car was taken out of service and 23 1/2 feet of cable was removed and the cable re-terminated on 10/20/24.,False,,,,train_candidate
msha_000901,msha,permanent_impairment,02,PERM TOT OR PERM PRTL DISABLTY,2025-05-28,2025,4503687,M,DREDGE,HANDLING OF MATERIALS,"Caught in, under or between a moving and a stationary object",Machine maintenance,"METAL,NEC(PIPE,WIRE,NAIL)",AMPUTATION OR ENUCLEATION,FINGER(S)/THUMB,2,1,NO VALUE FOUND,False,0,[],True,False,a miner's tip of EE's pinky was crushed between flanges while moving a large flexible hose,16,a miner's tip of EE's pinky was crushed between flanges while moving a large flexible hose,False,,,,train_candidate
msha_000903,msha,no_injury_event,00,ACCIDENT ONLY,2020-06-23,2020,4601968,C,MILL OPERATION/PREPARATION PLANT,FIRE,"Accident type, without injuries",NO VALUE FOUND,NO VALUE FOUND,NO VALUE FOUND,NO VALUE FOUND,,0,NO VALUE FOUND,False,0,[],False,False,"At approximately 4:20 PM the western slope of the Old Coarse Refuse was discovered to have 3-4 ""hot spots"". These areas were smoking/smoldering with no visible flames. This was potentially the result of spontaneous combustion, there were not any problems with mining machines, PPE, training or compliance issues.",48,"At approximately 4:20 PM the western slope of the Old Coarse Refuse was discovered to have 3-4 ""hot spots"". These areas were smoking/smoldering with no visible flames. This was potentially the result of spontaneous combustion, there were not any problems with mining machines, PPE, training or compliance issues.",False,,,,train_candidate
msha_000908,msha,permanent_impairment,02,PERM TOT OR PERM PRTL DISABLTY,2026-03-16,2026,4608878,C,UNDERGROUND,MACHINERY,"Caught in, under or between a moving and a stationary object","Roof bolter, Tramming",UNDERGRD MINING MACHINES,AMPUTATION OR ENUCLEATION,FINGER(S)/THUMB,,1,"Rock or roof bolting machine, Pinning machine, Truss bolter",False,0,[],True,False,The Employee was tramming the #11 Bolter from # 7 entry towards #6 entry. EE reached out to move EE's slack and ribbed the operators deck out crushing EE's hand. The employee has a fractured middle finger and partial amputation to the right pinky finger EE underwent surgery on the hand and received sutures.,54,The Employee was tramming the #11 Bolter from # 7 entry towards #6 entry. EE reached out to move EE's slack and ribbed the operators deck out crushing EE's hand. The employee has a fractured middle finger and partial amputation to the right pinky finger EE underwent surgery on the hand and received sutures.,False,,,,train_candidate
msha_000910,msha,no_injury_event,00,ACCIDENT ONLY,2023-08-31,2023,4609026,C,"STRIP, QUARY, OPEN PIT",FIRE,"Accident type, without injuries",NO VALUE FOUND,NO VALUE FOUND,NO VALUE FOUND,NO VALUE FOUND,,0,"Front-end loader, Tractor-shovel, Payloader, Highlift, Skip loader",False,0,[],False,False,"A hose ruptured, spraying flammable liquid on the turbo charger causing an equipment fire. The operator exited the loader. There were no injuries.",23,"A hose ruptured, spraying flammable liquid on the turbo charger causing an equipment fire. The operator exited the loader. There were no injuries.",False,,,,train_candidate
msha_000911,msha,no_injury_event,00,ACCIDENT ONLY,2021-02-25,2021,4609051,C,MILL OPERATION/PREPARATION PLANT,FIRE,"Accident type, without injuries",NO VALUE FOUND,NO VALUE FOUND,NO VALUE FOUND,NO VALUE FOUND,,0,NO VALUE FOUND,False,0,[],False,False,"Overland Belt Fire. Belt caught fire, possibly due to a faulty roller, after being shut down for lunch. The belt structure, belt, rollers and electrical equipment will need repaired/replaced.",29,"Overland Belt Fire. Belt caught fire, possibly due to a faulty roller, after being shut down for lunch. The belt structure, belt, rollers and electrical equipment will need repaired/replaced.",False,,,,train_candidate
msha_000920,msha,permanent_impairment,02,PERM TOT OR PERM PRTL DISABLTY,2016-06-08,2016,5001545,M,"STRIP, QUARY, OPEN PIT",MACHINERY,"Caught in, under or between a moving and a stationary object","Surface equipment, NEC",SURFACE MINING MACHINES,AMPUTATION OR ENUCLEATION,FINGER(S)/THUMB,80,1,"Carriage-mounted drills, Rail, Rubber-tired, Jumbo, Air-track drill",True,2,"[""driller""]",True,False,"A Contract Driller had finished changing the foot clamp jaws & prepared to change the top chuck jaws with the Driller Helper standing on the off side with EE's hand on the tower bracket on the back of the drill mast. Drill head was lowered and pinched the Helper's fingers b/t the head & lift cylinder mount bracket, avulsing the Right index & middle finger @ 2nd knuckle.",68,"A Contract Driller had finished changing the foot clamp jaws & prepared to change the top chuck jaws with the Driller Helper standing on the off side with EE's hand on the tower bracket on the back of the drill mast. Drill head was lowered and pinched the Helper's fingers b/t the head & lift cylinder mount bracket, avulsing the Right index & middle finger @ 2nd knuckle.",False,,,,train_candidate
msha_000925,msha,no_injury_event,00,ACCIDENT ONLY,2019-02-21,2019,0200024,M,MILL OPERATION/PREPARATION PLANT,FIRE,"Accident type, without injuries",NO VALUE FOUND,NO VALUE FOUND,NO VALUE FOUND,NO VALUE FOUND,,0,NO VALUE FOUND,False,0,[],False,False,A bearing seized and overheated causing flames to develop. The fire was extinguished 32 min. after company notification.,18,A bearing seized and overheated causing flames to develop. The fire was extinguished 32 min. after company notification.,False,,,,train_candidate
msha_000931,msha,no_injury_event,00,ACCIDENT ONLY,2021-06-15,2021,0502962,C,"STRIP, QUARY, OPEN PIT",FIRE,"Accident type, without injuries",NO VALUE FOUND,NO VALUE FOUND,NO VALUE FOUND,NO VALUE FOUND,,0,NO VALUE FOUND,False,0,[],False,False,A brush fire occurred just outside of the Collom pit. Outside resources were called to assist with controlling the fire. No structures or equipment were threatened by the fire and no one was injured. The cause of the fire is still under investigation.,43,A brush fire occurred just outside of the Collom pit. Outside resources were called to assist with controlling the fire. No structures or equipment were threatened by the fire and no one was injured. The cause of the fire is still under investigation.,False,,,,train_candidate
msha_000935,msha,permanent_impairment,02,PERM TOT OR PERM PRTL DISABLTY,2025-09-21,2025,0901204,M,"STRIP, QUARY, OPEN PIT",POWERED HAULAGE,"Caught in, under or between running or meshing objects",Machine maintenance,"FORKLIFTS,STACKERS,TRCTR",AMPUTATION OR ENUCLEATION,LOWER LEG/TIBIA/FIBULA,,1,"Forklift, Plant cat, Telehandler, Hyster, Lift truck, Skid steer ",False,0,[],True,False,"Employee got foot caught between a forklift fork and the side of a belt conveyor frame. Employee went to the hospital for care and the plant was notified of the injury. At this time, is is believed that the result is a broken ankle.",44,"Employee got foot caught between a forklift fork and the side of a belt conveyor frame. Employee went to the hospital for care and the plant was notified of the injury. At this time, is is believed that the result is a broken ankle.",False,,,,train_candidate
msha_000936,msha,no_injury_event,00,ACCIDENT ONLY,2019-07-07,2019,1000082,M,SURFACE AT UNDERGROUND,HOISTING,"Accident type, without injuries",NO VALUE FOUND,NO VALUE FOUND,NO VALUE FOUND,NO VALUE FOUND,,0,"Elevator, Skip, Cage, Buckets, Mancage, Slope car ",False,0,[],False,False,"No. 3 Hoist tripped out, would not reset. Called IT in Ontario Canada - long range dial stuck when taken out of man mode - reset manually to muck mode and re-set. Recommissioned shaft - back and running at 11:10 PM.",41,"No. 3 Hoist tripped out, would not reset. Called IT in Ontario Canada - long range dial stuck when taken out of man mode - reset manually to muck mode and re-set. Recommissioned shaft - back and running at 11:10 PM.",False,,,,train_candidate
msha_000938,msha,no_injury_event,00,ACCIDENT ONLY,2020-05-08,2020,1000088,M,SURFACE AT UNDERGROUND,HOISTING,"Accident type, without injuries",NO VALUE FOUND,NO VALUE FOUND,NO VALUE FOUND,NO VALUE FOUND,,0,"Elevator, Skip, Cage, Buckets, Mancage, Slope car ",False,0,[],False,False,The mechanics just finished their daily checks on the hoist when the hoist tripped out. The hoistman tried to reset the hoist with no success. The hoistman then tried to restart the hoist with the same result. The maintenance department discovered that the governor lever in the lilly's had fallen out of place. With the lever out of place the hoist will trip out & not reset.,67,The mechanics just finished their daily checks on the hoist when the hoist tripped out. The hoistman tried to reset the hoist with no success. The hoistman then tried to restart the hoist with the same result. The maintenance department discovered that the governor lever in the lilly's had fallen out of place. With the lever out of place the hoist will trip out & not reset.,False,,,,train_candidate
msha_000944,msha,no_injury_event,00,ACCIDENT ONLY,2022-07-26,2022,1103143,C,MILL OPERATION/PREPARATION PLANT,FIRE,"Accident type, without injuries",NO VALUE FOUND,NO VALUE FOUND,NO VALUE FOUND,NO VALUE FOUND,,0,NO VALUE FOUND,False,0,[],False,False,A hot spot was discovered on the east side of the clean coal pile near the Wash Plant. No one was injured. The affected material was transported off property and/or rewashed.,31,A hot spot was discovered on the east side of the clean coal pile near the Wash Plant. No one was injured. The affected material was transported off property and/or rewashed.,False,,,,train_candidate
msha_000949,msha,no_injury_event,00,ACCIDENT ONLY,2024-05-01,2024,1301617,M,MILL OPERATION/PREPARATION PLANT,FIRE,"Accident type, without injuries",NO VALUE FOUND,NO VALUE FOUND,NO VALUE FOUND,NO VALUE FOUND,,0,NO VALUE FOUND,False,0,[],False,False,"No actual flames were found, but a hot spot of smoldering coke was found on top of our coke tank. Water was used to put out the smoldering coke, it was later discovered that a steel beam underneath the smoldering coke and some material inside the tank had reached a temperature of 1200 degrees. The fire suppression system was deployed and the fire department called.",65,"No actual flames were found, but a hot spot of smoldering coke was found on top of our coke tank. Water was used to put out the smoldering coke, it was later discovered that a steel beam underneath the smoldering coke and some material inside the tank had reached a temperature of 1200 degrees. The fire suppression system was deployed and the fire department called.",False,,,,train_candidate
msha_000956,msha,no_injury_event,00,ACCIDENT ONLY,2025-09-12,2025,2000422,M,"STRIP, QUARY, OPEN PIT",FIRE,"Accident type, without injuries",NO VALUE FOUND,NO VALUE FOUND,NO VALUE FOUND,NO VALUE FOUND,,0,Ore haulage trucks - off highway trucks,False,0,[],False,False,A fire occurred on a Komatsu 930E Surface Mining truck. The area was secured to prevent harm from potential hazards for the duration of the exposure. External fire response agencies were immediately contacted and extinguished the fire when conditions allowed.,40,A fire occurred on a Komatsu 930E Surface Mining truck. The area was secured to prevent harm from potential hazards for the duration of the exposure. External fire response agencies were immediately contacted and extinguished the fire when conditions allowed.,False,,,,train_candidate
msha_000960,msha,permanent_impairment,02,PERM TOT OR PERM PRTL DISABLTY,2024-03-22,2024,2401879,M,SURFACE AT UNDERGROUND,HANDTOOLS (NONPOWERED),Struck by... NEC,Hand tools (not powered),"AXE,HAMMER,SLEDGE",AMPUTATION OR ENUCLEATION,FINGER(S)/THUMB,27,1,Hand tools (not powered),False,0,[],True,False,"While holding a metal punch, 6lbs hammer glanced off and contacted left middle finger resulting in crush injury. Employee was holding punch with wrench in an attempt to keep hands free of hazard but glancing blow from hammer contacted hand. Employee was seen by medic and transported to ER for care.",51,"While holding a metal punch, 6lbs hammer glanced off and contacted left middle finger resulting in crush injury. Employee was holding punch with wrench in an attempt to keep hands free of hazard but glancing blow from hammer contacted hand. Employee was seen by medic and transported to ER for care.",False,,,,train_candidate
msha_000964,msha,permanent_impairment,02,PERM TOT OR PERM PRTL DISABLTY,2024-03-17,2024,2600680,M,MILL OPERATION/PREPARATION PLANT,HANDLING OF MATERIALS,"Caught in, under or between a moving and a stationary object",Machine maintenance,"METAL,NEC(PIPE,WIRE,NAIL)",AMPUTATION OR ENUCLEATION,FINGER(S)/THUMB,0,1,NO VALUE FOUND,False,0,[],True,False,"Employee was conducting maintenance on a disconnected rotary seal valve. Employee spun the internal rotor manually with EE's left hand to check tolerances, when the middle finger of EE's left hand was caught between the vein of the rotor and the housing of the rotary seal valve. This resulted in a fingertip amputation just below the nail.",57,"Employee was conducting maintenance on a disconnected rotary seal valve. Employee spun the internal rotor manually with EE's left hand to check tolerances, when the middle finger of EE's left hand was caught between the vein of the rotor and the housing of the rotary seal valve. This resulted in a fingertip amputation just below the nail.",False,,,,train_candidate
msha_000994,msha,no_injury_event,00,ACCIDENT ONLY,2025-04-17,2025,4101072,M,DREDGE,ELECTRICAL,"Accident type, without injuries",NO VALUE FOUND,NO VALUE FOUND,NO VALUE FOUND,NO VALUE FOUND,,0,NO VALUE FOUND,False,0,[],False,False,"The 167 KVA 7200V-480/240V transformer failed due to age. The transformer had been in service for over 30 years and there was no evidence of a fault external to the transformer itself. The fire was contained within the transformer containment. EMS was notified but had to wait until the power company could turn off power to extinguish the fire, causing it to go over 30 minutes.",66,"The 167 KVA 7200V-480/240V transformer failed due to age. The transformer had been in service for over 30 years and there was no evidence of a fault external to the transformer itself. The fire was contained within the transformer containment. EMS was notified but had to wait until the power company could turn off power to extinguish the fire, causing it to go over 30 minutes.",False,,,,train_candidate
msha_000998,msha,no_injury_event,00,ACCIDENT ONLY,2014-07-15,2014,4103101,C,"STRIP, QUARY, OPEN PIT",FIRE,"Accident type, without injuries",NO VALUE FOUND,NO VALUE FOUND,NO VALUE FOUND,NO VALUE FOUND,0,0,NO VALUE FOUND,True,2,"[""gas well""]",False,False,"Lighting storm passing thru the area must have struck the separator tank on a gas well location. MSHA, fire department and the production foreman of the well were notified. The production foreman from Memorial Resource Development and the fire department made the decision to allow the fire to burn itself out.",51,"Lighting storm passing thru the area must have struck the separator tank on a gas well location. MSHA, fire department and the production foreman of the well were notified. The production foreman from Memorial Resource Development and the fire department made the decision to allow the fire to burn itself out.",False,,,,train_candidate
msha_001000,msha,fatal,01,FATALITY,2022-12-16,2022,4105317,M,MILL OPERATION/PREPARATION PLANT,MACHINERY,Struck by falling object,Machine maintenance,SURFACE MINING MACHINES,MULTIPLE INJURIES,MULTIPLE PARTS (MORE THAN ONE MAJOR),,1,"Shovel, Power shovel, Backhoe, Trackhoe, Dragline - Big Muskie",False,0,[],True,True,"Employee was working with a 3 man crew dismantling a Caterpillar 390F Excavator. During dismantling, EE was impacted by the counterweight. The other 2 crew members did not witness the accident.",31,"Employee was working with a 3 man crew dismantling a Caterpillar 390F Excavator. During dismantling, EE was impacted by the counterweight. The other 2 crew members did not witness the accident.",False,,,,train_candidate
msha_001002,msha,no_injury_event,00,ACCIDENT ONLY,2020-10-26,2020,4201566,C,SURFACE AT UNDERGROUND,FIRE,"Accident type, without injuries",NO VALUE FOUND,NO VALUE FOUND,NO VALUE FOUND,NO VALUE FOUND,,0,NO VALUE FOUND,False,0,[],False,False,A fire at the tail of BC8 surface belt was found by surface employees. This fire was in the tunnel exiting the crusher building. Fire was out by 5:00 am. A distance of 135 feet of top belt and 135 feet of bottom belt was burned. All communication to and from the mine was lost. Was able to contact MSHA at 4:35 am by cell phone by leaving the mine property.,71,A fire at the tail of BC8 surface belt was found by surface employees. This fire was in the tunnel exiting the crusher building. Fire was out by 5:00 am. A distance of 135 feet of top belt and 135 feet of bottom belt was burned. All communication to and from the mine was lost. Was able to contact MSHA at 4:35 am by cell phone by leaving the mine property.,False,,,,train_candidate
msha_001008,msha,fatal,01,FATALITY,2022-08-17,2022,4608864,C,UNDERGROUND,POWERED HAULAGE,"Caught in, under or between a moving and a stationary object",Idle,"NARO G RAIL CR,MTR-UG EQP",CRUSHING,"HEAD,NEC",,1,"Locomotive, (motor) - rail-mounted (Battery, Steam, Electric, Air)",False,0,[],True,True,"A miner was fatally injured when the supply car on which they were sitting was struck by a locomotive, causing them to fall where they were crushed between the coupler and deck of the supply car.",36,"A miner was fatally injured when the supply car on which they were sitting was struck by a locomotive, causing them to fall where they were crushed between the coupler and deck of the supply car.",False,,,,train_candidate
msha_001010,msha,no_injury_event,00,ACCIDENT ONLY,2023-03-27,2023,4608864,C,MILL OPERATION/PREPARATION PLANT,FIRE,"Accident type, without injuries",NO VALUE FOUND,NO VALUE FOUND,NO VALUE FOUND,NO VALUE FOUND,,0,NO VALUE FOUND,False,0,[],False,False,A fire occurred in the Prep Plant while conducting maintenance work during an idle shift.,15,A fire occurred in the Prep Plant while conducting maintenance work during an idle shift.,False,,,,train_candidate
msha_001014,msha,no_injury_event,00,ACCIDENT ONLY,2024-09-01,2024,4800993,C,"STRIP, QUARY, OPEN PIT",FIRE,"Accident type, without injuries",NO VALUE FOUND,NO VALUE FOUND,NO VALUE FOUND,NO VALUE FOUND,,0,NO VALUE FOUND,False,0,[],False,False,Do not know the cause of the fire. Fire on top of Silo. No personnel at risk.,17,Do not know the cause of the fire. Fire on top of Silo. No personnel at risk.,False,,,,train_candidate
msha_001016,msha,no_injury_event,00,ACCIDENT ONLY,2025-09-22,2025,4801034,C,"STRIP, QUARY, OPEN PIT",FIRE,"Accident type, without injuries",NO VALUE FOUND,NO VALUE FOUND,NO VALUE FOUND,NO VALUE FOUND,,0,NO VALUE FOUND,False,0,[],False,False,Smoker was identified in area 8 north. No people or resources are at risk.,14,Smoker was identified in area 8 north. No people or resources are at risk.,False,,,,train_candidate
msha_001017,msha,no_injury_event,00,ACCIDENT ONLY,2023-03-18,2023,4801200,C,"STRIP, QUARY, OPEN PIT",FIRE,"Accident type, without injuries",NO VALUE FOUND,NO VALUE FOUND,NO VALUE FOUND,NO VALUE FOUND,,0,NO VALUE FOUND,False,0,[],False,False,"Smoker was noticed in the SW corner of the A-Seam on panel B at the toe of the coal seam at the backfill 4 elevation. Smoker will be extinguished by means of dumping dirt, and pushing over the berm with a rubber tire dozer. Expected time to extinguish is less than 2 hours.",53,"Smoker was noticed in the SW corner of the A-Seam on panel B at the toe of the coal seam at the backfill 4 elevation. Smoker will be extinguished by means of dumping dirt, and pushing over the berm with a rubber tire dozer. Expected time to extinguish is less than 2 hours.",False,,,,train_candidate
msha_001021,msha,no_injury_event,00,ACCIDENT ONLY,2020-06-15,2020,0100851,C,SURFACE AT UNDERGROUND,HOISTING,"Accident type, without injuries",NO VALUE FOUND,NO VALUE FOUND,NO VALUE FOUND,NO VALUE FOUND,,0,"Elevator, Skip, Cage, Buckets, Mancage, Slope car ",False,0,[],False,False,The South Portal Material Hoist was taken down to change the rope due to wear. MSHA was notified when the hoist was taken out of service and also notified when the hoist was put back into service via the hotline.,40,The South Portal Material Hoist was taken down to change the rope due to wear. MSHA was notified when the hoist was taken out of service and also notified when the hoist was put back into service via the hotline.,False,,,,train_candidate
msha_001022,msha,no_injury_event,00,ACCIDENT ONLY,2023-09-18,2023,0100851,C,SURFACE AT UNDERGROUND,HOISTING,"Accident type, without injuries",NO VALUE FOUND,NO VALUE FOUND,NO VALUE FOUND,NO VALUE FOUND,,0,"Elevator, Skip, Cage, Buckets, Mancage, Slope car ",False,0,[],False,False,"The SP Material Hoist was taken out of service to replace the axle on the car. The axle had a bent wheel. The axle is being changed, the hoist will be tested, and placed back into service.",37,"The SP Material Hoist was taken out of service to replace the axle on the car. The axle had a bent wheel. The axle is being changed, the hoist will be tested, and placed back into service.",False,,,,train_candidate
msha_001023,msha,no_injury_event,00,ACCIDENT ONLY,2025-01-22,2025,0100851,C,SURFACE AT UNDERGROUND,HOISTING,"Accident type, without injuries",NO VALUE FOUND,NO VALUE FOUND,NO VALUE FOUND,NO VALUE FOUND,,0,"Elevator, Skip, Cage, Buckets, Mancage, Slope car ",False,0,[],False,False,"The SP Elevator was taken out of service after it was found that 2 ropes were out of time on the main sheave. The ropes were put back in time, the ropes were cleaned, the ropes were lubricated, the ropes were inspected, the ropes tensioned, the elevator tested, and placed back into service by the servicing elevator company. MSHA was notified via the hotline.",64,"The SP Elevator was taken out of service after it was found that 2 ropes were out of time on the main sheave. The ropes were put back in time, the ropes were cleaned, the ropes were lubricated, the ropes were inspected, the ropes tensioned, the elevator tested, and placed back into service by the servicing elevator company. MSHA was notified via the hotline.",False,,,,train_candidate
msha_001028,msha,no_injury_event,00,ACCIDENT ONLY,2021-03-12,2021,0200736,M,"STRIP, QUARY, OPEN PIT",POWERED HAULAGE,"Accident type, without injuries",NO VALUE FOUND,NO VALUE FOUND,NO VALUE FOUND,NO VALUE FOUND,,0,"Trucks, Service truck, Utility truck, Pickup, Water truck, Fuel truck",False,0,[],False,False,"Front end loader was screening riprap and a water truck drove in behind the loader to wet material. The loader backed up and hit the front of water truck, there were no injuries to any employees (only 2 employees working) only damage to the front of the water truck.",49,"Front end loader was screening riprap and a water truck drove in behind the loader to wet material. The loader backed up and hit the front of water truck, there were no injuries to any employees (only 2 employees working) only damage to the front of the water truck.",False,,,,train_candidate
msha_001032,msha,fatal,01,FATALITY,2022-01-26,2022,0301867,M,"STRIP, QUARY, OPEN PIT",POWERED HAULAGE,"Caught in, under or between a moving and a stationary object",Machine maintenance,"HGHWY ORE CARIER,LRGE TRK",CRUSHING,HIPS (PELVIS/ORGANS/KIDNEYS/BUTTOCKS),,1,Ore haulage trucks -  on highway trucks,False,0,[],True,True,EE was operating a loader at our pit. A co-worker was in a dump truck & was there to get loaded with but was having trouble with the air in the truck. The co-worker radioed to EE to go ahead and load another truck. EE returned from loading another truck and crawled underneath the co-worker's truck without telling the co-worker. The truck then rolled back on top of EE.,69,EE was operating a loader at our pit. A co-worker was in a dump truck & was there to get loaded with but was having trouble with the air in the truck. The co-worker radioed to EE to go ahead and load another truck. EE returned from loading another truck and crawled underneath the co-worker's truck without telling the co-worker. The truck then rolled back on top of EE.,False,,,,train_candidate
msha_001035,msha,no_injury_event,00,ACCIDENT ONLY,2026-06-28,2026,0402964,M,MILL OPERATION/PREPARATION PLANT,FIRE,"Accident type, without injuries",NO VALUE FOUND,NO VALUE FOUND,NO VALUE FOUND,NO VALUE FOUND,,0,NO VALUE FOUND,False,0,[],False,False,"Transformer sparked due to a raven coming into contact with electric components causing area to catch on fire. this was not in the main facility, and there were no injuries. the facility was not running and there were no miners at the site at the time of the incident.",49,"Transformer sparked due to a raven coming into contact with electric components causing area to catch on fire. this was not in the main facility, and there were no injuries. the facility was not running and there were no miners at the site at the time of the incident.",False,,,,train_candidate
msha_001040,msha,no_injury_event,00,ACCIDENT ONLY,2025-10-03,2025,0500344,M,MILL OPERATION/PREPARATION PLANT,FIRE,"Accident type, without injuries",NO VALUE FOUND,NO VALUE FOUND,NO VALUE FOUND,NO VALUE FOUND,,0,NO VALUE FOUND,False,0,[],False,False,"On 10/03/25 at 8:35 am, the coal mill operation began. At 9:26 am, the control operator noticed a fire on the coal mill line. Employees secured the area and tried to extinguish it. When it persisted, the Hygiene Fire Dept. was called at 9:44 am and arrived at 9:56 am. MSHA was notified the same day and visited on 10/06/25 to review the area and follow up on the investigation.",70,"On 10/03/25 at 8:35 am, the coal mill operation began. At 9:26 am, the control operator noticed a fire on the coal mill line. Employees secured the area and tried to extinguish it. When it persisted, the Hygiene Fire Dept. was called at 9:44 am and arrived at 9:56 am. MSHA was notified the same day and visited on 10/06/25 to review the area and follow up on the investigation.",False,,,,train_candidate
msha_001042,msha,no_injury_event,00,ACCIDENT ONLY,2022-01-02,2022,1000082,M,SURFACE AT UNDERGROUND,HOISTING,"Accident type, without injuries",NO VALUE FOUND,NO VALUE FOUND,NO VALUE FOUND,NO VALUE FOUND,,0,"Elevator, Skip, Cage, Buckets, Mancage, Slope car ",False,0,[],False,False,Electrical Sub-station located 5-6 miles from mine site (not associated with mine) lost an insulator from snow load and tripped out causing power outage to mine (total property),28,Electrical Sub-station located 5-6 miles from mine site (not associated with mine) lost an insulator from snow load and tripped out causing power outage to mine (total property),False,,,,train_candidate
msha_001044,msha,no_injury_event,00,ACCIDENT ONLY,2020-02-24,2020,1000088,M,SURFACE AT UNDERGROUND,HOISTING,"Accident type, without injuries",NO VALUE FOUND,NO VALUE FOUND,NO VALUE FOUND,NO VALUE FOUND,,0,"Elevator, Skip, Cage, Buckets, Mancage, Slope car ",False,0,[],False,False,Lost power to both hoists due to a power outage caused by heavy snow. Power coming into the mine site was lost.,22,Lost power to both hoists due to a power outage caused by heavy snow. Power coming into the mine site was lost.,False,,,,train_candidate
msha_001046,msha,no_injury_event,00,ACCIDENT ONLY,2019-11-04,2019,1102546,C,MILL OPERATION/PREPARATION PLANT,FIRE,"Accident type, without injuries",NO VALUE FOUND,NO VALUE FOUND,NO VALUE FOUND,NO VALUE FOUND,,0,NO VALUE FOUND,False,0,[],False,False,The raw coal pile at the Preparation Plant had 3 separate locations where there was smoke and warming coming from the coal.,22,The raw coal pile at the Preparation Plant had 3 separate locations where there was smoke and warming coming from the coal.,False,,,,train_candidate
msha_001050,msha,no_injury_event,00,ACCIDENT ONLY,2008-12-10,2008,1301225,M,UNDERGROUND,FIRE,"Accident type, without injuries",NO VALUE FOUND,NO VALUE FOUND,NO VALUE FOUND,NO VALUE FOUND,0,0,"Crane, Cherry picker, Lift basket, Scissor truck, Boom truck",True,2,"[""driller""]",False,False,"At the end of shift as the driller was backing his drill away from a heading, he noticed a fire. He exited the machine and found the flames too intense to activate the onboard fire suppression system. He ran to an equipment parking area, sounded the fire alarm, the mine was evacuated without incident or injury. MSHA one call was initiated, the mine was barracaded and attended.",67,"At the end of shift as the driller was backing his drill away from a heading, he noticed a fire. He exited the machine and found the flames too intense to activate the onboard fire suppression system. He ran to an equipment parking area, sounded the fire alarm, the mine was evacuated without incident or injury. MSHA one call was initiated, the mine was barracaded and attended.",False,,,,train_candidate
msha_001067,msha,no_injury_event,00,ACCIDENT ONLY,2025-07-05,2025,2103352,M,"STRIP, QUARY, OPEN PIT",FIRE,"Accident type, without injuries",NO VALUE FOUND,NO VALUE FOUND,NO VALUE FOUND,NO VALUE FOUND,,0,"Trucks, Service truck, Utility truck, Pickup, Water truck, Fuel truck",False,0,[],False,False,"61 was filling A fuel truck. They felt their back getting warm and saw that there was a fire. They exited the truck and ran a safe distance. Called the onsite fire department and also had the guard shack call the fire department. There were no injuries, and the truck was a total loss. Fire reported at 7:52 and MSHA was notified at 8:17 am.",65,"61 was filling A fuel truck. They felt their back getting warm and saw that there was a fire. They exited the truck and ran a safe distance. Called the onsite fire department and also had the guard shack call the fire department. There were no injuries, and the truck was a total loss. Fire reported at 7:52 and MSHA was notified at 8:17 am.",False,,,,train_candidate
msha_001072,msha,no_injury_event,00,ACCIDENT ONLY,2025-02-17,2025,2300284,M,MILL OPERATION/PREPARATION PLANT,FIRE,"Accident type, without injuries",NO VALUE FOUND,NO VALUE FOUND,NO VALUE FOUND,NO VALUE FOUND,,0,"Conveyor, Belt feeder, Stage loader, Hopper shaker, Belt structure",False,0,[],False,False,Fire burned the tube belt and caused a galley to fall. Called in immediately to MSHA,16,Fire burned the tube belt and caused a galley to fall. Called in immediately to MSHA,False,,,,train_candidate
msha_001087,msha,no_injury_event,00,ACCIDENT ONLY,2022-09-04,2022,3000663,M,SURFACE AT UNDERGROUND,HOISTING,"Accident type, without injuries",NO VALUE FOUND,NO VALUE FOUND,NO VALUE FOUND,NO VALUE FOUND,,0,"Elevator, Skip, Cage, Buckets, Mancage, Slope car ",False,0,[],False,False,A call was made to MSHA's hotline due to the thought that the #3 hoist brakes were not working properly. This call was made by mistake due to a misunderstanding. MSHA arrived on site on 9/6 to better understand the situation and had no findings.,45,A call was made to MSHA's hotline due to the thought that the #3 hoist brakes were not working properly. This call was made by mistake due to a misunderstanding. MSHA arrived on site on 9/6 to better understand the situation and had no findings.,False,,,,train_candidate
msha_001088,msha,no_injury_event,00,ACCIDENT ONLY,2023-12-28,2023,3000663,M,SURFACE AT UNDERGROUND,HOISTING,"Accident type, without injuries",NO VALUE FOUND,NO VALUE FOUND,NO VALUE FOUND,NO VALUE FOUND,,0,"Elevator, Skip, Cage, Buckets, Mancage, Slope car ",False,0,[],False,False,"Mine signal switch was discovered to be faulty, equipment was cleaned and replaced, test trips were done, travel resumed within 50 minutes of equipt. malfunction discovery.",26,"Mine signal switch was discovered to be faulty, equipment was cleaned and replaced, test trips were done, travel resumed within 50 minutes of equipt. malfunction discovery.",False,,,,train_candidate
msha_001096,msha,no_injury_event,00,ACCIDENT ONLY,2020-04-16,2020,3301993,M,SURFACE AT UNDERGROUND,HOISTING,"Accident type, without injuries",NO VALUE FOUND,NO VALUE FOUND,NO VALUE FOUND,NO VALUE FOUND,,0,"Elevator, Skip, Cage, Buckets, Mancage, Slope car ",False,0,[],False,False,North Skip on Production Hoist overtraveled causing damage to Skip and scroll plates. Replaced skip with spare and performing troubleshooting on PLC with engineering group.,25,North Skip on Production Hoist overtraveled causing damage to Skip and scroll plates. Replaced skip with spare and performing troubleshooting on PLC with engineering group.,False,,,,train_candidate
msha_001101,msha,no_injury_event,00,ACCIDENT ONLY,2019-02-22,2019,3601977,C,"STRIP, QUARY, OPEN PIT",POWERED HAULAGE,"Accident type, without injuries",NO VALUE FOUND,NO VALUE FOUND,NO VALUE FOUND,NO VALUE FOUND,,0,Ore haulage trucks - off highway trucks,False,0,[],False,False,No injury - near miss accident - Employee was dumping load out of 785B truck - pulled out with the box up & made contact with overhead power lines.,29,No injury - near miss accident - Employee was dumping load out of 785B truck - pulled out with the box up & made contact with overhead power lines.,False,,,,train_candidate
msha_001111,msha,fatal,01,FATALITY,2023-03-09,2023,4100072,M,"STRIP, QUARY, OPEN PIT",POWERED HAULAGE,"Caught in, under or between a moving and a stationary object",Unknown,"HGHWY ORE CARIER,LRGE TRK",CRUSHING,"TRUNK, MULTIPLE PARTS",,1,Ore haulage trucks -  on highway trucks,False,0,[],True,True,At time of filing it is believed a front-end loader struck the back of the tractor trailer. The position of the victim at the time of the accident is still under investigation. The victim was found under the rear driver's side tires of the tractor.,45,At time of filing it is believed a front-end loader struck the back of the tractor trailer. The position of the victim at the time of the accident is still under investigation. The victim was found under the rear driver's side tires of the tractor.,False,,,,train_candidate
msha_001117,msha,no_injury_event,00,ACCIDENT ONLY,2023-06-27,2023,4103327,M,"STRIP, QUARY, OPEN PIT",POWERED HAULAGE,"Accident type, without injuries",NO VALUE FOUND,NO VALUE FOUND,NO VALUE FOUND,NO VALUE FOUND,,0,"Front-end loader, Tractor-shovel, Payloader, Highlift, Skip loader",False,0,[],False,False,"Equipment versus employee vehicle, no injury, damage to vehicle only. Daylight, no adverse weather conditions. Damage to driver's side door of employee's vehicle. Damage estimate of $3528. Equipment operator did not see emplyee's open door and caught door with edge of bucket.",42,"Equipment versus employee vehicle, no injury, damage to vehicle only. Daylight, no adverse weather conditions. Damage to driver's side door of employee's vehicle. Damage estimate of $3528. Equipment operator did not see emplyee's open door and caught door with edge of bucket.",False,,,,train_candidate
msha_001118,msha,permanent_impairment,02,PERM TOT OR PERM PRTL DISABLTY,2026-07-27,2026,4400068,M,MILL OPERATION/PREPARATION PLANT,HANDTOOLS (NONPOWERED),"Caught in, under or between a moving and a stationary object",Machine maintenance,"METAL,NEC(PIPE,WIRE,NAIL)",AMPUTATION OR ENUCLEATION,FINGER(S)/THUMB,,1,Hand tools (not powered),False,0,[],True,False,"A maintenance repairman was checking bearing shaft side to side clearance on a feeder vane, when another employee moved the bearing shaft. Their fingertip was cut off during the movement. They sought medical treatment for care of the finger tip.",40,"A maintenance repairman was checking bearing shaft side to side clearance on a feeder vane, when another employee moved the bearing shaft. Their fingertip was cut off during the movement. They sought medical treatment for care of the finger tip.",False,,,,train_candidate
msha_001123,msha,no_injury_event,00,ACCIDENT ONLY,2019-10-01,2019,4601544,C,SURFACE AT UNDERGROUND,HOISTING,"Accident type, without injuries",NO VALUE FOUND,NO VALUE FOUND,NO VALUE FOUND,NO VALUE FOUND,,0,"Elevator, Skip, Cage, Buckets, Mancage, Slope car ",False,0,[],False,False,A non injury incident occurred when the axle to the weight car broke. All personnel were withdrawn from the mine. Both the primary and alternate escapeways were available for use. NO PERSONS WERE INJURED. The weight car was removed and the slope car was returned to service approximately 50 minutes later.,51,A non injury incident occurred when the axle to the weight car broke. All personnel were withdrawn from the mine. Both the primary and alternate escapeways were available for use. NO PERSONS WERE INJURED. The weight car was removed and the slope car was returned to service approximately 50 minutes later.,False,,,,train_candidate
msha_001126,msha,no_injury_event,00,ACCIDENT ONLY,2024-08-14,2024,4604168,C,SURFACE AT UNDERGROUND,MACHINERY,"Accident type, without injuries",NO VALUE FOUND,NO VALUE FOUND,NO VALUE FOUND,NO VALUE FOUND,,0,Fan,False,0,[],False,False,The UPS ( Uninterrupted Power Supply ) to the Galloway Fan Motor failed causing loss of power to motor.,19,The UPS ( Uninterrupted Power Supply ) to the Galloway Fan Motor failed causing loss of power to motor.,False,,,,train_candidate
msha_001136,msha,no_injury_event,00,ACCIDENT ONLY,2023-11-17,2023,4800152,M,MILL OPERATION/PREPARATION PLANT,HOISTING,"Accident type, without injuries",NO VALUE FOUND,NO VALUE FOUND,NO VALUE FOUND,NO VALUE FOUND,,0,"Elevator, Skip, Cage, Buckets, Mancage, Slope car ",False,0,[],False,False,Elevator tripped at Mono Utilities contractor was stuck in the elevator and released at 6:52AM. Safety was notified at 7:25AM and contacted MSHA at 7:35AM.,25,Elevator tripped at Mono Utilities contractor was stuck in the elevator and released at 6:52AM. Safety was notified at 7:25AM and contacted MSHA at 7:35AM.,False,,,,train_candidate
msha_001137,msha,no_injury_event,00,ACCIDENT ONLY,2022-08-05,2022,4800977,C,"STRIP, QUARY, OPEN PIT",FIRE,"Accident type, without injuries",NO VALUE FOUND,NO VALUE FOUND,NO VALUE FOUND,NO VALUE FOUND,,0,NO VALUE FOUND,False,0,[],False,False,"A coal wall fire started from spontaneous combustion, in an inactive area of the mine property. It burned for over 30 minutes, due to difficult access.",26,"A coal wall fire started from spontaneous combustion, in an inactive area of the mine property. It burned for over 30 minutes, due to difficult access.",False,,,,train_candidate
msha_001139,msha,fatal,01,FATALITY,2011-09-01,2011,4801353,C,"STRIP, QUARY, OPEN PIT",MACHINERY,Struck by... NEC,"Surface equipment, NEC",SURFACE MINING MACHINES,MULTIPLE INJURIES,MULTIPLE PARTS (MORE THAN ONE MAJOR),0,1,"Carriage-mounted drills, Rail, Rubber-tired, Jumbo, Air-track drill",True,2,"[""drill pipe""]",True,True,Drill crew was attempting to back off a stuck drill pipe. A wire rope snub line was used to secure the worm tong. The snub line failed and the tong struck the employee resulting in fatal injuries.,37,Drill crew was attempting to back off a stuck drill pipe. A wire rope snub line was used to secure the worm tong. The snub line failed and the tong struck the employee resulting in fatal injuries.,False,,,,train_candidate
msha_001141,msha,no_injury_event,00,ACCIDENT ONLY,2021-08-10,2021,0100851,C,SURFACE AT UNDERGROUND,HOISTING,"Accident type, without injuries",NO VALUE FOUND,NO VALUE FOUND,NO VALUE FOUND,NO VALUE FOUND,,0,"Elevator, Skip, Cage, Buckets, Mancage, Slope car ",False,0,[],False,False,"The NP Hoist was found to have a fault from the rope slip sensor. The sensor was checked and not working. The hoist was taken out of service until the sensor could be changed. The sensor was changed, the hoist was inspected, and placed back into service. MSHA was notified on site and via the hotline.",56,"The NP Hoist was found to have a fault from the rope slip sensor. The sensor was checked and not working. The hoist was taken out of service until the sensor could be changed. The sensor was changed, the hoist was inspected, and placed back into service. MSHA was notified on site and via the hotline.",False,,,,train_candidate
msha_001146,msha,no_injury_event,00,ACCIDENT ONLY,2020-01-21,2020,0103101,C,MILL OPERATION/PREPARATION PLANT,FIRE,"Accident type, without injuries",NO VALUE FOUND,NO VALUE FOUND,NO VALUE FOUND,NO VALUE FOUND,,0,NO VALUE FOUND,False,0,[],False,False,A fire was discovered at the North Pratt Bathhouse area in a location of old offices that were locked off to the miners.,23,A fire was discovered at the North Pratt Bathhouse area in a location of old offices that were locked off to the miners.,False,,,,train_candidate
msha_001148,msha,no_injury_event,00,ACCIDENT ONLY,2020-02-19,2020,0200135,M,MILL OPERATION/PREPARATION PLANT,FIRE,"Accident type, without injuries",NO VALUE FOUND,NO VALUE FOUND,NO VALUE FOUND,NO VALUE FOUND,,0,"Screen, Vibrator, Shaker, Rock screener, Scalper",False,0,[],False,False,Uncontrolled fire occurred at the #1 standard crusher polyurethane / rubber screens in the secondary crusher building. 1 contractor and 1 Asarco employee were cutting retaining bolts with a oxygen/acetylene torch starting the fire with hot slag.,37,Uncontrolled fire occurred at the #1 standard crusher polyurethane / rubber screens in the secondary crusher building. 1 contractor and 1 Asarco employee were cutting retaining bolts with a oxygen/acetylene torch starting the fire with hot slag.,False,,,,train_candidate
msha_001168,msha,no_injury_event,00,ACCIDENT ONLY,2013-01-18,2013,1000082,M,SURFACE AT UNDERGROUND,HOISTING,"Accident type, without injuries",NO VALUE FOUND,NO VALUE FOUND,NO VALUE FOUND,NO VALUE FOUND,0,0,"Elevator, Skip, Cage, Buckets, Mancage, Slope car ",True,2,"[""oil tank""]",False,False,An electric pump that supplies the gravity oil tank burned a fuse which tripped the safeties and shut down the hoist. Because of a faulty fuse panel the back-up pump did not automatically take over. The primary hoist was still operational and no one was stranded due to this occurrence.,50,An electric pump that supplies the gravity oil tank burned a fuse which tripped the safeties and shut down the hoist. Because of a faulty fuse panel the back-up pump did not automatically take over. The primary hoist was still operational and no one was stranded due to this occurrence.,False,,,,train_candidate
msha_001177,msha,no_injury_event,00,ACCIDENT ONLY,2024-11-27,2024,1103141,C,SURFACE AT UNDERGROUND,FIRE,"Accident type, without injuries",NO VALUE FOUND,NO VALUE FOUND,NO VALUE FOUND,NO VALUE FOUND,,0,"Carriage-mounted drills, Rail, Rubber-tired, Jumbo, Air-track drill",True,4,"[""drill rig"", ""drilling rig""]",False,False,"An Atlas Copco T4W drilling rig was in the process of drilling a hole into the mine that would be used for a turbine pump. All work ceased around 3:00pm on 11/27/2024 and the workers left the site. At approximately 7:15pm that evening, a neighbor heard a loud pop and saw flames at the drill rig, which burned for more than 30 minutes",63,"An Atlas Copco T4W drilling rig was in the process of drilling a hole into the mine that would be used for a turbine pump. All work ceased around 3:00pm on 11/27/2024 and the workers left the site. At approximately 7:15pm that evening, a neighbor heard a loud pop and saw flames at the drill rig, which burned for more than 30 minutes",False,,,,train_candidate
msha_001178,msha,no_injury_event,00,ACCIDENT ONLY,2024-11-14,2024,1103143,C,MILL OPERATION/PREPARATION PLANT,FIRE,"Accident type, without injuries",NO VALUE FOUND,NO VALUE FOUND,NO VALUE FOUND,NO VALUE FOUND,,0,NO VALUE FOUND,False,0,[],False,False,A hot spot was discovered on the south and west side of the PEEP raw coal pile. No one was injured. The affected material was moved from the property.,29,A hot spot was discovered on the south and west side of the PEEP raw coal pile. No one was injured. The affected material was moved from the property.,False,,,,train_candidate
msha_001179,msha,no_injury_event,00,ACCIDENT ONLY,2023-07-02,2023,1103242,C,MILL OPERATION/PREPARATION PLANT,IMPOUNDMENT,"Accident type, without injuries",NO VALUE FOUND,NO VALUE FOUND,NO VALUE FOUND,NO VALUE FOUND,,0,NO VALUE FOUND,False,0,[],False,False,"Movement was detected on the Southwestern side of RDA #1 on the roadway, side slopes, and cap. Movement was in the Southwest direction.",23,"Movement was detected on the Southwestern side of RDA #1 on the roadway, side slopes, and cap. Movement was in the Southwest direction.",False,,,,train_candidate
msha_001193,msha,no_injury_event,00,ACCIDENT ONLY,2025-03-17,2025,1517216,C,SURFACE AT UNDERGROUND,HOISTING,"Accident type, without injuries",NO VALUE FOUND,NO VALUE FOUND,NO VALUE FOUND,NO VALUE FOUND,,0,"Elevator, Skip, Cage, Buckets, Mancage, Slope car ",False,0,[],False,False,The 630 counterweight steel rope was discovered to have a small area of distortion near the end closest to the counterweight. The hoist was removed from service while repairs were made.,31,The 630 counterweight steel rope was discovered to have a small area of distortion near the end closest to the counterweight. The hoist was removed from service while repairs were made.,False,,,"[""msha_002969"", ""msha_006494""]",train_candidate
msha_001200,msha,no_injury_event,00,ACCIDENT ONLY,2021-02-09,2021,2100209,M,"STRIP, QUARY, OPEN PIT",FIRE,"Accident type, without injuries",NO VALUE FOUND,NO VALUE FOUND,NO VALUE FOUND,NO VALUE FOUND,,0,Ore haulage trucks - off highway trucks,False,0,[],False,False,"While Northshore Mining & Cummins employees were investigating the engine faults on 530 Haul truck, a loud popping noise was heard and smoke was seen rolling out of the grid box. The fire department was called, fire was eventually seen and extinguished, and MSHA was notified due to the fire possibly lasting more than 30 minutes (they were onsite for an ongoing inspection).",63,"While Northshore Mining & Cummins employees were investigating the engine faults on 530 Haul truck, a loud popping noise was heard and smoke was seen rolling out of the grid box. The fire department was called, fire was eventually seen and extinguished, and MSHA was notified due to the fire possibly lasting more than 30 minutes (they were onsite for an ongoing inspection).",False,,,,train_candidate
msha_001201,msha,no_injury_event,00,ACCIDENT ONLY,2022-06-23,2022,2100282,M,"STRIP, QUARY, OPEN PIT",FIRE,"Accident type, without injuries",NO VALUE FOUND,NO VALUE FOUND,NO VALUE FOUND,NO VALUE FOUND,,0,"Carriage-mounted drills, Rail, Rubber-tired, Jumbo, Air-track drill",False,0,[],False,False,"Employee was on a rubber bull. A low fuel pressure warning came on & smoke came from the engine. The bull was shut down & the fire system activated. Firehall was called & water trucks were dispatched. 10-15 mins of spraying, the fire was extinguished. The Master switch was shut off & scene was secured. MSHA was called at 7:58 The fire was out at 8:06. MSHA was called at 8:08",71,"Employee was on a rubber bull. A low fuel pressure warning came on & smoke came from the engine. The bull was shut down & the fire system activated. Firehall was called & water trucks were dispatched. 10-15 mins of spraying, the fire was extinguished. The Master switch was shut off & scene was secured. MSHA was called at 7:58 The fire was out at 8:06. MSHA was called at 8:08",False,,,,train_candidate
msha_001226,msha,no_injury_event,00,ACCIDENT ONLY,2024-03-15,2024,3607230,C,SURFACE AT UNDERGROUND,HOISTING,"Accident type, without injuries",NO VALUE FOUND,NO VALUE FOUND,NO VALUE FOUND,NO VALUE FOUND,,0,"Elevator, Skip, Cage, Buckets, Mancage, Slope car ",False,0,[],False,False,The Crabapple hoist car was taken out of service for an extended period of time. This was due to a crack in the coupler support beam that was found during a routine examination. There was nothing on the slope track that indicates it would cause the damage. This does not affect the hoisting of personnel because it was the inby coupler which only affects the hoisting of supplies.,68,The Crabapple hoist car was taken out of service for an extended period of time. This was due to a crack in the coupler support beam that was found during a routine examination. There was nothing on the slope track that indicates it would cause the damage. This does not affect the hoisting of personnel because it was the inby coupler which only affects the hoisting of supplies.,False,,,,train_candidate
msha_001234,msha,no_injury_event,00,ACCIDENT ONLY,2010-10-11,2010,4102632,C,"STRIP, QUARY, OPEN PIT",ELECTRICAL,"Accident type, without injuries",NO VALUE FOUND,NO VALUE FOUND,NO VALUE FOUND,NO VALUE FOUND,0,0,NO VALUE FOUND,True,2,"[""gas well""]",False,False,"At 10:45 PM, a large flame shooting out of the vent on top of a salt water tank on a gas well pad was discovered. The gas well company (XTO) was contacted and the fire department was dispatched. The fire department responded to the scene and extinguished the fire 12:15 AM. It was determined that a lightning strike caused the venting gas to ignite.",64,"At 10:45 PM, a large flame shooting out of the vent on top of a salt water tank on a gas well pad was discovered. The gas well company (XTO) was contacted and the fire department was dispatched. The fire department responded to the scene and extinguished the fire 12:15 AM. It was determined that a lightning strike caused the venting gas to ignite.",False,,,,train_candidate
msha_001235,msha,no_injury_event,00,ACCIDENT ONLY,2024-09-18,2024,4103164,C,"STRIP, QUARY, OPEN PIT",FIRE,"Accident type, without injuries",NO VALUE FOUND,NO VALUE FOUND,NO VALUE FOUND,NO VALUE FOUND,,0,NO VALUE FOUND,True,2,"[""gas well""]",False,False,"Grass fire on a non-active part of the Jewett Mine. We are not sure what started the fire, but there is a service road that that is accessed by gas well personal as well as mine personal. The fire did not start for the main road but started on the inside of the mine property. There is a high voltage power line located where the fire was as well, but no lines were down.",74,"Grass fire on a non-active part of the Jewett Mine. We are not sure what started the fire, but there is a service road that that is accessed by gas well personal as well as mine personal. The fire did not start for the main road but started on the inside of the mine property. There is a high voltage power line located where the fire was as well, but no lines were down.",False,,,,train_candidate
msha_001252,msha,no_injury_event,00,ACCIDENT ONLY,2021-03-08,2021,4800152,M,SURFACE AT UNDERGROUND,FIRE,"Accident type, without injuries",NO VALUE FOUND,NO VALUE FOUND,NO VALUE FOUND,NO VALUE FOUND,,0,NO VALUE FOUND,False,0,[],False,False,"A fire was reported at the 8 shaft landfill, fire department and on-site emergency teams responded. Fire was extinguished at approximately 4:47AM.",22,"A fire was reported at the 8 shaft landfill, fire department and on-site emergency teams responded. Fire was extinguished at approximately 4:47AM.",False,,,,train_candidate
msha_001256,msha,no_injury_event,00,ACCIDENT ONLY,2023-07-10,2023,4801200,C,"STRIP, QUARY, OPEN PIT",FIRE,"Accident type, without injuries",NO VALUE FOUND,NO VALUE FOUND,NO VALUE FOUND,NO VALUE FOUND,,0,NO VALUE FOUND,False,0,[],False,False,Smoker was noticed in the IBO cut above the c-seam. Rubber tire dozer was tasked with snuffing it out by means of burial. It took approx 42 minutes to extinguish the smoker from when first identified.,36,Smoker was noticed in the IBO cut above the c-seam. Rubber tire dozer was tasked with snuffing it out by means of burial. It took approx 42 minutes to extinguish the smoker from when first identified.,False,,,,train_candidate
msha_001258,msha,no_injury_event,00,ACCIDENT ONLY,2022-07-31,2022,4801353,C,"STRIP, QUARY, OPEN PIT",FIRE,"Accident type, without injuries",NO VALUE FOUND,NO VALUE FOUND,NO VALUE FOUND,NO VALUE FOUND,,0,NO VALUE FOUND,False,0,[],False,False,Hot coals were noticed on a coal shovel bag house. A couple of bag house filters combusted and created a coal smoker that was not extinguished within 30 minutes. There were no injuries.,33,Hot coals were noticed on a coal shovel bag house. A couple of bag house filters combusted and created a coal smoker that was not extinguished within 30 minutes. There were no injuries.,False,,,,train_candidate
msha_001260,msha,no_injury_event,00,ACCIDENT ONLY,2025-05-09,2025,4801353,C,"STRIP, QUARY, OPEN PIT",FIRE,"Accident type, without injuries",NO VALUE FOUND,NO VALUE FOUND,NO VALUE FOUND,NO VALUE FOUND,,0,NO VALUE FOUND,False,0,[],False,False,A coal smoker was identified in the pit and not extinguished within 30 minutes.,14,A coal smoker was identified in the pit and not extinguished within 30 minutes.,False,,,,train_candidate
msha_001261,msha,no_injury_event,00,ACCIDENT ONLY,2020-05-28,2020,5001616,M,"STRIP, QUARY, OPEN PIT",FIRE,"Accident type, without injuries",NO VALUE FOUND,NO VALUE FOUND,NO VALUE FOUND,NO VALUE FOUND,,0,"Shovel, Power shovel, Backhoe, Trackhoe, Dragline - Big Muskie",False,0,[],False,False,While walking a Hitachi 470 excavator a fire started in the rear of the machine. Operator safely exited the machine after shutting it off and engaging the parking/hydraulic lever. No injuries.,31,While walking a Hitachi 470 excavator a fire started in the rear of the machine. Operator safely exited the machine after shutting it off and engaging the parking/hydraulic lever. No injuries.,False,,,,train_candidate
msha_001264,msha,no_injury_event,00,ACCIDENT ONLY,2026-04-07,2026,0100851,C,SURFACE AT UNDERGROUND,HOISTING,"Accident type, without injuries",NO VALUE FOUND,NO VALUE FOUND,NO VALUE FOUND,NO VALUE FOUND,,0,"Elevator, Skip, Cage, Buckets, Mancage, Slope car ",False,0,[],False,False,"The SP Elevator was taken out of service due to an area of concern found in 2 ropes during the NDT tests. The elevator ropes are being replaced, the elevator will be tested, and placed back into service.",38,"The SP Elevator was taken out of service due to an area of concern found in 2 ropes during the NDT tests. The elevator ropes are being replaced, the elevator will be tested, and placed back into service.",False,,,,train_candidate
msha_001265,msha,no_injury_event,00,ACCIDENT ONLY,2026-04-15,2026,0203398,M,SURFACE AT UNDERGROUND,HOISTING,"Accident type, without injuries",NO VALUE FOUND,NO VALUE FOUND,NO VALUE FOUND,NO VALUE FOUND,,0,"Elevator, Skip, Cage, Buckets, Mancage, Slope car ",False,0,[],False,False,A programming issue resulted in the temporary suspension of all hoisting operations at the Main Shaft.,16,A programming issue resulted in the temporary suspension of all hoisting operations at the Main Shaft.,False,,,,train_candidate
msha_001266,msha,fatal,01,FATALITY,2023-02-06,2023,0300855,M,"STRIP, QUARY, OPEN PIT",ELECTRICAL,Contact with electrical current,Haulage or Dump truck,"ELECTRICAL APPARATUS,NEC","ELECT SHOCK,ELECTROCUTION",BODY SYSTEMS,,1,Ore haulage trucks - off highway trucks,False,0,[],True,True,"An employee operating a Caterpillar 770 haul truck hauling material to repair the road to the stripping area. As the employee dumped the load the bed contacted overhead powerlines. The employee exited the truck to extinguish a fire. Upon returning to the truck EE reached for the handrail. When EE touched the truck, EE was electrocuted.",56,"An employee operating a Caterpillar 770 haul truck hauling material to repair the road to the stripping area. As the employee dumped the load the bed contacted overhead powerlines. The employee exited the truck to extinguish a fire. Upon returning to the truck EE reached for the handrail. When EE touched the truck, EE was electrocuted.",False,,,,train_candidate
msha_001271,msha,fatal,01,FATALITY,2023-06-22,2023,0404080,M,"STRIP, QUARY, OPEN PIT",MACHINERY,Struck against a moving object,Bulldozer,SURFACE MINING MACHINES,"UNCLASSIFIED,NOT DETERMED",MULTIPLE PARTS (MORE THAN ONE MAJOR),,1,"Bulldozer, Dozer, Crawler tractor, Push cat",False,0,[],True,True,"Machine operator was operating a CAT D9T dozer clearing overburden material from a bench. Operator reversed the machine backwards an estimated 200-300 ft. at a high speed without looking back and without responding to honking from another machine, per witness testimony. Machine fell off an edge. Operator was pronounced dead at the scene. Machine is total loss.",57,"Machine operator was operating a CAT D9T dozer clearing overburden material from a bench. Operator reversed the machine backwards an estimated 200-300 ft. at a high speed without looking back and without responding to honking from another machine, per witness testimony. Machine fell off an edge. Operator was pronounced dead at the scene. Machine is total loss.",False,,,,train_candidate
msha_001273,msha,fatal,01,FATALITY,2024-08-11,2024,0503672,C,SURFACE AT UNDERGROUND,POWERED HAULAGE,Fall from machine,"Hand load, Hand shoveling",BELT CONVEYORS,CRUSHING,MULTIPLE PARTS (MORE THAN ONE MAJOR),,2,"Conveyor, Belt feeder, Stage loader, Hopper shaker, Belt structure",False,0,[],True,True,"Employee was shoveling coal off a conveyor belt, belt moved forward causing miner to fall down transfer chute onto belt conveyor that transferred EE to stacker tube where EE fell onto coal pile.",33,"Employee was shoveling coal off a conveyor belt, belt moved forward causing miner to fall down transfer chute onto belt conveyor that transferred EE to stacker tube where EE fell onto coal pile.",False,,,,train_candidate
msha_001274,msha,permanent_impairment,02,PERM TOT OR PERM PRTL DISABLTY,2024-11-17,2024,0900110,M,MILL OPERATION/PREPARATION PLANT,HANDLING OF MATERIALS,"Caught in, under or between a moving and a stationary object",Machine maintenance,METAL COVERS & GUARDS,AMPUTATION OR ENUCLEATION,FINGER(S)/THUMB,18,1,NO VALUE FOUND,False,0,[],True,False,"Employee was changing out a bullet screen on a slurry tank car and the screen slipped and in a effort to catch it, it caught EE's right pinky finger, smashing it requiring EE to go to the ER for medical evaluation.",41,"Employee was changing out a bullet screen on a slurry tank car and the screen slipped and in a effort to catch it, it caught EE's right pinky finger, smashing it requiring EE to go to the ER for medical evaluation.",False,,,,train_candidate
msha_001281,msha,no_injury_event,00,ACCIDENT ONLY,2019-07-15,2019,1000082,M,SURFACE AT UNDERGROUND,HOISTING,"Accident type, without injuries",NO VALUE FOUND,NO VALUE FOUND,NO VALUE FOUND,NO VALUE FOUND,,0,"Elevator, Skip, Cage, Buckets, Mancage, Slope car ",False,0,[],False,False,"Avista power tripped out in town of Osburn, ID. Coeur Hoist powered up 1:00 PM, ran checks on hoist and shaft",21,"Avista power tripped out in town of Osburn, ID. Coeur Hoist powered up 1:00 PM, ran checks on hoist and shaft",False,,,,train_candidate
msha_001282,msha,no_injury_event,00,ACCIDENT ONLY,2019-09-19,2019,1000082,M,SURFACE AT UNDERGROUND,HOISTING,"Accident type, without injuries",NO VALUE FOUND,NO VALUE FOUND,NO VALUE FOUND,NO VALUE FOUND,,0,"Elevator, Skip, Cage, Buckets, Mancage, Slope car ",False,0,[],False,False,"Avista had a structure fire in Government Gulch - Smelterville, Idaho from Pine Creek to Osburn substation which caused total outage at Galena Mine. Power back on 11:45 PM - Sept 19, 2019.",33,"Avista had a structure fire in Government Gulch - Smelterville, Idaho from Pine Creek to Osburn substation which caused total outage at Galena Mine. Power back on 11:45 PM - Sept 19, 2019.",False,,,,train_candidate
msha_001285,msha,no_injury_event,00,ACCIDENT ONLY,2025-07-13,2025,1000088,M,SURFACE AT UNDERGROUND,HOISTING,"Accident type, without injuries",NO VALUE FOUND,NO VALUE FOUND,NO VALUE FOUND,NO VALUE FOUND,,0,"Elevator, Skip, Cage, Buckets, Mancage, Slope car ",False,0,[],False,False,Silver Shaft hoist operator heard noise coming from the drum while the hoist was in operation. The hoist operator called maintenance to come inspect the hoist and they found that a saddle and both nuts on a Crosby clamp had come loose. The clamp that came loose was one of 4 extra clamps that were added to hold the tail of the rope on the inside of the drum.,69,Silver Shaft hoist operator heard noise coming from the drum while the hoist was in operation. The hoist operator called maintenance to come inspect the hoist and they found that a saddle and both nuts on a Crosby clamp had come loose. The clamp that came loose was one of 4 extra clamps that were added to hold the tail of the rope on the inside of the drum.,False,,,,train_candidate
msha_001291,msha,no_injury_event,00,ACCIDENT ONLY,2021-09-30,2021,1103274,C,"STRIP, QUARY, OPEN PIT",FIRE,"Accident type, without injuries",NO VALUE FOUND,NO VALUE FOUND,NO VALUE FOUND,NO VALUE FOUND,,0,NO VALUE FOUND,False,0,[],False,False,A hot spot was observed on the raw coal storage pile. No one was injured. The material has been being moved by a loader onto trucks to be hauled away.,30,A hot spot was observed on the raw coal storage pile. No one was injured. The material has been being moved by a loader onto trucks to be hauled away.,False,,,,train_candidate
msha_001297,msha,no_injury_event,00,ACCIDENT ONLY,2023-08-18,2023,1202418,C,SURFACE AT UNDERGROUND,HOISTING,"Accident type, without injuries",NO VALUE FOUND,NO VALUE FOUND,NO VALUE FOUND,NO VALUE FOUND,,0,"Elevator, Skip, Cage, Buckets, Mancage, Slope car ",False,0,[],False,False,"Incoming power to our substation was lost. When power was restored, the 500 KVA transformer shorted out. Our hoist operator was 50' from bottom doing the daily checks when power was lost. The hoist was manually released to get the hoist operator to the bottom of the shaft. A new transformer was installed.",53,"Incoming power to our substation was lost. When power was restored, the 500 KVA transformer shorted out. Our hoist operator was 50' from bottom doing the daily checks when power was lost. The hoist was manually released to get the hoist operator to the bottom of the shaft. A new transformer was installed.",False,,,,train_candidate
msha_001314,msha,no_injury_event,00,ACCIDENT ONLY,2019-02-28,2019,1519854,C,"STRIP, QUARY, OPEN PIT",FIRE,"Accident type, without injuries",NO VALUE FOUND,NO VALUE FOUND,NO VALUE FOUND,NO VALUE FOUND,,0,"Shovel, Power shovel, Backhoe, Trackhoe, Dragline - Big Muskie",False,0,[],False,False,A 320C Excavator caught on fire while clearing bush and could not be put out with the use of fire extinguishers. No one was injured.,25,A 320C Excavator caught on fire while clearing bush and could not be put out with the use of fire extinguishers. No one was injured.,False,,,,train_candidate
msha_001316,msha,no_injury_event,00,ACCIDENT ONLY,2022-11-19,2022,2000044,M,MILL OPERATION/PREPARATION PLANT,FIRE,"Accident type, without injuries",NO VALUE FOUND,NO VALUE FOUND,NO VALUE FOUND,NO VALUE FOUND,,0,"Front-end loader, Tractor-shovel, Payloader, Highlift, Skip loader",False,0,[],False,False,"Root cause under investigation. This machine is owned and maintained by CAT who took it to their shop to investigate. Their initial review of operating codes showed nothing related to the operation or how it was being used. So likely a leak on the hydraulics, DEF, or fuel ignited by the manifold.",52,"Root cause under investigation. This machine is owned and maintained by CAT who took it to their shop to investigate. Their initial review of operating codes showed nothing related to the operation or how it was being used. So likely a leak on the hydraulics, DEF, or fuel ignited by the manifold.",False,,,,train_candidate
msha_001317,msha,no_injury_event,00,ACCIDENT ONLY,2025-07-12,2025,2000044,M,MILL OPERATION/PREPARATION PLANT,FIRE,"Accident type, without injuries",NO VALUE FOUND,NO VALUE FOUND,NO VALUE FOUND,NO VALUE FOUND,,0,NO VALUE FOUND,False,0,[],False,False,"On July 12, 2025, at approximately 7:00 a.m., the powerhouse operator noticed that a fire in the powerhouse had started in a switch gear, causing damage in the electrical panels. The incident is under investigation.",35,"On July 12, 2025, at approximately 7:00 a.m., the powerhouse operator noticed that a fire in the powerhouse had started in a switch gear, causing damage in the electrical panels. The incident is under investigation.",False,,,,train_candidate
msha_001321,msha,no_injury_event,00,ACCIDENT ONLY,2025-05-20,2025,2103352,M,"STRIP, QUARY, OPEN PIT",FIRE,"Accident type, without injuries",NO VALUE FOUND,NO VALUE FOUND,NO VALUE FOUND,NO VALUE FOUND,,0,NO VALUE FOUND,False,0,[],False,False,A tree blew over into the power lines near the Basin Shops building at approx. 11:27 AM next to the road. Basin employees expelled 4 extinguishers and called Keetac Fire to respond. Keewatin fire department was called and the DNR and Nashwauk fire department. Basin cat was used to assist in cutting access. Fire was extinguished before 3 PM. MSHA was notified at approx. 11:56 am.,66,A tree blew over into the power lines near the Basin Shops building at approx. 11:27 AM next to the road. Basin employees expelled 4 extinguishers and called Keetac Fire to respond. Keewatin fire department was called and the DNR and Nashwauk fire department. Basin cat was used to assist in cutting access. Fire was extinguished before 3 PM. MSHA was notified at approx. 11:56 am.,False,,,,train_candidate
msha_001329,msha,no_injury_event,00,ACCIDENT ONLY,2021-10-25,2021,2601916,M,"STRIP, QUARY, OPEN PIT",FIRE,"Accident type, without injuries",NO VALUE FOUND,NO VALUE FOUND,NO VALUE FOUND,NO VALUE FOUND,,0,Ore haulage trucks - off highway trucks,False,0,[],False,False,"Wheel motors of HTK240 caught fire. Operators cleared truck; sustained no injuries. WTK applied approx 2000 gallons of water. Fire was not able to be extinguished completely. MSHA hotline was called at 30 minutes. EE called back with instructions to seize extinguishing efforts, evacuate area, issue J Order 9613334. Quantification of damage-No injuries/Property damage HTK240",55,"Wheel motors of HTK240 caught fire. Operators cleared truck; sustained no injuries. WTK applied approx 2000 gallons of water. Fire was not able to be extinguished completely. MSHA hotline was called at 30 minutes. EE called back with instructions to seize extinguishing efforts, evacuate area, issue J Order 9613334. Quantification of damage-No injuries/Property damage HTK240",False,,,,train_candidate
msha_001354,msha,no_injury_event,00,ACCIDENT ONLY,2022-02-13,2022,4101118,M,DREDGE,FIRE,"Accident type, without injuries",NO VALUE FOUND,NO VALUE FOUND,NO VALUE FOUND,NO VALUE FOUND,,0,"Front-end loader, Tractor-shovel, Payloader, Highlift, Skip loader",False,0,[],False,False,On 2/13/22 at approximately 9:45am the plant supervisor was notified of a fire at the site. 911 was immediately notified and the fire department and police department responded. A Caterpillar 980M was on fire. The fire was initially reported near the cab of the loader. The fire was extinguished.,49,On 2/13/22 at approximately 9:45am the plant supervisor was notified of a fire at the site. 911 was immediately notified and the fire department and police department responded. A Caterpillar 980M was on fire. The fire was initially reported near the cab of the loader. The fire was extinguished.,False,,,,train_candidate
msha_001359,msha,no_injury_event,00,ACCIDENT ONLY,2026-05-13,2026,4404856,C,SURFACE AT UNDERGROUND,HOISTING,"Accident type, without injuries",NO VALUE FOUND,NO VALUE FOUND,NO VALUE FOUND,NO VALUE FOUND,,0,"Elevator, Skip, Cage, Buckets, Mancage, Slope car ",False,0,[],False,False,Bad relay on the brake control that did not let it get another voltage to release the brakes. Back in operation on 5/14/26 at 9:15 AM,26,Bad relay on the brake control that did not let it get another voltage to release the brakes. Back in operation on 5/14/26 at 9:15 AM,False,,,,train_candidate
msha_001360,msha,no_injury_event,00,ACCIDENT ONLY,2020-07-09,2020,4407199,C,"STRIP, QUARY, OPEN PIT",FIRE,"Accident type, without injuries",NO VALUE FOUND,NO VALUE FOUND,NO VALUE FOUND,NO VALUE FOUND,,0,"Front-end loader, Tractor-shovel, Payloader, Highlift, Skip loader",False,0,[],False,False,"Company #223, 993K Loader S/N Z9K00471 caught fire and could not be extinguished within 30 minutes. No injuries involved.",19,"Company #223, 993K Loader S/N Z9K00471 caught fire and could not be extinguished within 30 minutes. No injuries involved.",False,,,,train_candidate
msha_001371,msha,no_injury_event,00,ACCIDENT ONLY,2023-12-21,2023,4608759,C,SURFACE AT UNDERGROUND,HOISTING,"Accident type, without injuries",NO VALUE FOUND,NO VALUE FOUND,NO VALUE FOUND,NO VALUE FOUND,,0,"Elevator, Skip, Cage, Buckets, Mancage, Slope car ",False,0,[],False,False,At approximately 7:15 a.m. it was found that the Winifrede Slope Hoist was not operating and was giving a drum fault for more than 30 minutes. Electricians are on scene to troubleshoot and repair the issues. No accidents or entrapments have occurred from this incident.,45,At approximately 7:15 a.m. it was found that the Winifrede Slope Hoist was not operating and was giving a drum fault for more than 30 minutes. Electricians are on scene to troubleshoot and repair the issues. No accidents or entrapments have occurred from this incident.,False,,,,train_candidate
msha_001376,msha,no_injury_event,00,ACCIDENT ONLY,2026-03-20,2026,4800977,C,"STRIP, QUARY, OPEN PIT",FIRE,"Accident type, without injuries",NO VALUE FOUND,NO VALUE FOUND,NO VALUE FOUND,NO VALUE FOUND,,0,NO VALUE FOUND,False,0,[],False,False,A grass fire started at the rail road tracks and spread to the mine property. The fire could not be put out within 30 minutes,25,A grass fire started at the rail road tracks and spread to the mine property. The fire could not be put out within 30 minutes,False,,,,train_candidate
msha_001378,msha,no_injury_event,00,ACCIDENT ONLY,2024-04-04,2024,4801353,C,"STRIP, QUARY, OPEN PIT",FIRE,"Accident type, without injuries",NO VALUE FOUND,NO VALUE FOUND,NO VALUE FOUND,NO VALUE FOUND,,0,NO VALUE FOUND,False,0,[],False,False,A fire was noticed near the North Narm lay down yard. This area is located in a remote part of the mine so at no time were mine personnel or mine facilities threatened. The fire was extinguished at 2:59AM.,39,A fire was noticed near the North Narm lay down yard. This area is located in a remote part of the mine so at no time were mine personnel or mine facilities threatened. The fire was extinguished at 2:59AM.,False,,,,train_candidate
msha_001381,msha,no_injury_event,00,ACCIDENT ONLY,2025-12-06,2025,5001616,M,"STRIP, QUARY, OPEN PIT",EXPLOSIVES AND BREAKING AGENTS,"Accident type, without injuries",NO VALUE FOUND,NO VALUE FOUND,NO VALUE FOUND,NO VALUE FOUND,,0,"Shovel, Power shovel, Backhoe, Trackhoe, Dragline - Big Muskie",False,0,[],False,False,While a Hitachi EX 5600 hydraulic shovel was digging in a shot pattern it is suspected it contacted an undetonated booster.,21,While a Hitachi EX 5600 hydraulic shovel was digging in a shot pattern it is suspected it contacted an undetonated booster.,False,,,,train_candidate
msha_001384,msha,no_injury_event,00,ACCIDENT ONLY,2022-08-17,2022,0100851,C,SURFACE AT UNDERGROUND,HOISTING,"Accident type, without injuries",NO VALUE FOUND,NO VALUE FOUND,NO VALUE FOUND,NO VALUE FOUND,,0,"Elevator, Skip, Cage, Buckets, Mancage, Slope car ",False,0,[],False,False,"The SP Material Hoist was taken out of service due to a brake not releasing. A bolt was found to be out of the brake plunger. It was replaced, the hoist tested, and placed back into service. MSHA was notified via the hotline and on site.",46,"The SP Material Hoist was taken out of service due to a brake not releasing. A bolt was found to be out of the brake plunger. It was replaced, the hoist tested, and placed back into service. MSHA was notified via the hotline and on site.",False,,,,train_candidate
msha_001399,msha,no_injury_event,00,ACCIDENT ONLY,2021-01-13,2021,1000088,M,SURFACE AT UNDERGROUND,HOISTING,"Accident type, without injuries",NO VALUE FOUND,NO VALUE FOUND,NO VALUE FOUND,NO VALUE FOUND,,0,"Elevator, Skip, Cage, Buckets, Mancage, Slope car ",False,0,[],False,False,"Due to a large wind storm, the mine lost power and this caused both hoists to become unusable.",18,"Due to a large wind storm, the mine lost power and this caused both hoists to become unusable.",False,,,,train_candidate
msha_001405,msha,no_injury_event,00,ACCIDENT ONLY,2026-04-04,2026,1103236,M,OFFICE WORKERS AT MINE SITE,FIRE,"Accident type, without injuries",NO VALUE FOUND,NO VALUE FOUND,NO VALUE FOUND,NO VALUE FOUND,,0,NO VALUE FOUND,False,0,[],False,False,A fire consumed the the mine office trailer. Cause unknown. No one was present at the time of the fire. Fire department extinguished fire and notified owner of the property.,30,A fire consumed the the mine office trailer. Cause unknown. No one was present at the time of the fire. Fire department extinguished fire and notified owner of the property.,False,,,,train_candidate
msha_001406,msha,no_injury_event,00,ACCIDENT ONLY,2020-01-03,2020,1200426,M,MILL OPERATION/PREPARATION PLANT,FIRE,"Accident type, without injuries",NO VALUE FOUND,NO VALUE FOUND,NO VALUE FOUND,NO VALUE FOUND,,0,NO VALUE FOUND,False,0,[],False,False,"At 2:15pm, smoke was observed coming from the area behind the coal tent. Upon further investigation, flames were observed coming from the scrap wood dumpster. The fire department was called at 2:20pm and arrived on site at 2:40pm. Fire was extinguished at 2:50pm.",43,"At 2:15pm, smoke was observed coming from the area behind the coal tent. Upon further investigation, flames were observed coming from the scrap wood dumpster. The fire department was called at 2:20pm and arrived on site at 2:40pm. Fire was extinguished at 2:50pm.",False,,,,train_candidate
msha_001410,msha,no_injury_event,00,ACCIDENT ONLY,2025-09-02,2025,1300125,M,"STRIP, QUARY, OPEN PIT",FIRE,"Accident type, without injuries",NO VALUE FOUND,NO VALUE FOUND,NO VALUE FOUND,NO VALUE FOUND,,0,NO VALUE FOUND,False,0,[],False,False,"Operator saw flames on conveyor heading towards GAR bunker and radioed and contacted control room to shut down system, while operator pulled estop cord. Fire department was contacted immediately. Arrived on sight at approx.02:15 am. Plant fire suppression system went off, fire department stayed on sight till approx. 04:15 am to make sure fire was extinguished.",56,"Operator saw flames on conveyor heading towards GAR bunker and radioed and contacted control room to shut down system, while operator pulled estop cord. Fire department was contacted immediately. Arrived on sight at approx.02:15 am. Plant fire suppression system went off, fire department stayed on sight till approx. 04:15 am to make sure fire was extinguished.",False,,,,train_candidate
msha_001425,msha,no_injury_event,00,ACCIDENT ONLY,2024-07-22,2024,2100282,M,"STRIP, QUARY, OPEN PIT",FIRE,"Accident type, without injuries",NO VALUE FOUND,NO VALUE FOUND,NO VALUE FOUND,NO VALUE FOUND,,0,NO VALUE FOUND,False,0,[],False,False,"The 538 was hauling tails, the employee noticed the radio shut down and was rebooting. The employee saw flames coming from the access hatches. The employee stopped and activated the fire suppression system, safely exited the truck. Mine control was called and EMS was dispatched.",45,"The 538 was hauling tails, the employee noticed the radio shut down and was rebooting. The employee saw flames coming from the access hatches. The employee stopped and activated the fire suppression system, safely exited the truck. Mine control was called and EMS was dispatched.",False,,,,train_candidate
msha_001426,msha,permanent_impairment,02,PERM TOT OR PERM PRTL DISABLTY,2025-02-15,2025,2103751,M,MILL OPERATION/PREPARATION PLANT,HANDLING OF MATERIALS,"Caught in, under or between a moving and a stationary object",Handling supplies or material,"METAL,NEC(PIPE,WIRE,NAIL)",AMPUTATION OR ENUCLEATION,FINGER(S)/THUMB,,1,NO VALUE FOUND,False,0,[],True,False,"While worker was flying in a section of steel into place, the steel slipped down catching the workers right thumb between another piece of steel.",25,"While worker was flying in a section of steel into place, the steel slipped down catching the workers right thumb between another piece of steel.",False,,,,train_candidate
msha_001442,msha,no_injury_event,00,ACCIDENT ONLY,2025-10-28,2025,3301612,M,"STRIP, QUARY, OPEN PIT",POWERED HAULAGE,"Accident type, without injuries",NO VALUE FOUND,NO VALUE FOUND,NO VALUE FOUND,NO VALUE FOUND,,0,Ore haulage trucks -  on highway trucks,False,0,[],False,False,A cement truck driver operating within the area of a mining operation turned vehicle on its side while trying to get ahead of a rock truck using a common dirt service road. This was a single vehicle accident with no injuries and only the cement truck was damaged. The driver was evaluated by Mount Vernon Fire Dept (MVFD) Unit 493 and refused further treatment.,64,A cement truck driver operating within the area of a mining operation turned vehicle on its side while trying to get ahead of a rock truck using a common dirt service road. This was a single vehicle accident with no injuries and only the cement truck was damaged. The driver was evaluated by Mount Vernon Fire Dept (MVFD) Unit 493 and refused further treatment.,False,,,,train_candidate
msha_001444,msha,fatal,01,FATALITY,2025-02-12,2025,3304577,C,"STRIP, QUARY, OPEN PIT",MACHINERY,Struck against a moving object,"Surface equipment, NEC",SURFACE MINING MACHINES,"UNCLASSIFIED,NOT DETERMED","HEAD,NEC",,1,"Carriage-mounted drills, Rail, Rubber-tired, Jumbo, Air-track drill",False,0,[],True,True,Employee was operating a DM45 Highwall Drill on a drill bench. Employee was traveling parallel to the edge and the outside edge gave way. The drill slid off the bench and landed 25 feet below.,35,Employee was operating a DM45 Highwall Drill on a drill bench. Employee was traveling parallel to the edge and the outside edge gave way. The drill slid off the bench and landed 25 feet below.,False,,,,train_candidate
msha_001454,msha,permanent_impairment,02,PERM TOT OR PERM PRTL DISABLTY,2024-04-05,2024,4003157,M,MILL OPERATION/PREPARATION PLANT,HANDLING OF MATERIALS,Struck by falling object,Machine maintenance,BELT CONVEYORS,AMPUTATION OR ENUCLEATION,FINGER(S)/THUMB,0,1,NO VALUE FOUND,False,0,[],True,False,"Employees were replacing a tail pulley. It dropped into place unexpectedly and the shaft fell onto the tip of the employee's ring finger on their right hand severely mashing it. The fingertip was later amputated at the first joint behind the fingernail, at the ER.",45,"Employees were replacing a tail pulley. It dropped into place unexpectedly and the shaft fell onto the tip of the employee's ring finger on their right hand severely mashing it. The fingertip was later amputated at the first joint behind the fingernail, at the ER.",False,,,,train_candidate
msha_001464,msha,permanent_impairment,02,PERM TOT OR PERM PRTL DISABLTY,2023-08-17,2023,4407307,M,MILL OPERATION/PREPARATION PLANT,MACHINERY,Struck by... NEC,Hand tools (powered),POWER SAW,AMPUTATION OR ENUCLEATION,FINGER(S)/THUMB,80,1,Hand tools (powered),False,0,[],True,False,EE's right hand was cut deeply by trimming saw and EE lost most of three fingers on right hand.,19,EE's right hand was cut deeply by trimming saw and EE lost most of three fingers on right hand.,False,,,,train_candidate
msha_001471,msha,no_injury_event,00,ACCIDENT ONLY,2019-11-24,2019,4608878,C,SURFACE AT UNDERGROUND,HOISTING,"Accident type, without injuries",NO VALUE FOUND,NO VALUE FOUND,NO VALUE FOUND,NO VALUE FOUND,,0,"Elevator, Skip, Cage, Buckets, Mancage, Slope car ",False,0,[],False,False,At approximately 11:59 a.m. the service hoist went down for power loss. No one was trapped or injured. All persons were evacuated in a timely manner. The power was restored and the hoist was placed back in service at approximately 2:10 p.m.,42,At approximately 11:59 a.m. the service hoist went down for power loss. No one was trapped or injured. All persons were evacuated in a timely manner. The power was restored and the hoist was placed back in service at approximately 2:10 p.m.,False,,,,train_candidate
msha_001473,msha,no_injury_event,00,ACCIDENT ONLY,2022-02-03,2022,4701964,M,"STRIP, QUARY, OPEN PIT",FIRE,"Accident type, without injuries",NO VALUE FOUND,NO VALUE FOUND,NO VALUE FOUND,NO VALUE FOUND,,0,NO VALUE FOUND,False,0,[],False,False,Contractor was working on sand screw cutting out the belly of the screw for repairs and the coating on the belly of the screw which was poly coated started on fire from the sparks. Fire got away on the contractors and called us to contact the fire department. Took about 15 20 minutes for the fire department to arrive. Took fire department about 25 min to put out.,68,Contractor was working on sand screw cutting out the belly of the screw for repairs and the coating on the belly of the screw which was poly coated started on fire from the sparks. Fire got away on the contractors and called us to contact the fire department. Took about 15 20 minutes for the fire department to arrive. Took fire department about 25 min to put out.,False,,,,train_candidate
msha_001477,msha,no_injury_event,00,ACCIDENT ONLY,2019-09-11,2019,4801337,C,"STRIP, QUARY, OPEN PIT",FIRE,"Accident type, without injuries",NO VALUE FOUND,NO VALUE FOUND,NO VALUE FOUND,NO VALUE FOUND,,0,NO VALUE FOUND,False,0,[],False,False,"While conducting work place inspection smoke was seen coming from the Andeson Coal Seam in Ramp 50 East Pit. Have been experiencing raining conditions. There were no flames seen, only smoke. No miners working in this area.",37,"While conducting work place inspection smoke was seen coming from the Andeson Coal Seam in Ramp 50 East Pit. Have been experiencing raining conditions. There were no flames seen, only smoke. No miners working in this area.",False,,,,train_candidate
msha_001479,msha,no_injury_event,00,ACCIDENT ONLY,2024-07-31,2024,4801353,C,"STRIP, QUARY, OPEN PIT",FIRE,"Accident type, without injuries",NO VALUE FOUND,NO VALUE FOUND,NO VALUE FOUND,NO VALUE FOUND,,0,NO VALUE FOUND,False,0,[],False,False,A coal smoker was discovered in the spoil pile in the Wrangler pit and was not extinguished within 30 minutes.,20,A coal smoker was discovered in the spoil pile in the Wrangler pit and was not extinguished within 30 minutes.,False,,,,train_candidate
msha_001480,msha,no_injury_event,00,ACCIDENT ONLY,2020-10-19,2020,4801405,M,MILL OPERATION/PREPARATION PLANT,FIRE,"Accident type, without injuries",NO VALUE FOUND,NO VALUE FOUND,NO VALUE FOUND,NO VALUE FOUND,,0,"Milling machinery, Block press, Ballast machine",False,0,[],False,False,"10-19-20 at 3am the socks inside the #2 dryer baghouse caught fire, the fire moved to the outside of the baghouse. The fire department was called, the fire was extinguished within 35 mins. MSHA was immediately notified and was on site for the investigation on 10-20-20; the investigation is ongoing. We believe the socks caught fire while cleaning hot fly ash from the #2 furnace.",65,"10-19-20 at 3am the socks inside the #2 dryer baghouse caught fire, the fire moved to the outside of the baghouse. The fire department was called, the fire was extinguished within 35 mins. MSHA was immediately notified and was on site for the investigation on 10-20-20; the investigation is ongoing. We believe the socks caught fire while cleaning hot fly ash from the #2 furnace.",False,,,,train_candidate
msha_001486,msha,no_injury_event,00,ACCIDENT ONLY,2020-08-23,2020,0200144,M,"STRIP, QUARY, OPEN PIT",FIRE,"Accident type, without injuries",NO VALUE FOUND,NO VALUE FOUND,NO VALUE FOUND,NO VALUE FOUND,,0,NO VALUE FOUND,False,0,[],False,False,A fire was spotted by an equipment operator working near Special Place in the Half Million Gallon Tank area. A mine supervisor was notified and a mayday was called. Green Valley Fire Dept was contacted to extinguish the fire. A vulture had landed on a wire and went to ground. It sparked a fire that ignited the brush and caused the fire.,62,A fire was spotted by an equipment operator working near Special Place in the Half Million Gallon Tank area. A mine supervisor was notified and a mayday was called. Green Valley Fire Dept was contacted to extinguish the fire. A vulture had landed on a wire and went to ground. It sparked a fire that ignited the brush and caused the fire.,False,,,,train_candidate
msha_001487,msha,permanent_impairment,02,PERM TOT OR PERM PRTL DISABLTY,2023-07-13,2023,0201457,M,MILL OPERATION/PREPARATION PLANT,HANDTOOLS (NONPOWERED),"Caught in, under or between a moving and a stationary object",Hand tools (not powered),"HAND TOOLS,NONPOWERED,NEC",AMPUTATION OR ENUCLEATION,FINGER(S)/THUMB,38,1,Hand tools (not powered),False,0,[],True,False,Employee was lowering door to bottom of lime pit (about 15') using an attached rope. The employees thumb got caught in the rope under the weight of the door cutting off the tip of the thumb below the nail.,39,Employee was lowering door to bottom of lime pit (about 15') using an attached rope. The employees thumb got caught in the rope under the weight of the door cutting off the tip of the thumb below the nail.,False,,,,train_candidate
msha_001496,msha,no_injury_event,00,ACCIDENT ONLY,2019-01-04,2019,0404075,M,MILL OPERATION/PREPARATION PLANT,FIRE,"Accident type, without injuries",NO VALUE FOUND,NO VALUE FOUND,NO VALUE FOUND,NO VALUE FOUND,,0,NO VALUE FOUND,False,0,[],False,False,The fire was in our cooler system. Equipment failure caused part of the flow of material to plug. With hot material spilling there was a small fire at the bearing. It was behind guarding. The fire caused a lot of smoke and the fire department showed up. They were not needed.,51,The fire was in our cooler system. Equipment failure caused part of the flow of material to plug. With hot material spilling there was a small fire at the bearing. It was behind guarding. The fire caused a lot of smoke and the fire department showed up. They were not needed.,False,,,,train_candidate
msha_001500,msha,permanent_impairment,02,PERM TOT OR PERM PRTL DISABLTY,2009-08-12,2009,0504591,C,UNDERGROUND,MACHINERY,"Caught in, under or between running or meshing objects",Hang or reposition tubing,UNDERGRD MINING MACHINES,AMPUTATION OR ENUCLEATION,FINGER(S)/THUMB,0,1,"Rock or roof bolting machine, Pinning machine, Truss bolter",False,1,"[""tubing""]",True,False,"The injured person was helping to hang ventilation tubing. As he lifted the tube, his footing slipped and he tried to catch himself by reaching for the roof bolter canopy. The canopy was being lowered at the time and his left index finger was caught between sections of the canopy mast, severing the tip of the finger.",57,"The injured person was helping to hang ventilation tubing. As he lifted the tube, his footing slipped and he tried to catch himself by reaching for the roof bolter canopy. The canopy was being lowered at the time and his left index finger was caught between sections of the canopy mast, severing the tip of the finger.",False,,,,train_candidate
msha_001501,msha,fatal,01,FATALITY,2025-07-12,2025,0504822,M,MILL OPERATION/PREPARATION PLANT,POWERED HAULAGE,Struck against a moving object,"Utility truck, Water trucks","HGHWY ORE CARIER,LRGE TRK",MULTIPLE INJURIES,MULTIPLE PARTS (MORE THAN ONE MAJOR),,1,Ore haulage trucks -  on highway trucks,False,0,[],True,True,A delivery driver employed by a water supply vendor was in route to the facility when the tanker truck overturned and slid off the road. Investigation ongoing,27,A delivery driver employed by a water supply vendor was in route to the facility when the tanker truck overturned and slid off the road. Investigation ongoing,False,,,,train_candidate
msha_001504,msha,no_injury_event,00,ACCIDENT ONLY,2019-12-16,2019,0801376,M,"STRIP, QUARY, OPEN PIT",POWERED HAULAGE,"Accident type, without injuries",NO VALUE FOUND,NO VALUE FOUND,NO VALUE FOUND,NO VALUE FOUND,,0,Ore haulage trucks - off highway trucks,False,0,[],False,False,Driver was possibly distracted and backed into an occupied haul truck that was staged and being loaded with shell rock.,20,Driver was possibly distracted and backed into an occupied haul truck that was staged and being loaded with shell rock.,False,,,,train_candidate
msha_001527,msha,no_injury_event,00,ACCIDENT ONLY,2025-01-27,2025,1519441,C,"STRIP, QUARY, OPEN PIT",FIRE,"Accident type, without injuries",NO VALUE FOUND,NO VALUE FOUND,NO VALUE FOUND,NO VALUE FOUND,,0,"Trucks, Service truck, Utility truck, Pickup, Water truck, Fuel truck",False,0,[],False,False,B & W Resources Inc. believes an electrical short in the electric fuel hose reel caused the fire. The fuel hose reel compartment was severely damaged.,26,B & W Resources Inc. believes an electrical short in the electric fuel hose reel caused the fire. The fuel hose reel compartment was severely damaged.,False,,,,train_candidate
msha_001529,msha,no_injury_event,00,ACCIDENT ONLY,2022-03-14,2022,1600358,M,UNDERGROUND,FIRE,"Accident type, without injuries",NO VALUE FOUND,NO VALUE FOUND,NO VALUE FOUND,NO VALUE FOUND,,0,"Shovel, Power shovel, Backhoe, Trackhoe, Dragline - Big Muskie",False,0,[],False,False,Track Scaler #1 caught on fire. It was tagged out on the battery cable for a bad alternator. There was no witness to how the fire started.,27,Track Scaler #1 caught on fire. It was tagged out on the battery cable for a bad alternator. There was no witness to how the fire started.,False,,,,train_candidate
msha_001545,msha,no_injury_event,00,ACCIDENT ONLY,2020-06-10,2020,3000663,M,SURFACE AT UNDERGROUND,HOISTING,"Accident type, without injuries",NO VALUE FOUND,NO VALUE FOUND,NO VALUE FOUND,NO VALUE FOUND,,0,"Elevator, Skip, Cage, Buckets, Mancage, Slope car ",False,0,[],False,False,"Faulty brake accumulator, low on charge, recharged to 1500 per manu. specs. Refilled oil, test trips, static brake test, all tested okay. Returned to service at 3:10pm. Performed controlled evac. All miners evac safely.",34,"Faulty brake accumulator, low on charge, recharged to 1500 per manu. specs. Refilled oil, test trips, static brake test, all tested okay. Returned to service at 3:10pm. Performed controlled evac. All miners evac safely.",False,,,,train_candidate
msha_001546,msha,no_injury_event,00,ACCIDENT ONLY,2022-02-05,2022,3000663,M,SURFACE AT UNDERGROUND,HOISTING,"Accident type, without injuries",NO VALUE FOUND,NO VALUE FOUND,NO VALUE FOUND,NO VALUE FOUND,,0,"Elevator, Skip, Cage, Buckets, Mancage, Slope car ",False,0,[],False,False,"While chairing the #3 cage during the weekly preventative maintenance inspection, the dogging mechanism cammed too far in the hour glass guides causing it to bend. The Dog could not be released and therefore #3 hoist became inoperable until the dog was replaced.",43,"While chairing the #3 cage during the weekly preventative maintenance inspection, the dogging mechanism cammed too far in the hour glass guides causing it to bend. The Dog could not be released and therefore #3 hoist became inoperable until the dog was replaced.",False,,,,train_candidate
msha_001557,msha,fatal,01,FATALITY,2022-07-21,2022,3800007,M,MILL OPERATION/PREPARATION PLANT,MACHINERY,"Caught in, under or between running or meshing objects",Unknown,SURFACE MINING MACHINES,AMPUTATION OR ENUCLEATION,"ARM,NEC",,1,"Classifier, Screw classifer, Spirial classifier, Cyclone classifier",False,0,[],True,True,The employee was near a screw conveyor on the 3rd floor of the finish mill 2 building. At some point their hand and arm became entangled in the screw conveyor. Emergency response was called immediately and the employee was transported to a hospital. The hospital later reported that the employee passed away.,52,The employee was near a screw conveyor on the 3rd floor of the finish mill 2 building. At some point their hand and arm became entangled in the screw conveyor. Emergency response was called immediately and the employee was transported to a hospital. The hospital later reported that the employee passed away.,False,,,,train_candidate
msha_001560,msha,no_injury_event,00,ACCIDENT ONLY,2024-05-08,2024,4102885,M,MILL OPERATION/PREPARATION PLANT,FIRE,"Accident type, without injuries",NO VALUE FOUND,NO VALUE FOUND,NO VALUE FOUND,NO VALUE FOUND,,0,NO VALUE FOUND,False,0,[],False,False,We had a fire on a storage building that is used to charge electric golf carts for employees. We believe a charging station malfunctioned and got hot causing a fire on one of the golf carts that then spread to the surround carts and area. No injuries. Believed by the Fire Department who responded an MSHA Inspector to be an electrical fire.,62,We had a fire on a storage building that is used to charge electric golf carts for employees. We believe a charging station malfunctioned and got hot causing a fire on one of the golf carts that then spread to the surround carts and area. No injuries. Believed by the Fire Department who responded an MSHA Inspector to be an electrical fire.,False,,,,train_candidate
msha_001574,msha,no_injury_event,00,ACCIDENT ONLY,2024-11-21,2024,4605437,C,SURFACE AT UNDERGROUND,HOISTING,"Accident type, without injuries",NO VALUE FOUND,NO VALUE FOUND,NO VALUE FOUND,NO VALUE FOUND,,0,"Elevator, Skip, Cage, Buckets, Mancage, Slope car ",False,0,[],False,False,At approx. 8:40 am it was found that the Coal Fork elevator was not operating. Once inspected it was determined that the shaft was broken on the secondary shiv pulley.,30,At approx. 8:40 am it was found that the Coal Fork elevator was not operating. Once inspected it was determined that the shaft was broken on the secondary shiv pulley.,False,,,,train_candidate
msha_001578,msha,no_injury_event,00,ACCIDENT ONLY,2025-05-16,2025,4608961,C,MILL OPERATION/PREPARATION PLANT,FIRE,"Accident type, without injuries",NO VALUE FOUND,NO VALUE FOUND,NO VALUE FOUND,NO VALUE FOUND,,0,Ore haulage trucks -  on highway trucks,False,0,[],False,False,This was a fire contained to a wheel on tractor trailer coal truck. While setting in line to dump EE's load of coal it was noticed that the drivers off-side rear wheel area was on fire. It was fought with extinguishers and the local fire department was called to completely extinguish the flames.,53,This was a fire contained to a wheel on tractor trailer coal truck. While setting in line to dump EE's load of coal it was noticed that the drivers off-side rear wheel area was on fire. It was fought with extinguishers and the local fire department was called to completely extinguish the flames.,False,,,,train_candidate
msha_001580,msha,no_injury_event,00,ACCIDENT ONLY,2019-10-21,2019,4700587,M,MILL OPERATION/PREPARATION PLANT,FIRE,"Accident type, without injuries",NO VALUE FOUND,NO VALUE FOUND,NO VALUE FOUND,NO VALUE FOUND,,0,NO VALUE FOUND,False,0,[],False,False,There was persistent smoldering on the coal stock pile. Removing and extinguishing of embers took more than 30 minutes.,19,There was persistent smoldering on the coal stock pile. Removing and extinguishing of embers took more than 30 minutes.,False,,,,train_candidate
msha_001585,msha,no_injury_event,00,ACCIDENT ONLY,2020-07-20,2020,4801034,C,"STRIP, QUARY, OPEN PIT",FIRE,"Accident type, without injuries",NO VALUE FOUND,NO VALUE FOUND,NO VALUE FOUND,NO VALUE FOUND,,0,NO VALUE FOUND,False,0,[],False,False,Spontaneous combustion smoker was found in Area 1. Had to take a drill over and shoot dirt over the top of it. The area was buried at 16:30 pm 0721/2020,30,Spontaneous combustion smoker was found in Area 1. Had to take a drill over and shoot dirt over the top of it. The area was buried at 16:30 pm 0721/2020,False,,,,train_candidate
msha_001586,msha,no_injury_event,00,ACCIDENT ONLY,2024-05-08,2024,4801200,C,"STRIP, QUARY, OPEN PIT",FIRE,"Accident type, without injuries",NO VALUE FOUND,NO VALUE FOUND,NO VALUE FOUND,NO VALUE FOUND,,0,NO VALUE FOUND,False,0,[],False,False,We have a smoker on our A-Seam in the Northwest cut. We are digging it out and pushing material over to get it put out. Lots of rain is hindering us from getting it out in a timely manner.,39,We have a smoker on our A-Seam in the Northwest cut. We are digging it out and pushing material over to get it put out. Lots of rain is hindering us from getting it out in a timely manner.,False,,,,train_candidate
msha_001604,msha,no_injury_event,00,ACCIDENT ONLY,2019-05-28,2019,1000082,M,SURFACE AT UNDERGROUND,HOISTING,"Accident type, without injuries",NO VALUE FOUND,NO VALUE FOUND,NO VALUE FOUND,NO VALUE FOUND,,0,"Elevator, Skip, Cage, Buckets, Mancage, Slope car ",False,0,[],False,False,Hoistman moving cagers from 3700 pocket to 3700 Station to transfer more muck. Stopped at upper pocket the #3 hoist stalled out and would not reset. Brake limit switch had to be readjusted.,33,Hoistman moving cagers from 3700 pocket to 3700 Station to transfer more muck. Stopped at upper pocket the #3 hoist stalled out and would not reset. Brake limit switch had to be readjusted.,False,,,,train_candidate
msha_001635,msha,no_injury_event,00,ACCIDENT ONLY,2025-09-15,2025,2601947,M,"STRIP, QUARY, OPEN PIT",FIRE,"Accident type, without injuries",NO VALUE FOUND,NO VALUE FOUND,NO VALUE FOUND,NO VALUE FOUND,,0,Ore haulage trucks - off highway trucks,False,0,[],False,False,"Haul truck 3175 dumped a load at the leach pad. After dumping, an employee noticed that 3175 had started leaking fluid. While descending the leach pad ramp, the driver of 3175 observed flames coming out from under the deck over the engine. The driver stopped the truck and safely exited the haul truck.",53,"Haul truck 3175 dumped a load at the leach pad. After dumping, an employee noticed that 3175 had started leaking fluid. While descending the leach pad ramp, the driver of 3175 observed flames coming out from under the deck over the engine. The driver stopped the truck and safely exited the haul truck.",False,,,,train_candidate
msha_001654,msha,no_injury_event,00,ACCIDENT ONLY,2019-06-30,2019,3605018,C,SURFACE AT UNDERGROUND,FIRE,"Accident type, without injuries",NO VALUE FOUND,NO VALUE FOUND,NO VALUE FOUND,NO VALUE FOUND,,0,"Bulldozer, Dozer, Crawler tractor, Push cat",False,0,[],False,False,Employee noticed an oil leak on D 10T dozer and started to take down off raw coal pile to get repaired when an engine compartment fire started. EE called for help and the fire was extinguished with water and fire extinguishers. The event lasted 31 minutes and no one was injured.,51,Employee noticed an oil leak on D 10T dozer and started to take down off raw coal pile to get repaired when an engine compartment fire started. EE called for help and the fire was extinguished with water and fire extinguishers. The event lasted 31 minutes and no one was injured.,False,,,,train_candidate
msha_001655,msha,no_injury_event,00,ACCIDENT ONLY,2025-06-18,2025,3605018,C,SURFACE AT UNDERGROUND,HOISTING,"Accident type, without injuries",NO VALUE FOUND,NO VALUE FOUND,NO VALUE FOUND,NO VALUE FOUND,,0,"Elevator, Skip, Cage, Buckets, Mancage, Slope car ",False,0,[],False,False,"The slope hoist car was out of service due to a damaged brake control cable. The cable has since been repaired, and the hoist is now operational.",27,"The slope hoist car was out of service due to a damaged brake control cable. The cable has since been repaired, and the hoist is now operational.",False,,,,train_candidate
msha_001656,msha,permanent_impairment,02,PERM TOT OR PERM PRTL DISABLTY,2026-07-02,2026,3607230,C,SURFACE AT UNDERGROUND,HANDLING OF MATERIALS,Over-exertion in lifting objects,Handling supplies or material,METAL COVERS & GUARDS,HERNIA;RUPTURE,HIPS (PELVIS/ORGANS/KIDNEYS/BUTTOCKS),,1,NO VALUE FOUND,False,0,[],True,False,Employee was in the process of replacing the metal guard over the pulley on 55 overland belt. While placing the guard back in place employee felt a pain in left groin. Employee was seen by a doctor on 7/21 and was diagnosed with a hernia. They worked all shifts without restriction until they were taken off for surgery on 8/17.,60,Employee was in the process of replacing the metal guard over the pulley on 55 overland belt. While placing the guard back in place employee felt a pain in left groin. Employee was seen by a doctor on 7/21 and was diagnosed with a hernia. They worked all shifts without restriction until they were taken off for surgery on 8/17.,False,,,,train_candidate
msha_001657,msha,no_injury_event,00,ACCIDENT ONLY,2019-02-01,2019,3607416,C,SURFACE AT UNDERGROUND,HOISTING,"Accident type, without injuries",NO VALUE FOUND,NO VALUE FOUND,NO VALUE FOUND,NO VALUE FOUND,,0,"Elevator, Skip, Cage, Buckets, Mancage, Slope car ",False,0,[],False,False,The batteries on the brakeman car drained due to extreme freezing temperatures causing the brakes to lockup on the car.,20,The batteries on the brakeman car drained due to extreme freezing temperatures causing the brakes to lockup on the car.,False,,,,train_candidate
msha_001659,msha,no_injury_event,00,ACCIDENT ONLY,2023-08-18,2023,3608652,M,"STRIP, QUARY, OPEN PIT",FIRE,"Accident type, without injuries",NO VALUE FOUND,NO VALUE FOUND,NO VALUE FOUND,NO VALUE FOUND,,0,"Shovel, Power shovel, Backhoe, Trackhoe, Dragline - Big Muskie",False,0,[],False,False,"Excavator operator noticed smoke under the hood. Operator got the fire extinguisher and exited the excavator. Realized that could not safely put out the fire, so evacuated the area and called 911. Foreman called and reported accident to MSHA.",39,"Excavator operator noticed smoke under the hood. Operator got the fire extinguisher and exited the excavator. Realized that could not safely put out the fire, so evacuated the area and called 911. Foreman called and reported accident to MSHA.",False,,,,train_candidate
msha_001663,msha,no_injury_event,00,ACCIDENT ONLY,2025-05-11,2025,3901687,M,"STRIP, QUARY, OPEN PIT",FIRE,"Accident type, without injuries",NO VALUE FOUND,NO VALUE FOUND,NO VALUE FOUND,NO VALUE FOUND,,0,NO VALUE FOUND,False,0,[],False,False,5-11-25 a fire started in one of our green slash piles. The state wild land fire crews that helped put out the fire suspect that the cause of ignition was lightning. We have submitted a request to receive a copy of the official investigation.,44,5-11-25 a fire started in one of our green slash piles. The state wild land fire crews that helped put out the fire suspect that the cause of ignition was lightning. We have submitted a request to receive a copy of the official investigation.,False,,,,train_candidate
msha_001665,msha,no_injury_event,00,ACCIDENT ONLY,2025-08-04,2025,4000838,M,MILL OPERATION/PREPARATION PLANT,FIRE,"Accident type, without injuries",NO VALUE FOUND,NO VALUE FOUND,NO VALUE FOUND,NO VALUE FOUND,,0,NO VALUE FOUND,False,0,[],False,False,"Supervisor noticed smoke in the alternative fuel storage pile, instructed a loader operator to move some material to get to the smoking pile of material. The material was subjected to the atmospheric conditions, it was oxygenated, igniting the TDF. Local fire department was contacted and arrived on scene and extinguished the fire.",52,"Supervisor noticed smoke in the alternative fuel storage pile, instructed a loader operator to move some material to get to the smoking pile of material. The material was subjected to the atmospheric conditions, it was oxygenated, igniting the TDF. Local fire department was contacted and arrived on scene and extinguished the fire.",False,,,,train_candidate
msha_001668,msha,permanent_impairment,02,PERM TOT OR PERM PRTL DISABLTY,2026-02-12,2026,4100013,M,"STRIP, QUARY, OPEN PIT",FALLING/SLIDING/ROLLING MATERIALS,"Fall to lower level, NEC",Machine maintenance,"WORKING SURF OUTSIDE,NEC",MULTIPLE INJURIES,MULTIPLE PARTS (MORE THAN ONE MAJOR),,1,NO VALUE FOUND,False,0,[],True,False,"Employee is currently in the ICU unit. Crew was installing cross beams and noticed beams were to close together. Foreman went back to scaffolding and tied off to back rail, tried to pin and move beam over when structure clip slipped off of chime and employee fell with the beam. Employee was tied off to the structure.",57,"Employee is currently in the ICU unit. Crew was installing cross beams and noticed beams were to close together. Foreman went back to scaffolding and tied off to back rail, tried to pin and move beam over when structure clip slipped off of chime and employee fell with the beam. Employee was tied off to the structure.",False,,,,train_candidate
msha_001677,msha,no_injury_event,00,ACCIDENT ONLY,2024-05-15,2024,4404856,C,SURFACE AT UNDERGROUND,HOISTING,"Accident type, without injuries",NO VALUE FOUND,NO VALUE FOUND,NO VALUE FOUND,NO VALUE FOUND,,0,"Elevator, Skip, Cage, Buckets, Mancage, Slope car ",False,0,[],False,False,The problem started with the brake solenoid would not release on the Hoist and while working on that the Main PLC Controller went down and had to be replaced and reprogramed.,31,The problem started with the brake solenoid would not release on the Hoist and while working on that the Main PLC Controller went down and had to be replaced and reprogramed.,False,,,,train_candidate
msha_001695,msha,no_injury_event,00,ACCIDENT ONLY,2021-07-18,2021,4800993,C,"STRIP, QUARY, OPEN PIT",FIRE,"Accident type, without injuries",NO VALUE FOUND,NO VALUE FOUND,NO VALUE FOUND,NO VALUE FOUND,,0,NO VALUE FOUND,False,0,[],False,False,"Smoker was identified in North West pit, no personnel or resources at risk.",13,"Smoker was identified in North West pit, no personnel or resources at risk.",False,,,,train_candidate
msha_001706,msha,no_injury_event,00,ACCIDENT ONLY,2025-04-30,2025,0200144,M,"STRIP, QUARY, OPEN PIT",FIRE,"Accident type, without injuries",NO VALUE FOUND,NO VALUE FOUND,NO VALUE FOUND,NO VALUE FOUND,,0,NO VALUE FOUND,False,0,[],False,False,Motor grader fire. Unknown cause. Operator exited equipment and issued a Mayday. Local fire department and FMI water trucks responded.,20,Motor grader fire. Unknown cause. Operator exited equipment and issued a Mayday. Local fire department and FMI water trucks responded.,False,,,,train_candidate
msha_001713,msha,no_injury_event,00,ACCIDENT ONLY,2020-11-25,2020,0405701,M,MILL OPERATION/PREPARATION PLANT,FIRE,"Accident type, without injuries",NO VALUE FOUND,NO VALUE FOUND,NO VALUE FOUND,NO VALUE FOUND,,0,NO VALUE FOUND,False,0,[],False,False,Odor of smoldering coal was reported and we began to immediately look for source. Once source was detected we began to dig and drag material to extinguish it. The loader became stuck in coal pile and slowed the progress of extinguishing it. once unstuck we continued to extinguish we had continued putting it out it was extinguished at 3:20am,59,Odor of smoldering coal was reported and we began to immediately look for source. Once source was detected we began to dig and drag material to extinguish it. The loader became stuck in coal pile and slowed the progress of extinguishing it. once unstuck we continued to extinguish we had continued putting it out it was extinguished at 3:20am,False,,,,train_candidate
msha_001715,msha,permanent_impairment,02,PERM TOT OR PERM PRTL DISABLTY,2001-05-04,2001,0900072,M,"STRIP, QUARY, OPEN PIT",HANDLING OF MATERIALS,Struck by falling object,Machine maintenance,DRILL STEEL (ALL SIZES),AMPUTATION OR ENUCLEATION,FINGER(S)/THUMB,,1,"Carriage-mounted drills, Rail, Rubber-tired, Jumbo, Air-track drill",True,2,"[""derrick""]",True,False,"Ee was securing cap and cable to drill steel inside derrick of t4 drill. Apparently the drill steel moved and fell on or against his left index finger, amputating the tip.",31,"Ee was securing cap and cable to drill steel inside derrick of t4 drill. Apparently the drill steel moved and fell on or against his left index finger, amputating the tip.",False,,,,train_candidate
msha_001716,msha,no_injury_event,00,ACCIDENT ONLY,2020-05-15,2020,1000082,M,SURFACE AT UNDERGROUND,HOISTING,"Accident type, without injuries",NO VALUE FOUND,NO VALUE FOUND,NO VALUE FOUND,NO VALUE FOUND,,0,"Elevator, Skip, Cage, Buckets, Mancage, Slope car ",False,0,[],False,False,"Coeur Hoist, scheduled maintenance to replace power switch, went to activate hoist, new switch would not energize. electricians traced out, bad fuse. Hoist up and running at 12:10 hrs.",29,"Coeur Hoist, scheduled maintenance to replace power switch, went to activate hoist, new switch would not energize. electricians traced out, bad fuse. Hoist up and running at 12:10 hrs.",False,,,,train_candidate
msha_001717,msha,no_injury_event,00,ACCIDENT ONLY,2022-01-06,2022,1000082,M,SURFACE AT UNDERGROUND,HOISTING,"Accident type, without injuries",NO VALUE FOUND,NO VALUE FOUND,NO VALUE FOUND,NO VALUE FOUND,,0,"Elevator, Skip, Cage, Buckets, Mancage, Slope car ",False,0,[],False,False,"On January 2nd electrical sub-station (Avista) located 5-6 miles off site had two broken insulators caused by snow off-loading from power lines. January 6th same location Avista sub-station, part of the pole the power crew fixed on January 3rd broke and took out the power lines - this happened the evening of January 6th.",54,"On January 2nd electrical sub-station (Avista) located 5-6 miles off site had two broken insulators caused by snow off-loading from power lines. January 6th same location Avista sub-station, part of the pole the power crew fixed on January 3rd broke and took out the power lines - this happened the evening of January 6th.",False,,,,train_candidate
msha_001721,msha,no_injury_event,00,ACCIDENT ONLY,2020-10-05,2020,1103143,C,MILL OPERATION/PREPARATION PLANT,FIRE,"Accident type, without injuries",NO VALUE FOUND,NO VALUE FOUND,NO VALUE FOUND,NO VALUE FOUND,,0,NO VALUE FOUND,False,0,[],False,False,Smoke was observed coming from the north end of the raw coal storage pad near the prairie eagle east portal. Steps were taken to treat and remove the affected material.,30,Smoke was observed coming from the north end of the raw coal storage pad near the prairie eagle east portal. Steps were taken to treat and remove the affected material.,False,,,"[""msha_003859""]",train_candidate
msha_001723,msha,no_injury_event,00,ACCIDENT ONLY,2023-03-09,2023,1201616,C,"STRIP, QUARY, OPEN PIT",IMPOUNDMENT,"Accident type, without injuries",NO VALUE FOUND,NO VALUE FOUND,NO VALUE FOUND,NO VALUE FOUND,,0,NO VALUE FOUND,False,0,[],False,False,Approx 260ft of spoil had developed a crack and slipped causing the spoil to move towards the pit.,18,Approx 260ft of spoil had developed a crack and slipped causing the spoil to move towards the pit.,False,,,,train_candidate
msha_001725,msha,permanent_impairment,02,PERM TOT OR PERM PRTL DISABLTY,2024-04-18,2024,1400412,M,SURFACE AT UNDERGROUND,MACHINERY,"Caught in, under or between a moving and a stationary object",Hand tools (powered),"HAND TOOLS,POWERED,NEC",AMPUTATION OR ENUCLEATION,FINGER(S)/THUMB,28,1,Hand tools (powered),False,0,[],True,False,"EE accidently hit start button on car puller. EE's hand was caught between car puller and rope, pinching crushing injury. EE was taken to ER for treatment. EE had surgery 4/19/2024 to repair broken fingers, damaged ligaments, and amputation of tip of finger.",43,"EE accidently hit start button on car puller. EE's hand was caught between car puller and rope, pinching crushing injury. EE was taken to ER for treatment. EE had surgery 4/19/2024 to repair broken fingers, damaged ligaments, and amputation of tip of finger.",False,,,,train_candidate
msha_001727,msha,fatal,01,FATALITY,2025-03-28,2025,1401414,M,"STRIP, QUARY, OPEN PIT",POWERED HAULAGE,Struck against a moving object,Front-end loader,SURFACE MINING MACHINES,CRUSHING,MULTIPLE PARTS (MORE THAN ONE MAJOR),,1,"Front-end loader, Tractor-shovel, Payloader, Highlift, Skip loader",False,0,[],True,True,Victim was removing sand from the sand wall with a Volvo L120E loader and the wall sloughed off covering the loader and victim with sand.,25,Victim was removing sand from the sand wall with a Volvo L120E loader and the wall sloughed off covering the loader and victim with sand.,False,,,,train_candidate
msha_001730,msha,no_injury_event,00,ACCIDENT ONLY,2019-12-16,2019,1504469,M,MILL OPERATION/PREPARATION PLANT,ELECTRICAL,"Accident type, without injuries",NO VALUE FOUND,NO VALUE FOUND,NO VALUE FOUND,NO VALUE FOUND,,0,NO VALUE FOUND,False,0,[],False,False,"An insulator on a 138kv electrical power pole went to ground and caused power outage and a unplanned fire on the pole at the north end of the plant. The fire burned 67 minutes until FD put it out. The pole is owned by the utility provider, not the mine.",50,"An insulator on a 138kv electrical power pole went to ground and caused power outage and a unplanned fire on the pole at the north end of the plant. The fire burned 67 minutes until FD put it out. The pole is owned by the utility provider, not the mine.",False,,,,train_candidate
msha_001733,msha,no_injury_event,00,ACCIDENT ONLY,2023-07-06,2023,1512896,C,MILL OPERATION/PREPARATION PLANT,FIRE,"Accident type, without injuries",NO VALUE FOUND,NO VALUE FOUND,NO VALUE FOUND,NO VALUE FOUND,,0,"Bulldozer, Dozer, Crawler tractor, Push cat",False,0,[],False,False,"Based on our initial investigation, it appears a hydraulic hose ruptured on the dozer and sprayed on the turbo. The operator noticed flames coming out of the engine compartment and exited the dozer.",33,"Based on our initial investigation, it appears a hydraulic hose ruptured on the dozer and sprayed on the turbo. The operator noticed flames coming out of the engine compartment and exited the dozer.",False,,,,train_candidate
msha_001741,msha,permanent_impairment,02,PERM TOT OR PERM PRTL DISABLTY,2022-06-09,2022,1800745,M,DREDGE,HANDLING OF MATERIALS,Struck by... NEC,Machine maintenance,"METAL,NEC(PIPE,WIRE,NAIL)",AMPUTATION OR ENUCLEATION,FINGER(S)/THUMB,0,1,NO VALUE FOUND,False,0,[],True,False,An employee was on the dredge replacing the bolts for the cutter head coupling. The coupling slipped and severed the tip of EE's middle finger of the left hand.,29,An employee was on the dredge replacing the bolts for the cutter head coupling. The coupling slipped and severed the tip of EE's middle finger of the left hand.,False,,,,train_candidate
msha_001747,msha,no_injury_event,00,ACCIDENT ONLY,2022-03-29,2022,2300319,M,MILL OPERATION/PREPARATION PLANT,FIRE,"Accident type, without injuries",NO VALUE FOUND,NO VALUE FOUND,NO VALUE FOUND,NO VALUE FOUND,,0,"Conveyor, Belt feeder, Stage loader, Hopper shaker, Belt structure",False,0,[],False,False,"Overheated material fell onto the clinker conveyor belts and caused the skirt rubbers to catch on fire. The resulting fire heat caused electrical damage to the e-stop causing the belts to stop. Employees tried extinguishing the fire with fire extinguishers. The employees called the fire department. No employees were injured, property damage will exceed $10,000.",55,"Overheated material fell onto the clinker conveyor belts and caused the skirt rubbers to catch on fire. The resulting fire heat caused electrical damage to the e-stop causing the belts to stop. Employees tried extinguishing the fire with fire extinguishers. The employees called the fire department. No employees were injured, property damage will exceed $10,000.",False,,,,train_candidate
msha_001752,msha,no_injury_event,00,ACCIDENT ONLY,2015-11-25,2015,2900708,M,MILL OPERATION/PREPARATION PLANT,FIRE,"Accident type, without injuries",NO VALUE FOUND,NO VALUE FOUND,NO VALUE FOUND,NO VALUE FOUND,,0,NO VALUE FOUND,False,1,"[""pipeline""]",False,False,"A local resident notified mine of a fire above the tailing pipeline road. Mine fire team responded to rough, native land above the road, mine & plant site not exposed to the hazard. Local volunteer fire dept, w/wild land fire gear, responded and extinguished by 11:22. MSHA was notified. Presumed to be small man made fires.",56,"A local resident notified mine of a fire above the tailing pipeline road. Mine fire team responded to rough, native land above the road, mine & plant site not exposed to the hazard. Local volunteer fire dept, w/wild land fire gear, responded and extinguished by 11:22. MSHA was notified. Presumed to be small man made fires.",False,,,,train_candidate
msha_001758,msha,no_injury_event,00,ACCIDENT ONLY,2022-07-24,2022,3000663,M,SURFACE AT UNDERGROUND,HOISTING,"Accident type, without injuries",NO VALUE FOUND,NO VALUE FOUND,NO VALUE FOUND,NO VALUE FOUND,,0,"Elevator, Skip, Cage, Buckets, Mancage, Slope car ",False,0,[],False,False,"While performing a shaft inspection, the hoist tripped out on a drive fault. The cage was lowered to the bottom using the back up generator, then troubleshooting began. It was found that 2 of the SCRs were bad and were therefore replaced.",42,"While performing a shaft inspection, the hoist tripped out on a drive fault. The cage was lowered to the bottom using the back up generator, then troubleshooting began. It was found that 2 of the SCRs were bad and were therefore replaced.",False,,,,train_candidate
msha_001759,msha,no_injury_event,00,ACCIDENT ONLY,2023-07-18,2023,3000663,M,SURFACE AT UNDERGROUND,HOISTING,"Accident type, without injuries",NO VALUE FOUND,NO VALUE FOUND,NO VALUE FOUND,NO VALUE FOUND,,0,"Elevator, Skip, Cage, Buckets, Mancage, Slope car ",False,0,[],False,False,"Power went out on surface which affected the hoist and power undergound at 4:15pm, Evac was started 4:30, power came back on at 5:20, test trips were done and operations resumed. Power outage due to storms knocking out NYSEG service.",40,"Power went out on surface which affected the hoist and power undergound at 4:15pm, Evac was started 4:30, power came back on at 5:20, test trips were done and operations resumed. Power outage due to storms knocking out NYSEG service.",False,,,,train_candidate
msha_001772,msha,no_injury_event,00,ACCIDENT ONLY,2025-10-04,2025,3609923,C,"STRIP, QUARY, OPEN PIT",FIRE,"Accident type, without injuries",NO VALUE FOUND,NO VALUE FOUND,NO VALUE FOUND,NO VALUE FOUND,,0,"Bulldozer, Dozer, Crawler tractor, Push cat",False,0,[],False,False,EE was operating a Cat D11N dozer doing pre-stripping work at Pit 003. During this work a fuel line apparently ruptured resulting in an inextinguishable fire that caused severe damage to the dozer,33,EE was operating a Cat D11N dozer doing pre-stripping work at Pit 003. During this work a fuel line apparently ruptured resulting in an inextinguishable fire that caused severe damage to the dozer,False,,,,train_candidate
msha_001773,msha,permanent_impairment,02,PERM TOT OR PERM PRTL DISABLTY,2025-05-19,2025,3610332,M,"STRIP, QUARY, OPEN PIT",HANDLING OF MATERIALS,"Caught in, under or between a moving and a stationary object",Handling supplies or material,METAL COVERS & GUARDS,AMPUTATION OR ENUCLEATION,FINGER(S)/THUMB,16,1,Ore haulage trucks - off highway trucks,False,0,[],True,False,Driver and injured employee were removing a small amount of material from a dump truck to obtain a legal weight. The tailgate pinched the injured employee's finger.,27,Driver and injured employee were removing a small amount of material from a dump truck to obtain a legal weight. The tailgate pinched the injured employee's finger.,False,,,,train_candidate
msha_001779,msha,no_injury_event,00,ACCIDENT ONLY,2024-10-13,2024,4103101,C,"STRIP, QUARY, OPEN PIT",FIRE,"Accident type, without injuries",NO VALUE FOUND,NO VALUE FOUND,NO VALUE FOUND,NO VALUE FOUND,,0,NO VALUE FOUND,False,0,[],False,False,A grass fire started on Cave Springs road and burned into the old reclaimed mine area. The cause of the fire is unknown. No mining personnel were involved with fighting the fire.,32,A grass fire started on Cave Springs road and burned into the old reclaimed mine area. The cause of the fire is unknown. No mining personnel were involved with fighting the fire.,False,,,,train_candidate
msha_001787,msha,permanent_impairment,02,PERM TOT OR PERM PRTL DISABLTY,2023-03-29,2023,4407400,C,"STRIP, QUARY, OPEN PIT",HANDLING OF MATERIALS,Struck by falling object,Machine maintenance,"METAL,NEC(PIPE,WIRE,NAIL)",AMPUTATION OR ENUCLEATION,FINGER(S)/THUMB,,1,"Bulldozer, Dozer, Crawler tractor, Push cat",False,0,[],True,False,"A mechanic was attempting to install an equalizer bar on a dozer. While positioning the bar, the belly pan fell catching EE's left hand between the belly pan and the bar. This resulted on the loss of the left ring finger.",41,"A mechanic was attempting to install an equalizer bar on a dozer. While positioning the bar, the belly pan fell catching EE's left hand between the belly pan and the bar. This resulted on the loss of the left ring finger.",False,,,,train_candidate
msha_001793,msha,permanent_impairment,02,PERM TOT OR PERM PRTL DISABLTY,2023-02-02,2023,4604168,C,UNDERGROUND,MACHINERY,"Caught in, under or between running or meshing objects",Handling supplies or material,"HOISTING APPARATUS,NEC",AMPUTATION OR ENUCLEATION,FINGER(S)/THUMB,46,1,"Tugger, Air winch, Air hoist, Air jack, Electric winch ",False,0,[],True,False,"On February 2, Employee was assisting the unloading of a motor out of a supply car when EE grabbed the rope at the sheave wheel as another employee began operating the winch, 'bumping' the control. After the control was 'bumped', EE yelled stop, & indicated to the other person that a finger was pinched. Resulting as an amputation to the first knuckle of the index finger.",66,"On February 2, Employee was assisting the unloading of a motor out of a supply car when EE grabbed the rope at the sheave wheel as another employee began operating the winch, 'bumping' the control. After the control was 'bumped', EE yelled stop, & indicated to the other person that a finger was pinched. Resulting as an amputation to the first knuckle of the index finger.",False,,,,train_candidate
msha_001801,msha,no_injury_event,00,ACCIDENT ONLY,2022-01-09,2022,4608878,C,SURFACE AT UNDERGROUND,HOISTING,"Accident type, without injuries",NO VALUE FOUND,NO VALUE FOUND,NO VALUE FOUND,NO VALUE FOUND,,0,"Elevator, Skip, Cage, Buckets, Mancage, Slope car ",False,0,[],False,False,"At approximately 11:15 Am during the Routine check on the Emergency Escape hoist, it was found that the hoist would not lower to the mine floor. all employees were evacuated and after trouble shooting it was found to be an electrical issue which was fixed and the hoist was placed back in service.",53,"At approximately 11:15 Am during the Routine check on the Emergency Escape hoist, it was found that the hoist would not lower to the mine floor. all employees were evacuated and after trouble shooting it was found to be an electrical issue which was fixed and the hoist was placed back in service.",False,,,,train_candidate
msha_001805,msha,no_injury_event,00,ACCIDENT ONLY,2021-05-29,2021,4800977,C,"STRIP, QUARY, OPEN PIT",FIRE,"Accident type, without injuries",NO VALUE FOUND,NO VALUE FOUND,NO VALUE FOUND,NO VALUE FOUND,,0,NO VALUE FOUND,False,0,[],False,False,A fire started on the upper area of a coal highwall from spontaneous combustion. The open pit was not being mined and it took over 30 minutes to build access to the area and extinguish the fire.,37,A fire started on the upper area of a coal highwall from spontaneous combustion. The open pit was not being mined and it took over 30 minutes to build access to the area and extinguish the fire.,False,,,,train_candidate
msha_001807,msha,no_injury_event,00,ACCIDENT ONLY,2024-02-21,2024,4801200,C,"STRIP, QUARY, OPEN PIT",FIRE,"Accident type, without injuries",NO VALUE FOUND,NO VALUE FOUND,NO VALUE FOUND,NO VALUE FOUND,,0,NO VALUE FOUND,False,0,[],False,False,Small coal smoker that started by spontaneous combustion in the north A1/2 face couldn't be distinguished with in 30 minutes. Took 2-2 1/2 hours to dig smoker out.,28,Small coal smoker that started by spontaneous combustion in the north A1/2 face couldn't be distinguished with in 30 minutes. Took 2-2 1/2 hours to dig smoker out.,False,,,,train_candidate
msha_001811,msha,no_injury_event,00,ACCIDENT ONLY,2020-10-23,2020,0100851,C,SURFACE AT UNDERGROUND,HOISTING,"Accident type, without injuries",NO VALUE FOUND,NO VALUE FOUND,NO VALUE FOUND,NO VALUE FOUND,,0,"Elevator, Skip, Cage, Buckets, Mancage, Slope car ",False,0,[],False,False,The SP Material Hoist was taken down to change an axel to some wear on the wheels. This was a planned outage and MSHA was notified when the hoist was taken out of service and when the hoist was put back into service.,43,The SP Material Hoist was taken down to change an axel to some wear on the wheels. This was a planned outage and MSHA was notified when the hoist was taken out of service and when the hoist was put back into service.,False,,,,train_candidate
msha_001812,msha,no_injury_event,00,ACCIDENT ONLY,2022-03-18,2022,0100851,C,SURFACE AT UNDERGROUND,HOISTING,"Accident type, without injuries",NO VALUE FOUND,NO VALUE FOUND,NO VALUE FOUND,NO VALUE FOUND,,0,"Elevator, Skip, Cage, Buckets, Mancage, Slope car ",False,0,[],False,False,The SP elevator was taken out of service for door issues. The elevator was tested and placed back into service. MSHA was notified via the hotline and onsite.,28,The SP elevator was taken out of service for door issues. The elevator was tested and placed back into service. MSHA was notified via the hotline and onsite.,False,,,,train_candidate
msha_001824,msha,permanent_impairment,02,PERM TOT OR PERM PRTL DISABLTY,2023-09-27,2023,1102403,M,MILL OPERATION/PREPARATION PLANT,MACHINERY,"Caught in, under or between a moving and a stationary object",Inspect equipment or mine,SURFACE MINING MACHINES,AMPUTATION OR ENUCLEATION,FINGER(S)/THUMB,79,1,"Auger machine, Highwall miner, Auger highwall drill, Auger drill",False,0,[],True,False,While inspecting the 20' Lilly Auger for a leaking hole teammate inadvertently placed a finger inside of the auger from the bottom panel.,23,While inspecting the 20' Lilly Auger for a leaking hole teammate inadvertently placed a finger inside of the auger from the bottom panel.,False,,,,train_candidate
msha_001825,msha,no_injury_event,00,ACCIDENT ONLY,2019-12-15,2019,1103143,C,MILL OPERATION/PREPARATION PLANT,FIRE,"Accident type, without injuries",NO VALUE FOUND,NO VALUE FOUND,NO VALUE FOUND,NO VALUE FOUND,,0,NO VALUE FOUND,False,0,[],False,False,Smoke was observed coming from the south side of the raw coal pile at Prairie Eagle Plant. Actions were taken to treat and remove the affected material.,27,Smoke was observed coming from the south side of the raw coal pile at Prairie Eagle Plant. Actions were taken to treat and remove the affected material.,False,,,,train_candidate
msha_001826,msha,no_injury_event,00,ACCIDENT ONLY,2019-12-14,2019,1200088,M,MILL OPERATION/PREPARATION PLANT,FIRE,"Accident type, without injuries",NO VALUE FOUND,NO VALUE FOUND,NO VALUE FOUND,NO VALUE FOUND,,0,NO VALUE FOUND,False,0,[],False,False,Stove in break room of shop caught fire resulting in total loss of shop building. No injuries.,17,Stove in break room of shop caught fire resulting in total loss of shop building. No injuries.,False,,,,train_candidate
msha_001837,msha,no_injury_event,00,ACCIDENT ONLY,2019-05-30,2019,1519189,C,"STRIP, QUARY, OPEN PIT",FIRE,"Accident type, without injuries",NO VALUE FOUND,NO VALUE FOUND,NO VALUE FOUND,NO VALUE FOUND,,0,"Shovel, Power shovel, Backhoe, Trackhoe, Dragline - Big Muskie",False,0,[],False,False,Suspected fuel leak caused a fire on a caterpillar 345C Excavator. Machine is expected to be a complete loss.,19,Suspected fuel leak caused a fire on a caterpillar 345C Excavator. Machine is expected to be a complete loss.,False,,,,train_candidate
msha_001838,msha,no_injury_event,00,ACCIDENT ONLY,2019-09-05,2019,1519356,C,MILL OPERATION/PREPARATION PLANT,FIRE,"Accident type, without injuries",NO VALUE FOUND,NO VALUE FOUND,NO VALUE FOUND,NO VALUE FOUND,,0,NO VALUE FOUND,False,0,[],False,False,"A hot spot occurred on the north side of the raw coal stock pile, employee notice it smoking.",18,"A hot spot occurred on the north side of the raw coal stock pile, employee notice it smoking.",False,,,,train_candidate
msha_001839,msha,permanent_impairment,02,PERM TOT OR PERM PRTL DISABLTY,2026-07-22,2026,2000422,M,MILL OPERATION/PREPARATION PLANT,HANDLING OF MATERIALS,Over-exertion in lifting objects,Machine maintenance,METAL COVERS & GUARDS,HERNIA;RUPTURE,ABDOMEN/INTERNAL ORGANS,,1,NO VALUE FOUND,False,0,[],True,False,Employee was lifting filter sections from machine and felt something pop followed by tightness in their lower abdomen. Employee was evaluated by site nurse and sent to local hospital where ultrasound revealed fat containing hernia.,35,Employee was lifting filter sections from machine and felt something pop followed by tightness in their lower abdomen. Employee was evaluated by site nurse and sent to local hospital where ultrasound revealed fat containing hernia.,False,,,,train_candidate
msha_001844,msha,no_injury_event,00,ACCIDENT ONLY,2025-07-17,2025,2401950,C,SURFACE AT UNDERGROUND,FIRE,"Accident type, without injuries",NO VALUE FOUND,NO VALUE FOUND,NO VALUE FOUND,NO VALUE FOUND,,0,Air compressor,False,0,[],False,False,A fire occurred on the surface of the mine in the compressor building. 911 was called and the local fire department responded and worked with the mine to extinguish the fire. No injuries occurred as a result of the incident.,40,A fire occurred on the surface of the mine in the compressor building. 911 was called and the local fire department responded and worked with the mine to extinguish the fire. No injuries occurred as a result of the incident.,False,,,,train_candidate
msha_001845,msha,no_injury_event,00,ACCIDENT ONLY,2023-10-16,2023,2402226,M,"STRIP, QUARY, OPEN PIT",POWERED HAULAGE,"Accident type, without injuries",NO VALUE FOUND,NO VALUE FOUND,NO VALUE FOUND,NO VALUE FOUND,,0,"Front-end loader, Tractor-shovel, Payloader, Highlift, Skip loader",False,0,[],False,False,"Employee operating front end loader tried to turn around on a sloped road without controlling speed need to make the turn safely, resulting in the front end loader tipping on its side.",32,"Employee operating front end loader tried to turn around on a sloped road without controlling speed need to make the turn safely, resulting in the front end loader tipping on its side.",False,,,,train_candidate
msha_001857,msha,no_injury_event,00,ACCIDENT ONLY,2011-01-25,2011,3300170,M,MILL OPERATION/PREPARATION PLANT,FIRE,"Accident type, without injuries",NO VALUE FOUND,NO VALUE FOUND,NO VALUE FOUND,NO VALUE FOUND,0,0,"Raw coal storage, Tipple, Dump bins",True,2,"[""petroleum""]",False,False,A mixture of coal and petroleum coke started to spontaneous combust in the #2 Coal bin. This is being reported because the fire lasted more than 30 minutes.,28,A mixture of coal and petroleum coke started to spontaneous combust in the #2 Coal bin. This is being reported because the fire lasted more than 30 minutes.,False,,,,train_candidate
msha_001866,msha,fatal,01,FATALITY,2024-09-18,2024,3600005,M,"STRIP, QUARY, OPEN PIT",POWERED HAULAGE,Struck by powered moving object,Unknown,SURFACE MINING MACHINES,MULTIPLE INJURIES,MULTIPLE PARTS (MORE THAN ONE MAJOR),,1,"Front-end loader, Tractor-shovel, Payloader, Highlift, Skip loader",False,0,[],True,True,"Truck Driver in TDW060 pulled over and stopped at a curve in the road, partially off the road, which created a blind spot. Loader Operator in 3LV025 was driving in the same direction of the truck. As the Loader Operator passed the truck the Truck Driver was struck and killed.",50,"Truck Driver in TDW060 pulled over and stopped at a curve in the road, partially off the road, which created a blind spot. Loader Operator in 3LV025 was driving in the same direction of the truck. As the Loader Operator passed the truck the Truck Driver was struck and killed.",False,,,,train_candidate
msha_001870,msha,no_injury_event,00,ACCIDENT ONLY,2021-06-16,2021,3606468,M,SURFACE AT UNDERGROUND,FIRE,"Accident type, without injuries",NO VALUE FOUND,NO VALUE FOUND,NO VALUE FOUND,NO VALUE FOUND,,0,"Screen, Vibrator, Shaker, Rock screener, Scalper",False,0,[],False,False,"Drive belts on Metso vibratory screen were improperly tensioned, which either caused or was caused by the screen being overloaded. This caused the belts to slip and catch on fire, which ignited the screen dust cover. Damage was limited to drive belts and dust cover.",45,"Drive belts on Metso vibratory screen were improperly tensioned, which either caused or was caused by the screen being overloaded. This caused the belts to slip and catch on fire, which ignited the screen dust cover. Damage was limited to drive belts and dust cover.",False,,,,train_candidate
msha_001873,msha,no_injury_event,00,ACCIDENT ONLY,2025-05-14,2025,4100060,M,"STRIP, QUARY, OPEN PIT",ELECTRICAL,"Accident type, without injuries",NO VALUE FOUND,NO VALUE FOUND,NO VALUE FOUND,NO VALUE FOUND,,0,Ore haulage trucks - off highway trucks,False,0,[],False,False,"A 45 ton haul truck pulled away from the dump area with the bed still partially raised, it then snagged a powerline, pulling it down. Personnel were evacuated to a safe distance, power was disconnected and the equipment removed",39,"A 45 ton haul truck pulled away from the dump area with the bed still partially raised, it then snagged a powerline, pulling it down. Personnel were evacuated to a safe distance, power was disconnected and the equipment removed",False,,,,train_candidate
msha_001875,msha,no_injury_event,00,ACCIDENT ONLY,2023-08-13,2023,4103307,M,MILL OPERATION/PREPARATION PLANT,FIRE,"Accident type, without injuries",NO VALUE FOUND,NO VALUE FOUND,NO VALUE FOUND,NO VALUE FOUND,,0,NO VALUE FOUND,False,0,[],False,False,"At 9:58pm the control room operator received an alarm from the thermal cameras on the shredded tire storage pile showing a potential hotspot/fire. The control room operator dispatched crew members to evaluate the situation, and based on their evaluation, the fire department was called. The fire lasted approximately 31 min, no damage occurred except to the tire pile.",58,"At 9:58pm the control room operator received an alarm from the thermal cameras on the shredded tire storage pile showing a potential hotspot/fire. The control room operator dispatched crew members to evaluate the situation, and based on their evaluation, the fire department was called. The fire lasted approximately 31 min, no damage occurred except to the tire pile.",False,,,,train_candidate
msha_001877,msha,no_injury_event,00,ACCIDENT ONLY,2011-04-25,2011,4103660,C,"STRIP, QUARY, OPEN PIT",ELECTRICAL,"Accident type, without injuries",NO VALUE FOUND,NO VALUE FOUND,NO VALUE FOUND,NO VALUE FOUND,0,0,NO VALUE FOUND,True,2,"[""gas well""]",False,False,At approximately 4:05pm lightning struck water and oil storage tanks at a gas well compressor station site owned by Anadarko Inc located in the DI Mining Area. Two tanks were distroyed and the oil/distillate caught fire. The MSHA hot line was called at 4:42pm.The local fire department was called and the fire was extinguished at 5:40pm.,56,At approximately 4:05pm lightning struck water and oil storage tanks at a gas well compressor station site owned by Anadarko Inc located in the DI Mining Area. Two tanks were distroyed and the oil/distillate caught fire. The MSHA hot line was called at 4:42pm.The local fire department was called and the fire was extinguished at 5:40pm.,False,,,,train_candidate
msha_001878,msha,no_injury_event,00,ACCIDENT ONLY,2022-03-13,2022,4404856,C,SURFACE AT UNDERGROUND,HOISTING,"Accident type, without injuries",NO VALUE FOUND,NO VALUE FOUND,NO VALUE FOUND,NO VALUE FOUND,,0,"Elevator, Skip, Cage, Buckets, Mancage, Slope car ",False,0,[],False,False,Power Lead blew of Transformer inside substation and had the Page Service Shaft Down. When the power was reenergized one of the PLC controller lost memory and had to be reprogrammed.,31,Power Lead blew of Transformer inside substation and had the Page Service Shaft Down. When the power was reenergized one of the PLC controller lost memory and had to be reprogrammed.,False,,,,train_candidate
msha_001884,msha,no_injury_event,00,ACCIDENT ONLY,2019-10-30,2019,4601544,C,SURFACE AT UNDERGROUND,HOISTING,"Accident type, without injuries",NO VALUE FOUND,NO VALUE FOUND,NO VALUE FOUND,NO VALUE FOUND,,0,"Elevator, Skip, Cage, Buckets, Mancage, Slope car ",False,0,[],False,False,A non-injury accident occurred when the slope car malfunctioned. Production was halted and people withdrawn from the mine. Both escapeways were available at all times. NO persons were injured as a result of this mechanical malfunction. The malfunction was corrected at approximately 3:00pm.,43,A non-injury accident occurred when the slope car malfunctioned. Production was halted and people withdrawn from the mine. Both escapeways were available at all times. NO persons were injured as a result of this mechanical malfunction. The malfunction was corrected at approximately 3:00pm.,False,,,,train_candidate
msha_001891,msha,no_injury_event,00,ACCIDENT ONLY,2022-02-14,2022,4608878,C,SURFACE AT UNDERGROUND,HOISTING,"Accident type, without injuries",NO VALUE FOUND,NO VALUE FOUND,NO VALUE FOUND,NO VALUE FOUND,,0,"Elevator, Skip, Cage, Buckets, Mancage, Slope car ",False,0,[],False,False,Lost Power to the E-hoist. Power loss was on the AEP Side. Due to a Blown Transformer. No one hurt no one injured,23,Lost Power to the E-hoist. Power loss was on the AEP Side. Due to a Blown Transformer. No one hurt no one injured,False,,,,train_candidate
msha_001894,msha,permanent_impairment,02,PERM TOT OR PERM PRTL DISABLTY,2006-02-24,2006,4800154,M,MILL OPERATION/PREPARATION PLANT,HANDLING OF MATERIALS,"Caught in, under or between NEC",Handling supplies or material,"METAL,NEC(PIPE,WIRE,NAIL)",AMPUTATION OR ENUCLEATION,FINGER(S)/THUMB,0,1,NO VALUE FOUND,False,1,"[""pipe rack""]",True,False,"Moving sections of 3"" diameter pipe into the pipe rack, one section bound up on another and as he moved it he caught his left middle finger between them and took the tip of the 1st joint off.",38,"Moving sections of 3"" diameter pipe into the pipe rack, one section bound up on another and as he moved it he caught his left middle finger between them and took the tip of the 1st joint off.",False,,,,train_candidate
msha_001895,msha,no_injury_event,00,ACCIDENT ONLY,2023-07-06,2023,4800977,C,"STRIP, QUARY, OPEN PIT",FIRE,"Accident type, without injuries",NO VALUE FOUND,NO VALUE FOUND,NO VALUE FOUND,NO VALUE FOUND,,0,NO VALUE FOUND,False,0,[],False,False,Smoldering coal was found in an area of the pit that was difficult to access. It was over 30 minutes before a loader could reach the area and dig it out.,31,Smoldering coal was found in an area of the pit that was difficult to access. It was over 30 minutes before a loader could reach the area and dig it out.,False,,,,train_candidate
msha_001896,msha,no_injury_event,00,ACCIDENT ONLY,2026-01-22,2026,4801034,C,"STRIP, QUARY, OPEN PIT",FIRE,"Accident type, without injuries",NO VALUE FOUND,NO VALUE FOUND,NO VALUE FOUND,NO VALUE FOUND,,0,NO VALUE FOUND,False,0,[],False,False,Smoker was identified in area 6. No people or resources are at risk.,13,Smoker was identified in area 6. No people or resources are at risk.,False,,,,train_candidate
msha_001898,msha,no_injury_event,00,ACCIDENT ONLY,2020-02-23,2020,4801337,C,"STRIP, QUARY, OPEN PIT",FIRE,"Accident type, without injuries",NO VALUE FOUND,NO VALUE FOUND,NO VALUE FOUND,NO VALUE FOUND,,0,NO VALUE FOUND,False,0,[],False,False,"Hot coal was observed at ramp 34 in the east side of the pit. This did not result in injury, damage or impairment.",23,"Hot coal was observed at ramp 34 in the east side of the pit. This did not result in injury, damage or impairment.",False,,,,train_candidate
msha_001901,msha,no_injury_event,00,ACCIDENT ONLY,2020-08-26,2020,4801429,C,"STRIP, QUARY, OPEN PIT",FIRE,"Accident type, without injuries",NO VALUE FOUND,NO VALUE FOUND,NO VALUE FOUND,NO VALUE FOUND,,0,NO VALUE FOUND,False,0,[],False,False,"Spontaneous combustion started in an open unshot coal face that could not be reached by the loader. Holes were drilled in the top of the bench, the holes were loaded and shot. The hot coal was loaded out and buried. At no time was there any danger to either employees, equipment or structures.",53,"Spontaneous combustion started in an open unshot coal face that could not be reached by the loader. Holes were drilled in the top of the bench, the holes were loaded and shot. The hot coal was loaded out and buried. At no time was there any danger to either employees, equipment or structures.",False,,,,train_candidate
msha_001913,msha,fatal,01,FATALITY,2024-06-14,2024,0404802,M,"STRIP, QUARY, OPEN PIT",FIRE,Struck by... NEC,"Other, NEC",WHEEL-FROM CAR OR TRUCK,MULTIPLE INJURIES,MULTIPLE PARTS (MORE THAN ONE MAJOR),,1,"Front-end loader, Tractor-shovel, Payloader, Highlift, Skip loader",False,0,[],True,True,"988 Loader caught fire, was unable to be extinguished by site personnel, 911 was called. Two fire crews arrived on site, one fireman approached the loader by the rear tire. The plant manager was yelling at them to get away from the tire. It exploded killing the fireman by the tire.",51,"988 Loader caught fire, was unable to be extinguished by site personnel, 911 was called. Two fire crews arrived on site, one fireman approached the loader by the rear tire. The plant manager was yelling at them to get away from the tire. It exploded killing the fireman by the tire.",False,,,,train_candidate
msha_001918,msha,no_injury_event,00,ACCIDENT ONLY,2021-08-11,2021,1000088,M,SURFACE AT UNDERGROUND,HOISTING,"Accident type, without injuries",NO VALUE FOUND,NO VALUE FOUND,NO VALUE FOUND,NO VALUE FOUND,,0,"Elevator, Skip, Cage, Buckets, Mancage, Slope car ",False,0,[],False,False,After the Silver Shaft Hoist was idle for a lengthy time the weight brake would not lift fast enough or high enough to release. A consultant was called in to help diagnose the problem and identified that the brake set regulator pressure was not high enough to engage the brake boost solenoid. The regulator pressure was turned up correcting the problem.,61,After the Silver Shaft Hoist was idle for a lengthy time the weight brake would not lift fast enough or high enough to release. A consultant was called in to help diagnose the problem and identified that the brake set regulator pressure was not high enough to engage the brake boost solenoid. The regulator pressure was turned up correcting the problem.,False,,,,train_candidate
msha_001935,msha,no_injury_event,00,ACCIDENT ONLY,2020-11-07,2020,1600358,M,SURFACE AT UNDERGROUND,HOISTING,"Accident type, without injuries",NO VALUE FOUND,NO VALUE FOUND,NO VALUE FOUND,NO VALUE FOUND,,0,"Elevator, Skip, Cage, Buckets, Mancage, Slope car ",False,0,[],False,False,On 11/7/2020 at 10:02 am the hoist was out of service due to a blower motor breaker trip. An electrician was called up and reset the breaker.,27,On 11/7/2020 at 10:02 am the hoist was out of service due to a blower motor breaker trip. An electrician was called up and reset the breaker.,False,,,,train_candidate
msha_001936,msha,fatal,01,FATALITY,2002-09-10,2002,1800013,M,"STRIP, QUARY, OPEN PIT",MACHINERY,Struck against a moving object,"Surface equipment, NEC",SURFACE MINING MACHINES,MULTIPLE INJURIES,MULTIPLE PARTS (MORE THAN ONE MAJOR),,1,"Carriage-mounted drills, Rail, Rubber-tired, Jumbo, Air-track drill",True,4,"[""derrick"", ""driller""]",True,True,"Driller was in drill cab preparing to drill an 18' deep angle hole. Drill had been levelled and all jacks had been extended. Derrick was being positioned when drill overturned onto right side, trapping driller in cab.",37,"Driller was in drill cab preparing to drill an 18' deep angle hole. Drill had been levelled and all jacks had been extended. Derrick was being positioned when drill overturned onto right side, trapping driller in cab.",False,,,,train_candidate
msha_001939,msha,fatal,01,FATALITY,2023-01-30,2023,2302308,M,MILL OPERATION/PREPARATION PLANT,SLIP OR FALL OF PERSON,"Fall from scaffolds, walkways, platforms",Machine maintenance,GROUND,"UNCLASSIFIED,NOT DETERMED",MULTIPLE PARTS (MORE THAN ONE MAJOR),,1,NO VALUE FOUND,False,1,"[""catwalk""]",True,True,An employee was fatally injured when they fell from an opening in an elevated catwalk.,15,An employee was fatally injured when they fell from an opening in an elevated catwalk.,False,,,,train_candidate
msha_001943,msha,permanent_impairment,02,PERM TOT OR PERM PRTL DISABLTY,2023-03-01,2023,2601950,M,MILL OPERATION/PREPARATION PLANT,MACHINERY,"Caught in, under or between running or meshing objects",Machine maintenance,"MACHINE-MILL,CLEANING PLT",AMPUTATION OR ENUCLEATION,FINGER(S)/THUMB,0,1,"Packaging machine, Bagger, Sewing machine, Palletizer",False,0,[],True,False,"Employee failed to lock out, tag out, test out a belt-driven piece of equipment and used right hand to get the energized belt to move. Belt engaged and right hand fingertip was cut off by pulley/belt assembly. Fingertip was amputated.",40,"Employee failed to lock out, tag out, test out a belt-driven piece of equipment and used right hand to get the energized belt to move. Belt engaged and right hand fingertip was cut off by pulley/belt assembly. Fingertip was amputated.",False,,,,train_candidate
msha_001946,msha,permanent_impairment,02,PERM TOT OR PERM PRTL DISABLTY,2008-11-10,2008,2602535,M,SURFACE AT UNDERGROUND,MACHINERY,"Caught in, under or between running or meshing objects",Hand tools (not powered),"DRUM,PULY,SHEAVE-NT CONVY",AMPUTATION OR ENUCLEATION,FINGER(S)/THUMB,,1,"Carriage-mounted drills, Rail, Rubber-tired, Jumbo, Air-track drill",True,2,"[""wireline""]",True,False,"While pulling core tubes, the EE was guiding wire line onto spool w/hammer. His gloves were pulled into the wireline drum where his 3 middle finger of (L) hand were caught in the cable wrap. I n a jerking reaction, the EE pulled back to free his hand and subsequently amputated his 3 middle fingers below 1st knuckle. At hospital, required amputation of middle finger to 2nd knuckle.",68,"While pulling core tubes, the EE was guiding wire line onto spool w/hammer. His gloves were pulled into the wireline drum where his 3 middle finger of (L) hand were caught in the cable wrap. I n a jerking reaction, the EE pulled back to free his hand and subsequently amputated his 3 middle fingers below 1st knuckle. At hospital, required amputation of middle finger to 2nd knuckle.",False,,,,train_candidate
msha_001950,msha,no_injury_event,00,ACCIDENT ONLY,2025-03-19,2025,3000663,M,SURFACE AT UNDERGROUND,HOISTING,"Accident type, without injuries",NO VALUE FOUND,NO VALUE FOUND,NO VALUE FOUND,NO VALUE FOUND,,0,"Elevator, Skip, Cage, Buckets, Mancage, Slope car ",False,0,[],False,False,"#3 Hoist was having some electrical problems, so crew was troubleshooting it, we still had our #4 and #2 for escapeways. It ended up being 2 bad fuses. and was repaired",31,"#3 Hoist was having some electrical problems, so crew was troubleshooting it, we still had our #4 and #2 for escapeways. It ended up being 2 bad fuses. and was repaired",False,,,,train_candidate
msha_001956,msha,permanent_impairment,02,PERM TOT OR PERM PRTL DISABLTY,2024-07-12,2024,3101979,M,MILL OPERATION/PREPARATION PLANT,HANDLING OF MATERIALS,"Caught in, under or between NEC",Machine maintenance,"MACHINE-MILL,CLEANING PLT",AMPUTATION OR ENUCLEATION,FINGER(S)/THUMB,0,1,NO VALUE FOUND,False,0,[],True,False,"The miner was performing maintenance on a crusher; in the process, the miner came into contact with a sharp edge. This resulted in a laceration and partial amputation on the tip of the left ring finger.",36,"The miner was performing maintenance on a crusher; in the process, the miner came into contact with a sharp edge. This resulted in a laceration and partial amputation on the tip of the left ring finger.",False,,,,train_candidate
msha_001959,msha,permanent_impairment,02,PERM TOT OR PERM PRTL DISABLTY,2012-08-23,2012,3400530,M,"STRIP, QUARY, OPEN PIT",HANDLING OF MATERIALS,"Caught in, under or between a moving and a stationary object",Inspect equipment or mine,"DRUM,PULY,SHEAVE-NT CONVY",AMPUTATION OR ENUCLEATION,FINGER(S)/THUMB,30,1,"Carriage-mounted drills, Rail, Rubber-tired, Jumbo, Air-track drill",True,2,"[""driller""]",True,False,"While servicing a water pump on a highway drill, a faulty hydraulic motor engaged while the driller was inspecting the belts and pulleys. His three fingers (index, middle and ring) were trapped between the belt and pulley severing the tips to the first knuckle.",44,"While servicing a water pump on a highway drill, a faulty hydraulic motor engaged while the driller was inspecting the belts and pulleys. His three fingers (index, middle and ring) were trapped between the belt and pulley severing the tips to the first knuckle.",False,,,,train_candidate
msha_001960,msha,no_injury_event,00,ACCIDENT ONLY,2022-11-30,2022,3402191,M,OFFICE WORKERS AT MINE SITE,FIRE,"Accident type, without injuries",NO VALUE FOUND,NO VALUE FOUND,NO VALUE FOUND,NO VALUE FOUND,,0,NO VALUE FOUND,False,0,[],False,False,"I arrived at 0040 office was on fire. Mine was closed at the time. Yuba fire dept along with two other dept was there, they got the fire out around 0400 on 11/30/22. There were no injuries. I called MSHA they gave me the 1800 number, I immediately called and MSHA showed up to do the investigation.",57,"I arrived at 0040 office was on fire. Mine was closed at the time. Yuba fire dept along with two other dept was there, they got the fire out around 0400 on 11/30/22. There were no injuries. I called MSHA they gave me the 1800 number, I immediately called and MSHA showed up to do the investigation.",False,,,,train_candidate
msha_001963,msha,no_injury_event,00,ACCIDENT ONLY,2024-07-31,2024,3605018,C,SURFACE AT UNDERGROUND,HOISTING,"Accident type, without injuries",NO VALUE FOUND,NO VALUE FOUND,NO VALUE FOUND,NO VALUE FOUND,,0,"Elevator, Skip, Cage, Buckets, Mancage, Slope car ",False,0,[],False,False,The elevator at the #9 portal door switch failed. The door switch was replaced.,14,The elevator at the #9 portal door switch failed. The door switch was replaced.,False,,,,train_candidate
msha_001970,msha,fatal,01,FATALITY,2004-09-28,2004,4002271,M,"STRIP, QUARY, OPEN PIT",POWERED HAULAGE,Fall onto or against objects,Handling supplies or material,BELT CONVEYORS,"CUT,LACER,PUNCT-OPN WOUND",CHEST (RIBS/BREAST BONE/CHEST ORGNS),0,1,"Conveyor, Belt feeder, Stage loader, Hopper shaker, Belt structure",True,2,"[""fracturing""]",True,True,"Not sure yet. Still under investigation. Theory #1: Natural death. Theory #2: A rock fell from conveyor and struck employee at a glancing blow, causing him to strike metal structure fracturing 12 ribs and puncturing right lung. There were no witnesses.",41,"Not sure yet. Still under investigation. Theory #1: Natural death. Theory #2: A rock fell from conveyor and struck employee at a glancing blow, causing him to strike metal structure fracturing 12 ribs and puncturing right lung. There were no witnesses.",False,,,,train_candidate
msha_001972,msha,fatal,01,FATALITY,2023-05-16,2023,4102840,C,"STRIP, QUARY, OPEN PIT",FALLING/SLIDING/ROLLING MATERIALS,Struck by rolling or sliding object,Bulldozer,LANDSLIDE (SURF ONLY),CRUSHING,MULTIPLE PARTS (MORE THAN ONE MAJOR),,1,"Bulldozer, Dozer, Crawler tractor, Push cat",False,0,[],True,True,"While SC0539 Bulldozer was traveling on 1B Ramp, a large volume of material entered the road and contacted the bulldozer.",20,"While SC0539 Bulldozer was traveling on 1B Ramp, a large volume of material entered the road and contacted the bulldozer.",False,,,,train_candidate
msha_001973,msha,no_injury_event,00,ACCIDENT ONLY,2024-11-12,2024,4105232,M,"STRIP, QUARY, OPEN PIT",POWERED HAULAGE,"Accident type, without injuries",NO VALUE FOUND,NO VALUE FOUND,NO VALUE FOUND,NO VALUE FOUND,,0,"Front-end loader, Tractor-shovel, Payloader, Highlift, Skip loader",False,0,[],False,False,"The plant loader loading one of our contractors haul truck had a big rock on the edge of the bucket. When EE went to dump the bucket into the bed of the haul truck, the big rock fell and landed on hydraulic cap and two steps on the walkway damaging the steps and hydraulic cap.",55,"The plant loader loading one of our contractors haul truck had a big rock on the edge of the bucket. When EE went to dump the bucket into the bed of the haul truck, the big rock fell and landed on hydraulic cap and two steps on the walkway damaging the steps and hydraulic cap.",False,,,,train_candidate
msha_001975,msha,no_injury_event,00,ACCIDENT ONLY,2020-07-08,2020,4202093,C,CULM BANK/REFUSE PILE,FIRE,"Accident type, without injuries",NO VALUE FOUND,NO VALUE FOUND,NO VALUE FOUND,NO VALUE FOUND,,0,NO VALUE FOUND,False,0,[],False,False,"Employees doing maintenance cleaning ditches and culverts. The tumble weeds on were lit on fire, out of nowhere a wirly wind picked up one of the weeds and placed it on the old reject pile that had been reclaimed with straw. Some of the straw caught fire, a fire line was built using equipment and water trucks were used to extinguish the fire that lasted about 30 minutes.",68,"Employees doing maintenance cleaning ditches and culverts. The tumble weeds on were lit on fire, out of nowhere a wirly wind picked up one of the weeds and placed it on the old reject pile that had been reclaimed with straw. Some of the straw caught fire, a fire line was built using equipment and water trucks were used to extinguish the fire that lasted about 30 minutes.",False,,,,train_candidate
msha_001980,msha,no_injury_event,00,ACCIDENT ONLY,2025-06-14,2025,4404856,C,SURFACE AT UNDERGROUND,HOISTING,"Accident type, without injuries",NO VALUE FOUND,NO VALUE FOUND,NO VALUE FOUND,NO VALUE FOUND,,0,"Elevator, Skip, Cage, Buckets, Mancage, Slope car ",False,0,[],False,False,The ABB VFD Controls were damaged during a thunder and lightning storm,12,The ABB VFD Controls were damaged during a thunder and lightning storm,False,,,,train_candidate
msha_001985,msha,no_injury_event,00,ACCIDENT ONLY,2024-07-07,2024,4601436,C,MILL OPERATION/PREPARATION PLANT,FIRE,"Accident type, without injuries",NO VALUE FOUND,NO VALUE FOUND,NO VALUE FOUND,NO VALUE FOUND,,0,NO VALUE FOUND,False,0,[],False,False,A fire occurred on top of the prep plant silo. No other part 50 criteria applies.,16,A fire occurred on top of the prep plant silo. No other part 50 criteria applies.,False,,,,train_candidate
msha_001987,msha,no_injury_event,00,ACCIDENT ONLY,2024-05-15,2024,4604168,C,SURFACE AT UNDERGROUND,HOISTING,"Accident type, without injuries",NO VALUE FOUND,NO VALUE FOUND,NO VALUE FOUND,NO VALUE FOUND,,0,"Elevator, Skip, Cage, Buckets, Mancage, Slope car ",False,0,[],False,False,"While placing a pallet of track sand onto the elevator with a motorized dolly, dolly made contact with the elevator door knocking it off track. Elevator was down from 07:15 until 09:00pm.",32,"While placing a pallet of track sand onto the elevator with a motorized dolly, dolly made contact with the elevator door knocking it off track. Elevator was down from 07:15 until 09:00pm.",False,,,,train_candidate
msha_001993,msha,no_injury_event,00,ACCIDENT ONLY,2020-04-02,2020,4700587,M,MILL OPERATION/PREPARATION PLANT,FIRE,"Accident type, without injuries",NO VALUE FOUND,NO VALUE FOUND,NO VALUE FOUND,NO VALUE FOUND,,0,NO VALUE FOUND,False,0,[],False,False,Coal fire started in coal yard at approximately 12:30 AM on 4/2/2020. Heavy equipment operators used equipment to extinguish. Fire department and police department were called in as well to assist.,31,Coal fire started in coal yard at approximately 12:30 AM on 4/2/2020. Heavy equipment operators used equipment to extinguish. Fire department and police department were called in as well to assist.,False,,,,train_candidate
msha_001995,msha,no_injury_event,00,ACCIDENT ONLY,2025-07-22,2025,4800993,C,"STRIP, QUARY, OPEN PIT",FIRE,"Accident type, without injuries",NO VALUE FOUND,NO VALUE FOUND,NO VALUE FOUND,NO VALUE FOUND,,0,NO VALUE FOUND,False,0,[],False,False,Lightning strike that started a grass fire. No people or resources at risk.,13,Lightning strike that started a grass fire. No people or resources at risk.,False,,,,train_candidate
msha_001996,msha,no_injury_event,00,ACCIDENT ONLY,2024-06-24,2024,4801034,C,"STRIP, QUARY, OPEN PIT",FIRE,"Accident type, without injuries",NO VALUE FOUND,NO VALUE FOUND,NO VALUE FOUND,NO VALUE FOUND,,0,NO VALUE FOUND,False,0,[],False,False,Smoker was identified in Area 6. No personnel or resources at risk,12,Smoker was identified in Area 6. No personnel or resources at risk,False,,,,train_candidate
msha_001998,msha,no_injury_event,00,ACCIDENT ONLY,2024-03-28,2024,4801200,C,"STRIP, QUARY, OPEN PIT",FIRE,"Accident type, without injuries",NO VALUE FOUND,NO VALUE FOUND,NO VALUE FOUND,NO VALUE FOUND,,0,NO VALUE FOUND,False,0,[],False,False,Had some smokers flare up on us that we were not able to get it out in the proper time. We are pushing material over on to the smoker to snuff it out. It was on our Canyon coal seam.,40,Had some smokers flare up on us that we were not able to get it out in the proper time. We are pushing material over on to the smoker to snuff it out. It was on our Canyon coal seam.,False,,,,train_candidate
msha_002006,msha,no_injury_event,00,ACCIDENT ONLY,2022-09-28,2022,0502962,C,"STRIP, QUARY, OPEN PIT",FIRE,"Accident type, without injuries",NO VALUE FOUND,NO VALUE FOUND,NO VALUE FOUND,NO VALUE FOUND,,0,NO VALUE FOUND,False,0,[],False,False,"A grass fire was reported at approx. 4:49 pm. Mine employees began fighting the fire and requested help from Craig. No buildings, equipment or personnel were in the path of the fire. The fire was extinguished without injury. EMC Sargent of the MoCo sheriff department determined that the fire was due to a bird contacting a powerline.",57,"A grass fire was reported at approx. 4:49 pm. Mine employees began fighting the fire and requested help from Craig. No buildings, equipment or personnel were in the path of the fire. The fire was extinguished without injury. EMC Sargent of the MoCo sheriff department determined that the fire was due to a bird contacting a powerline.",False,,,,train_candidate
msha_002013,msha,no_injury_event,00,ACCIDENT ONLY,2021-08-25,2021,1101013,M,"STRIP, QUARY, OPEN PIT",FIRE,"Accident type, without injuries",NO VALUE FOUND,NO VALUE FOUND,NO VALUE FOUND,NO VALUE FOUND,,0,"Pump, Slurry pump, Sump pump",False,0,[],False,False,"At approximately 10:30 PM smoke was observed in the B Pit Pump house due to the overheating of a mining pump motor. The local fire department was called and, at 11:15, the smoke was cleared, and a small fire was observed inside the pump and motor. The fire was fully extinguished at approximately 11:40 PM. This occurred in an unoccupied area of the mine.",64,"At approximately 10:30 PM smoke was observed in the B Pit Pump house due to the overheating of a mining pump motor. The local fire department was called and, at 11:15, the smoke was cleared, and a small fire was observed inside the pump and motor. The fire was fully extinguished at approximately 11:40 PM. This occurred in an unoccupied area of the mine.",False,,,,train_candidate
msha_002016,msha,no_injury_event,00,ACCIDENT ONLY,2019-12-12,2019,1103143,C,MILL OPERATION/PREPARATION PLANT,FIRE,"Accident type, without injuries",NO VALUE FOUND,NO VALUE FOUND,NO VALUE FOUND,NO VALUE FOUND,,0,NO VALUE FOUND,False,0,[],False,False,Smoke was observed coming from the west side of the raw coal pile located near the Prairie Eagle East Portal. Actions were taken to treat and remove the affected material.,30,Smoke was observed coming from the west side of the raw coal pile located near the Prairie Eagle East Portal. Actions were taken to treat and remove the affected material.,False,,,,train_candidate
msha_002017,msha,no_injury_event,00,ACCIDENT ONLY,2022-07-18,2022,1103143,C,MILL OPERATION/PREPARATION PLANT,FIRE,"Accident type, without injuries",NO VALUE FOUND,NO VALUE FOUND,NO VALUE FOUND,NO VALUE FOUND,,0,NO VALUE FOUND,False,0,[],False,False,A hot spot was discovered on the South side of the PEEP raw coal pad. No one was injured. The affected material was moved into the feeder by a dozer to be washed.,33,A hot spot was discovered on the South side of the PEEP raw coal pad. No one was injured. The affected material was moved into the feeder by a dozer to be washed.,False,,,,train_candidate
msha_002018,msha,no_injury_event,00,ACCIDENT ONLY,2023-05-08,2023,1103143,C,MILL OPERATION/PREPARATION PLANT,FIRE,"Accident type, without injuries",NO VALUE FOUND,NO VALUE FOUND,NO VALUE FOUND,NO VALUE FOUND,,0,NO VALUE FOUND,False,0,[],False,False,A hot spot on a coal pile was discovered at the Prairie Eagle East Portal Raw coal pad. No one was injured. Steps are being taken to transport the hot material to the prep plant to be washed and taken from property.,42,A hot spot on a coal pile was discovered at the Prairie Eagle East Portal Raw coal pad. No one was injured. Steps are being taken to transport the hot material to the prep plant to be washed and taken from property.,False,,,,train_candidate
msha_002024,msha,no_injury_event,00,ACCIDENT ONLY,2025-09-02,2025,1500062,M,MILL OPERATION/PREPARATION PLANT,HOISTING,"Accident type, without injuries",NO VALUE FOUND,NO VALUE FOUND,NO VALUE FOUND,NO VALUE FOUND,,0,"Man lift, Lift basket, Basket scaler, Self-propelled hydraulic boom",False,0,[],False,False,On 9/2/2025 two employees were unable to lower the rental JLG manlift basket they were working from due to a blown circuit power fuse. Another manlift on site was used to get the two employees safely to the ground.,39,On 9/2/2025 two employees were unable to lower the rental JLG manlift basket they were working from due to a blown circuit power fuse. Another manlift on site was used to get the two employees safely to the ground.,False,,,,train_candidate
msha_002029,msha,no_injury_event,00,ACCIDENT ONLY,2019-02-23,2019,1518015,C,"STRIP, QUARY, OPEN PIT",FIRE,"Accident type, without injuries",NO VALUE FOUND,NO VALUE FOUND,NO VALUE FOUND,NO VALUE FOUND,,0,"Front-end loader, Tractor-shovel, Payloader, Highlift, Skip loader",False,0,[],False,False,The Caterpillar 992K caught on fire in the Winifrede pit at approximately 1:15 AM and was engulfed in seconds. The operator jumped from the loader and received no injuries.,29,The Caterpillar 992K caught on fire in the Winifrede pit at approximately 1:15 AM and was engulfed in seconds. The operator jumped from the loader and received no injuries.,False,,,,train_candidate
msha_002042,msha,no_injury_event,00,ACCIDENT ONLY,2024-05-23,2024,2602286,M,SURFACE AT UNDERGROUND,FIRE,"Accident type, without injuries",NO VALUE FOUND,NO VALUE FOUND,NO VALUE FOUND,NO VALUE FOUND,,0,NO VALUE FOUND,False,0,[],False,False,"Safety on-call received a call at 3:58pm from TROC Dispatch that there was a brush fire at the mill standpipe by the tails. Mayday issued, on shift supervisor was notified, and fire truck and water truck dispatched to location. At 4:40pm brush fire was extinguished. The power pole with the broken line was repaired by Western Line Builders contractor.",59,"Safety on-call received a call at 3:58pm from TROC Dispatch that there was a brush fire at the mill standpipe by the tails. Mayday issued, on shift supervisor was notified, and fire truck and water truck dispatched to location. At 4:40pm brush fire was extinguished. The power pole with the broken line was repaired by Western Line Builders contractor.",False,,,,train_candidate
msha_002043,msha,no_injury_event,00,ACCIDENT ONLY,2019-04-05,2019,2602711,M,SURFACE AT UNDERGROUND,HOISTING,"Accident type, without injuries",NO VALUE FOUND,NO VALUE FOUND,NO VALUE FOUND,NO VALUE FOUND,,0,"Elevator, Skip, Cage, Buckets, Mancage, Slope car ",False,0,[],False,False,The East Main Hoist shut down during night shift due to a heat sink fault on slave drive #1. The 120V to 24V step down transformer that supplies power to the drive cabinet failed. This caused the hoist to trip on heat sink.,43,The East Main Hoist shut down during night shift due to a heat sink fault on slave drive #1. The 120V to 24V step down transformer that supplies power to the drive cabinet failed. This caused the hoist to trip on heat sink.,False,,,,train_candidate
msha_002047,msha,permanent_impairment,02,PERM TOT OR PERM PRTL DISABLTY,2024-07-19,2024,2902245,M,"STRIP, QUARY, OPEN PIT",POWERED HAULAGE,"Caught in, under or between running or meshing objects","Hand load, Hand shoveling",BELTS (NOT CONVEYOR),AMPUTATION OR ENUCLEATION,FOREARM/ULNAR/RADIUS,,1,"Crusher, Breaker, Mills (ball and rod), Feeder breaker",False,0,[],True,False,There was a laborer shoveling dirt from under the cone crusher. The shovel handle got caught between the moving conveyor belt and the frame of machine causing the shovel to get pulled up along with employees arm. Right forearm was caught between belt and frame and was amputated approx 3 inched below elbow.,53,There was a laborer shoveling dirt from under the cone crusher. The shovel handle got caught between the moving conveyor belt and the frame of machine causing the shovel to get pulled up along with employees arm. Right forearm was caught between belt and frame and was amputated approx 3 inched below elbow.,False,,,,train_candidate
msha_002063,msha,no_injury_event,00,ACCIDENT ONLY,2019-02-09,2019,3608135,C,SURFACE AT UNDERGROUND,FIRE,"Accident type, without injuries",NO VALUE FOUND,NO VALUE FOUND,NO VALUE FOUND,NO VALUE FOUND,,0,NO VALUE FOUND,False,0,[],False,False,"A fire occurred at the shop/office building during a non-work shift when no employees were present at the mine. It is unknown what caused the fire, however the building and its contents were a complete loss. The fire chief on site believed that the fire started on the west side of the building.",53,"A fire occurred at the shop/office building during a non-work shift when no employees were present at the mine. It is unknown what caused the fire, however the building and its contents were a complete loss. The fire chief on site believed that the fire started on the west side of the building.",False,,,,train_candidate
msha_002064,msha,fatal,01,FATALITY,2025-09-08,2025,3700070,M,"STRIP, QUARY, OPEN PIT",POWERED HAULAGE,Struck against a moving object,Haulage or Dump truck,"HGHWY ORE CARIER,LRGE TRK",CRUSHING,MULTIPLE PARTS (MORE THAN ONE MAJOR),,1,Ore haulage trucks - off highway trucks,False,0,[],True,True,IDS driver was instructed by Lynch to dump employee's load under unsafe conditions. The berm that the Lynch operator constructed was inadequate/non-existent due to the pile being dug into by Lynch from below. This caused the earth to fall away under back tires. End dump rolled down embankment flipping and landing on its roof. Employee was pronounced dead at the hospital.,61,IDS driver was instructed by Lynch to dump employee's load under unsafe conditions. The berm that the Lynch operator constructed was inadequate/non-existent due to the pile being dug into by Lynch from below. This caused the earth to fall away under back tires. End dump rolled down embankment flipping and landing on its roof. Employee was pronounced dead at the hospital.,False,,,,train_candidate
msha_002065,msha,permanent_impairment,02,PERM TOT OR PERM PRTL DISABLTY,2012-04-19,2012,3800600,M,"STRIP, QUARY, OPEN PIT",MACHINERY,"Caught in, under or between a moving and a stationary object",Handling supplies or material,SURFACE MINING MACHINES,AMPUTATION OR ENUCLEATION,FINGER(S)/THUMB,22,1,"Carriage-mounted drills, Rail, Rubber-tired, Jumbo, Air-track drill",True,3,"[""drill rig"", ""casing""]",True,False,"Employee was working on a exploration drill rig. He was steadying the lower end of a piece of drill casing as it was being threaded to casing that was already installed in drill hole. As it was being lifted into place, the employees right hand got mashed between two pieces of casing. He sustained a laceration, fracture and partial amputation to his right pinky finger.",65,"Employee was working on a exploration drill rig. He was steadying the lower end of a piece of drill casing as it was being threaded to casing that was already installed in drill hole. As it was being lifted into place, the employees right hand got mashed between two pieces of casing. He sustained a laceration, fracture and partial amputation to his right pinky finger.",False,,,,train_candidate
msha_002066,msha,no_injury_event,00,ACCIDENT ONLY,2025-08-27,2025,4003159,M,MILL OPERATION/PREPARATION PLANT,FIRE,"Accident type, without injuries",NO VALUE FOUND,NO VALUE FOUND,NO VALUE FOUND,NO VALUE FOUND,,0,NO VALUE FOUND,False,0,[],False,False,Smoke was observed coming from the surge tunnel. The fire department was dispatched.,13,Smoke was observed coming from the surge tunnel. The fire department was dispatched.,False,,,,train_candidate
msha_002068,msha,permanent_impairment,02,PERM TOT OR PERM PRTL DISABLTY,2023-10-09,2023,4100298,M,MILL OPERATION/PREPARATION PLANT,MACHINERY,"Caught in, under or between running or meshing objects",Machine maintenance,"MACHINE-MILL,CLEANING PLT",AMPUTATION OR ENUCLEATION,FINGER(S)/THUMB,36,1,"Milling machinery, Block press, Ballast machine",False,0,[],True,False,"Production Operator was attempting to clean a rotary valve and failed to properly isolate and lockout the electrical disconnect. The Operator inserted EE's right hand into the running rotary valve, amputating the middle and distal phalanges on EE's index and middle fingers, and partially amputating the distal phalange on EE's thumb.",51,"Production Operator was attempting to clean a rotary valve and failed to properly isolate and lockout the electrical disconnect. The Operator inserted EE's right hand into the running rotary valve, amputating the middle and distal phalanges on EE's index and middle fingers, and partially amputating the distal phalange on EE's thumb.",False,,,,train_candidate
msha_002071,msha,no_injury_event,00,ACCIDENT ONLY,2025-10-03,2025,4102820,M,"STRIP, QUARY, OPEN PIT",FIRE,"Accident type, without injuries",NO VALUE FOUND,NO VALUE FOUND,NO VALUE FOUND,NO VALUE FOUND,,0,NO VALUE FOUND,False,0,[],False,False,"Distribution employees were moving railcars in the Canyon and noticed a grass fire, fire department was called after it started spreading. No injuries and no damage to any equipment. Fire put out in approximately 50-55 minutes",36,"Distribution employees were moving railcars in the Canyon and noticed a grass fire, fire department was called after it started spreading. No injuries and no damage to any equipment. Fire put out in approximately 50-55 minutes",False,,,,train_candidate
msha_002077,msha,permanent_impairment,02,PERM TOT OR PERM PRTL DISABLTY,2024-09-16,2024,4202137,M,"STRIP, QUARY, OPEN PIT",MACHINERY,"Caught in, under or between a moving and a stationary object","Surface equipment, NEC","MACHINE,NEC-WELDR,OFC MAC",AMPUTATION OR ENUCLEATION,FINGER(S)/THUMB,0,1,"Dimension stone machinery, Gangwire saw, Guillotine, Hydrosplit ",False,0,[],True,False,An Employee was working on the back side of the Guillotine when the operator of the Guillotine pushed a slab through. The employee's finger was on equipment and wasn't paying attention when the slab hit EE's hand and severed the top of EE's right ring finger through the glove.,49,An Employee was working on the back side of the Guillotine when the operator of the Guillotine pushed a slab through. The employee's finger was on equipment and wasn't paying attention when the slab hit EE's hand and severed the top of EE's right ring finger through the glove.,False,,,,train_candidate
msha_002088,msha,no_injury_event,00,ACCIDENT ONLY,2021-06-23,2021,4601968,C,SURFACE AT UNDERGROUND,FIRE,"Accident type, without injuries",NO VALUE FOUND,NO VALUE FOUND,NO VALUE FOUND,NO VALUE FOUND,,0,"Conveyor, Belt feeder, Stage loader, Hopper shaker, Belt structure",False,0,[],False,False,"At approximately 10:58 AM the Prep Plant belts were shut down for a maintenance outage. At approximately 11:30 AM, this belt was observed to be on fire approximately 170' from the head roller and was extinguished at approximately 12:00 PM. Through investigation, a hot roller was presumed to cause the conveyor belt to ignite.",54,"At approximately 10:58 AM the Prep Plant belts were shut down for a maintenance outage. At approximately 11:30 AM, this belt was observed to be on fire approximately 170' from the head roller and was extinguished at approximately 12:00 PM. Through investigation, a hot roller was presumed to cause the conveyor belt to ignite.",False,,,,train_candidate
msha_002098,msha,no_injury_event,00,ACCIDENT ONLY,2024-11-26,2024,4800993,C,"STRIP, QUARY, OPEN PIT",FIRE,"Accident type, without injuries",NO VALUE FOUND,NO VALUE FOUND,NO VALUE FOUND,NO VALUE FOUND,,0,NO VALUE FOUND,False,0,[],False,False,Smoker identified in the Northwest pit. No personnel or resources at risk.,12,Smoker identified in the Northwest pit. No personnel or resources at risk.,False,,,,train_candidate
msha_002104,msha,no_injury_event,00,ACCIDENT ONLY,2020-11-11,2020,0100851,C,SURFACE AT UNDERGROUND,HOISTING,"Accident type, without injuries",NO VALUE FOUND,NO VALUE FOUND,NO VALUE FOUND,NO VALUE FOUND,,0,"Elevator, Skip, Cage, Buckets, Mancage, Slope car ",False,0,[],False,False,A planned outage was taken to change a hoist motor. MSHA hotline was notified when the hoist was taken out of service and when placed back into service.,28,A planned outage was taken to change a hoist motor. MSHA hotline was notified when the hoist was taken out of service and when placed back into service.,False,,,,train_candidate
msha_002105,msha,no_injury_event,00,ACCIDENT ONLY,2024-01-18,2024,0100851,C,SURFACE AT UNDERGROUND,HOISTING,"Accident type, without injuries",NO VALUE FOUND,NO VALUE FOUND,NO VALUE FOUND,NO VALUE FOUND,,0,"Elevator, Skip, Cage, Buckets, Mancage, Slope car ",False,0,[],False,False,"The SP Elevator was taken out of service due to an issue with the pad on the rope gripper. The pad was replaced, the elevator tested, and placed back into service. MSHA was notified by the hotline at the time of the incident.",43,"The SP Elevator was taken out of service due to an issue with the pad on the rope gripper. The pad was replaced, the elevator tested, and placed back into service. MSHA was notified by the hotline at the time of the incident.",False,,,,train_candidate
msha_002106,msha,no_injury_event,00,ACCIDENT ONLY,2024-05-22,2024,0100851,C,SURFACE AT UNDERGROUND,HOISTING,"Accident type, without injuries",NO VALUE FOUND,NO VALUE FOUND,NO VALUE FOUND,NO VALUE FOUND,,0,"Elevator, Skip, Cage, Buckets, Mancage, Slope car ",False,0,[],False,False,"The SP Elevator was taken out of service due to an issue with the car safety switch. It was found that hammer on the car safety was bent. Repaired the bent hammer, elevator repair company completed all applicable tests, and released the car to be put back in service.",49,"The SP Elevator was taken out of service due to an issue with the car safety switch. It was found that hammer on the car safety was bent. Repaired the bent hammer, elevator repair company completed all applicable tests, and released the car to be put back in service.",False,,,,train_candidate
msha_002114,msha,no_injury_event,00,ACCIDENT ONLY,2020-08-12,2020,0400929,M,"STRIP, QUARY, OPEN PIT",FIRE,"Accident type, without injuries",NO VALUE FOUND,NO VALUE FOUND,NO VALUE FOUND,NO VALUE FOUND,,0,"Scraper loader, Tractor scraper, Pan scraper, Elevating scraper",False,0,[],False,False,"EE loading material, noticed fluid spraying onto windscreen. Stopped machine, did not shut engine off. Called superintendent to notify them. Liquid ignited; EE evacuated machine, ran 20 yards away. Cab was engulfed. EE reported no warning, no problem prior to incident. EE not hurt, was examined. Fire dept. on scene 5-10 min. after called. Investigation being conducted.",57,"EE loading material, noticed fluid spraying onto windscreen. Stopped machine, did not shut engine off. Called superintendent to notify them. Liquid ignited; EE evacuated machine, ran 20 yards away. Cab was engulfed. EE reported no warning, no problem prior to incident. EE not hurt, was examined. Fire dept. on scene 5-10 min. after called. Investigation being conducted.",False,,,,train_candidate
msha_002140,msha,permanent_impairment,02,PERM TOT OR PERM PRTL DISABLTY,2024-01-13,2024,1601453,M,DREDGE,HANDLING OF MATERIALS,"Caught in, under or between a moving and a stationary object","Barge, Boat, Dredge","METAL,NEC(PIPE,WIRE,NAIL)",AMPUTATION OR ENUCLEATION,HAND (NOT WRIST OR FINGERS),,1,Dredge,False,0,[],True,False,"Employees were trying to get the cable to the dredge by pulling the rope through the shackle. Coworker 1 gave the green light to coworker 2 to put tension on the rope. As they put tension on the rope, injured employee ran to the front of the boat to get the knot through the shackle. As coworker 1 told them to move their hand, the tension had already pinched their finger.",71,"Employees were trying to get the cable to the dredge by pulling the rope through the shackle. Coworker 1 gave the green light to coworker 2 to put tension on the rope. As they put tension on the rope, injured employee ran to the front of the boat to get the knot through the shackle. As coworker 1 told them to move their hand, the tension had already pinched their finger.",False,,,,train_candidate
msha_002141,msha,fatal,01,FATALITY,2023-06-08,2023,1900290,M,MILL OPERATION/PREPARATION PLANT,SLIP OR FALL OF PERSON,Fall from machine,Machine maintenance,GROUND,MULTIPLE INJURIES,MULTIPLE PARTS (MORE THAN ONE MAJOR),,1,"Conveyor, Belt feeder, Stage loader, Hopper shaker, Belt structure",False,0,[],True,True,"Ee did not utilize LOTO or fall protection. Per video & eyewitness, ee was working on electromagnet above conveyor belt #2. Ee stepped on the belt for the electromagnet that turns on every 15 min for a few revolutions. The belt energized around the time ee stepped on it & the belt swept ee off the top of the electromagnet. Ee fell aprox. 20-25 ft striking head & other body parts.",71,"Ee did not utilize LOTO or fall protection. Per video & eyewitness, ee was working on electromagnet above conveyor belt #2. Ee stepped on the belt for the electromagnet that turns on every 15 min for a few revolutions. The belt energized around the time ee stepped on it & the belt swept ee off the top of the electromagnet. Ee fell aprox. 20-25 ft striking head & other body parts.",False,,,,train_candidate
msha_002148,msha,no_injury_event,00,ACCIDENT ONLY,2020-09-05,2020,2400839,C,"STRIP, QUARY, OPEN PIT",ELECTRICAL,"Accident type, without injuries",NO VALUE FOUND,NO VALUE FOUND,NO VALUE FOUND,NO VALUE FOUND,,0,NO VALUE FOUND,False,0,[],False,False,"Due to high winds and extremely dry range conditions, a broken insulator and associated wind slap arc on the West Decker main feed 345Kv power line initiated an approximately 500 acre grass fire. Decker Mine personnel along with local fire fighting resources brought the fire under control at 5:30 PM.",50,"Due to high winds and extremely dry range conditions, a broken insulator and associated wind slap arc on the West Decker main feed 345Kv power line initiated an approximately 500 acre grass fire. Decker Mine personnel along with local fire fighting resources brought the fire under control at 5:30 PM.",False,,,,train_candidate
msha_002158,msha,no_injury_event,00,ACCIDENT ONLY,2026-02-20,2026,3300134,M,MILL OPERATION/PREPARATION PLANT,ELECTRICAL,"Accident type, without injuries",NO VALUE FOUND,NO VALUE FOUND,NO VALUE FOUND,NO VALUE FOUND,,0,NO VALUE FOUND,False,0,[],False,False,Air switch failure for concrete plant that has property on ours which was on a pole that was on mine property. Power was turned off to the plant and the fire department put the fire out. NO team members were near the pole when it caught on fire.,48,Air switch failure for concrete plant that has property on ours which was on a pole that was on mine property. Power was turned off to the plant and the fire department put the fire out. NO team members were near the pole when it caught on fire.,False,,,,train_candidate
msha_002169,msha,fatal,01,FATALITY,2024-08-22,2024,3608942,M,"STRIP, QUARY, OPEN PIT",OTHER,Drowning,Unknown,WATER,"SUFFOC,SMOK INHILAT,DROWN",BODY SYSTEMS,,1,NO VALUE FOUND,False,0,[],True,True,A contractor was found in a shallow pool of water at the base of a highwall.,16,A contractor was found in a shallow pool of water at the base of a highwall.,False,,,,train_candidate
msha_002170,msha,permanent_impairment,02,PERM TOT OR PERM PRTL DISABLTY,2023-01-04,2023,4001427,M,MILL OPERATION/PREPARATION PLANT,HANDLING OF MATERIALS,Struck by falling object,Machine maintenance,"METAL,NEC(PIPE,WIRE,NAIL)",AMPUTATION OR ENUCLEATION,FINGER(S)/THUMB,71,1,NO VALUE FOUND,False,0,[],True,False,Employee was in the process of reinstalling a roller frame on a dozer. As the employee was sliding the frame back on the dozer a bogie slid and fell onto the employee's left hand.,34,Employee was in the process of reinstalling a roller frame on a dozer. As the employee was sliding the frame back on the dozer a bogie slid and fell onto the employee's left hand.,False,,,,train_candidate
msha_002175,msha,no_injury_event,00,ACCIDENT ONLY,2022-04-02,2022,4102885,M,MILL OPERATION/PREPARATION PLANT,FIRE,"Accident type, without injuries",NO VALUE FOUND,NO VALUE FOUND,NO VALUE FOUND,NO VALUE FOUND,,0,"Conveyor, Belt feeder, Stage loader, Hopper shaker, Belt structure",False,0,[],False,False,A locking nut on the screw on coal mill 1 backed out allowing the shaft to float and to rub on the housing. This allowed coke to pass through the gap which was now being heated by friction. This caused the coke to smolder.,44,A locking nut on the screw on coal mill 1 backed out allowing the shaft to float and to rub on the housing. This allowed coke to pass through the gap which was now being heated by friction. This caused the coke to smolder.,False,,,,train_candidate
msha_002194,msha,no_injury_event,00,ACCIDENT ONLY,2019-01-20,2019,4608878,C,SURFACE AT UNDERGROUND,HOISTING,"Accident type, without injuries",NO VALUE FOUND,NO VALUE FOUND,NO VALUE FOUND,NO VALUE FOUND,,0,"Elevator, Skip, Cage, Buckets, Mancage, Slope car ",False,0,[],False,False,At approximately 3:00 a.m. the service hoist went down due to electrical issues. All employees that were required to evacuate exited the mine out the belt slope. No persons were trapped or injured. The hoist was back to normal operation at 6:05 a.m.,43,At approximately 3:00 a.m. the service hoist went down due to electrical issues. All employees that were required to evacuate exited the mine out the belt slope. No persons were trapped or injured. The hoist was back to normal operation at 6:05 a.m.,False,,,,train_candidate
msha_002195,msha,no_injury_event,00,ACCIDENT ONLY,2025-05-09,2025,4608878,C,SURFACE AT UNDERGROUND,HOISTING,"Accident type, without injuries",NO VALUE FOUND,NO VALUE FOUND,NO VALUE FOUND,NO VALUE FOUND,,0,"Elevator, Skip, Cage, Buckets, Mancage, Slope car ",False,0,[],False,False,"Had a bad storm. Lightning hit our network and resulted in taking the plc, the display, and a sensor out on the controls for the E hoist. Components were replaced and reprogrammed.",32,"Had a bad storm. Lightning hit our network and resulted in taking the plc, the display, and a sensor out on the controls for the E hoist. Components were replaced and reprogrammed.",False,,,,train_candidate
msha_002197,msha,no_injury_event,00,ACCIDENT ONLY,2021-05-29,2021,4700587,M,MILL OPERATION/PREPARATION PLANT,FIRE,"Accident type, without injuries",NO VALUE FOUND,NO VALUE FOUND,NO VALUE FOUND,NO VALUE FOUND,,0,"Milling machinery, Block press, Ballast machine",False,0,[],False,False,Investigation into the cause of the fire is ongoing. Minimal damage was done to the kiln girth gear due to the fire. Impairment was the downtime of the kiln. The kiln returned to operation within 24 hours. No injuries. Superior Fire Department assisted in extinguishing the fire.,47,Investigation into the cause of the fire is ongoing. Minimal damage was done to the kiln girth gear due to the fire. Impairment was the downtime of the kiln. The kiln returned to operation within 24 hours. No injuries. Superior Fire Department assisted in extinguishing the fire.,False,,,,train_candidate
msha_002201,msha,no_injury_event,00,ACCIDENT ONLY,2021-06-15,2021,4800977,C,"STRIP, QUARY, OPEN PIT",ELECTRICAL,"Accident type, without injuries",NO VALUE FOUND,NO VALUE FOUND,NO VALUE FOUND,NO VALUE FOUND,,0,"Shovel, Power shovel, Backhoe, Trackhoe, Dragline - Big Muskie",False,0,[],False,False,A coal shovel caught fire following an electrical fault. The fire originated in the reactor cabinet area and burned for over the 30-minute time frame.,25,A coal shovel caught fire following an electrical fault. The fire originated in the reactor cabinet area and burned for over the 30-minute time frame.,False,,,,train_candidate
msha_002202,msha,no_injury_event,00,ACCIDENT ONLY,2025-11-05,2025,4800977,C,"STRIP, QUARY, OPEN PIT",FIRE,"Accident type, without injuries",NO VALUE FOUND,NO VALUE FOUND,NO VALUE FOUND,NO VALUE FOUND,,0,NO VALUE FOUND,False,0,[],False,False,A coal fire was discovered in the 6 west spoils that could not be extinguished within 30 minutes,18,A coal fire was discovered in the 6 west spoils that could not be extinguished within 30 minutes,False,,,,train_candidate
msha_002205,msha,no_injury_event,00,ACCIDENT ONLY,2024-07-11,2024,4801353,C,"STRIP, QUARY, OPEN PIT",FIRE,"Accident type, without injuries",NO VALUE FOUND,NO VALUE FOUND,NO VALUE FOUND,NO VALUE FOUND,,0,NO VALUE FOUND,False,0,[],False,False,A coal smoker was discovered in the West Porcupine pit and was not extinguished within 30 minutes.,17,A coal smoker was discovered in the West Porcupine pit and was not extinguished within 30 minutes.,False,,,,train_candidate
msha_002207,msha,fatal,01,FATALITY,2010-05-05,2010,0100004,M,"STRIP, QUARY, OPEN PIT",MACHINERY,"Caught in, under or between NEC","Surface equipment, NEC",SURFACE MINING MACHINES,MULTIPLE INJURIES,MULTIPLE PARTS (MORE THAN ONE MAJOR),0,1,"Carriage-mounted drills, Rail, Rubber-tired, Jumbo, Air-track drill",True,2,"[""drill rig""]",True,True,Drill operator was fatally injured by the drill rig he was operating. The likely scenario is that the drill rig began to roll forward while he was at the back of the rig operating the controls for the drill. The victim may have attempted to stop the drill rig and was caught up under the rig and suffered fatal injuries. There were no witnesses to the accident.,67,Drill operator was fatally injured by the drill rig he was operating. The likely scenario is that the drill rig began to roll forward while he was at the back of the rig operating the controls for the drill. The victim may have attempted to stop the drill rig and was caught up under the rig and suffered fatal injuries. There were no witnesses to the accident.,False,,,,train_candidate
msha_002210,msha,no_injury_event,00,ACCIDENT ONLY,2022-07-19,2022,0100851,C,SURFACE AT UNDERGROUND,HOISTING,"Accident type, without injuries",NO VALUE FOUND,NO VALUE FOUND,NO VALUE FOUND,NO VALUE FOUND,,0,"Elevator, Skip, Cage, Buckets, Mancage, Slope car ",False,0,[],False,False,The SP Material Hoist was taken out of service due to a faulty limit switch was causing the hoist to fault out. The faulty limit switch was replaced. MSHA was notified via the hotline.,34,The SP Material Hoist was taken out of service due to a faulty limit switch was causing the hoist to fault out. The faulty limit switch was replaced. MSHA was notified via the hotline.,False,,,,train_candidate
msha_002212,msha,permanent_impairment,02,PERM TOT OR PERM PRTL DISABLTY,2024-05-07,2024,0103506,M,"STRIP, QUARY, OPEN PIT",MACHINERY,"Caught in, under or between NEC",Hand tools (powered),"METAL,NEC(PIPE,WIRE,NAIL)",AMPUTATION OR ENUCLEATION,FINGER(S)/THUMB,1,1,Hand tools (powered),False,0,[],True,False,Bolts on weather head of motor broke. While repairing the motor an employee's finger was caught by a wire while tightening a bolt with an impact wrench causing the finger to be degloved just below the fingernail after the employee jerked the finger back.,44,Bolts on weather head of motor broke. While repairing the motor an employee's finger was caught by a wire while tightening a bolt with an impact wrench causing the finger to be degloved just below the fingernail after the employee jerked the finger back.,False,,,,train_candidate
msha_002216,msha,permanent_impairment,02,PERM TOT OR PERM PRTL DISABLTY,2025-01-17,2025,0504415,M,"STRIP, QUARY, OPEN PIT",HANDLING OF MATERIALS,"Caught in, under or between a moving and a stationary object",Machine maintenance,BELT CONVEYORS,AMPUTATION OR ENUCLEATION,FINGER(S)/THUMB,29,1,NO VALUE FOUND,False,0,[],True,False,Employee was making small adjustments to a v-belt drive system and pinched left index and middle finger between belt and sheave. Amputation of tip middle finger required.,27,Employee was making small adjustments to a v-belt drive system and pinched left index and middle finger between belt and sheave. Amputation of tip middle finger required.,False,,,,train_candidate
msha_002226,msha,no_injury_event,00,ACCIDENT ONLY,2021-01-03,2021,1000088,M,SURFACE AT UNDERGROUND,HOISTING,"Accident type, without injuries",NO VALUE FOUND,NO VALUE FOUND,NO VALUE FOUND,NO VALUE FOUND,,0,"Elevator, Skip, Cage, Buckets, Mancage, Slope car ",False,0,[],False,False,At 9:41 am the silver shaft hoist went down due to electrical issues. The crew was put on stand down while the electricians diagnosed the problem. The electrician determined that it was a programming issue with the limit sensors and corrected the problem. The hoist was back up and fully operational by 11:50 am,54,At 9:41 am the silver shaft hoist went down due to electrical issues. The crew was put on stand down while the electricians diagnosed the problem. The electrician determined that it was a programming issue with the limit sensors and corrected the problem. The hoist was back up and fully operational by 11:50 am,False,,,,train_candidate
msha_002234,msha,no_injury_event,00,ACCIDENT ONLY,2025-04-23,2025,1300434,M,SURFACE AT UNDERGROUND,HOISTING,"Accident type, without injuries",NO VALUE FOUND,NO VALUE FOUND,NO VALUE FOUND,NO VALUE FOUND,,0,"Elevator, Skip, Cage, Buckets, Mancage, Slope car ",False,0,[],False,False,The 3rd shift relief hoist man was performing a pre-shift inspection on the #2 emergency hoist. The hoist did not pass inspection on the caliper test for the braking system. Mine maintenance was notified and upon investigation it was determined that the brake chamber was faulty. 19,47,The 3rd shift relief hoist man was performing a pre-shift inspection on the #2 emergency hoist. The hoist did not pass inspection on the caliper test for the braking system. Mine maintenance was notified and upon investigation it was determined that the brake chamber was faulty. 19,False,,,,train_candidate
msha_002246,msha,no_injury_event,00,ACCIDENT ONLY,2021-08-28,2021,2103404,M,MILL OPERATION/PREPARATION PLANT,FIRE,"Accident type, without injuries",NO VALUE FOUND,NO VALUE FOUND,NO VALUE FOUND,NO VALUE FOUND,,0,NO VALUE FOUND,False,0,[],False,False,Rod Screen Crusher 1F caught fire. Cause was the non-drive side bearing failed and overheated. Ignited lube lines and rubber screen panels.,22,Rod Screen Crusher 1F caught fire. Cause was the non-drive side bearing failed and overheated. Ignited lube lines and rubber screen panels.,False,,,,train_candidate
msha_002247,msha,no_injury_event,00,ACCIDENT ONLY,2020-06-04,2020,2300495,M,SURFACE AT UNDERGROUND,HOISTING,"Accident type, without injuries",NO VALUE FOUND,NO VALUE FOUND,NO VALUE FOUND,NO VALUE FOUND,,0,"Elevator, Skip, Cage, Buckets, Mancage, Slope car ",False,0,[],False,False,29 Mine Main Hoist went down with an electrical issue while skipping ore. MSHA was called and everyone evacuated out of the mine through the escape shaft. Unfound Electrical Issue - hoist back in operation at 7:51 PM.,38,29 Mine Main Hoist went down with an electrical issue while skipping ore. MSHA was called and everyone evacuated out of the mine through the escape shaft. Unfound Electrical Issue - hoist back in operation at 7:51 PM.,False,,,,train_candidate
msha_002250,msha,no_injury_event,00,ACCIDENT ONLY,2021-06-14,2021,2400839,C,"STRIP, QUARY, OPEN PIT",FIRE,"Accident type, without injuries",NO VALUE FOUND,NO VALUE FOUND,NO VALUE FOUND,NO VALUE FOUND,,0,NO VALUE FOUND,False,0,[],False,False,Grass fire along Highway 314 spread from highway right of way on to mine property in the B/C section of pit 11. Fire was contained with local fire departments and mine personnel and equipment. No injuries. Highway right of way fence posts burned. Unknown how fire started on the highway right of way.,53,Grass fire along Highway 314 spread from highway right of way on to mine property in the B/C section of pit 11. Fire was contained with local fire departments and mine personnel and equipment. No injuries. Highway right of way fence posts burned. Unknown how fire started on the highway right of way.,False,,,,train_candidate
msha_002251,msha,no_injury_event,00,ACCIDENT ONLY,2025-01-08,2025,2401652,M,MILL OPERATION/PREPARATION PLANT,FIRE,"Accident type, without injuries",NO VALUE FOUND,NO VALUE FOUND,NO VALUE FOUND,NO VALUE FOUND,,0,"Trucks, Service truck, Utility truck, Pickup, Water truck, Fuel truck",False,0,[],False,False,At 05:14 the Graymont kiln crew noticed a Quarry Services truck was on fire. 911 call was made at 05:16. The MSHA hotline was called at 05:24. At 06:05 after the fire diminished a loader dumped limestone fines on the truck which extinguished most of it. The Fire Dept. responded at 06:10 and put out what fire remained. The fire resulted in a total loss of the shuttle truck.,69,At 05:14 the Graymont kiln crew noticed a Quarry Services truck was on fire. 911 call was made at 05:16. The MSHA hotline was called at 05:24. At 06:05 after the fire diminished a loader dumped limestone fines on the truck which extinguished most of it. The Fire Dept. responded at 06:10 and put out what fire remained. The fire resulted in a total loss of the shuttle truck.,False,,,,train_candidate
msha_002252,msha,no_injury_event,00,ACCIDENT ONLY,2023-08-28,2023,2401747,C,"STRIP, QUARY, OPEN PIT",FIRE,"Accident type, without injuries",NO VALUE FOUND,NO VALUE FOUND,NO VALUE FOUND,NO VALUE FOUND,,0,NO VALUE FOUND,False,0,[],False,False,"A grass fire was reported south of Area G. No personnel, structures, or equipment were threatened by the fire. The fire was extinguished about an hour later with no injuries or damage to equipment.",34,"A grass fire was reported south of Area G. No personnel, structures, or equipment were threatened by the fire. The fire was extinguished about an hour later with no injuries or damage to equipment.",False,,,,train_candidate
msha_002253,msha,no_injury_event,00,ACCIDENT ONLY,2022-08-02,2022,2401950,C,SURFACE AT UNDERGROUND,FIRE,"Accident type, without injuries",NO VALUE FOUND,NO VALUE FOUND,NO VALUE FOUND,NO VALUE FOUND,,0,NO VALUE FOUND,False,0,[],False,False,"At approximately 5:16 pm 8/2/2022 is was reported that small fire approximately 4 miles east of mine office was burning on the mine property. DNRC was on site fighting the fire. This is a very remote area, with no mine activity in the area. Called MSHA report line at 5:26 PM. There are no structures or equipment in the area.",60,"At approximately 5:16 pm 8/2/2022 is was reported that small fire approximately 4 miles east of mine office was burning on the mine property. DNRC was on site fighting the fire. This is a very remote area, with no mine activity in the area. Called MSHA report line at 5:26 PM. There are no structures or equipment in the area.",False,,,,train_candidate
msha_002261,msha,no_injury_event,00,ACCIDENT ONLY,2022-12-08,2022,2901785,M,OTHER MINING,EXPLODING VESSELS UNDER PRESSURE,"Accident type, without injuries",NO VALUE FOUND,NO VALUE FOUND,NO VALUE FOUND,NO VALUE FOUND,,0,"Pump, Slurry pump, Sump pump",False,0,[],False,False,"Employee locked out electrical pump panel to do maintenance on machine. When employee returned to unlock and turn on pump panel, the panel exploded. Employee was exposed to minor flash from the electrical current.",34,"Employee locked out electrical pump panel to do maintenance on machine. When employee returned to unlock and turn on pump panel, the panel exploded. Employee was exposed to minor flash from the electrical current.",False,,,,train_candidate
msha_002273,msha,permanent_impairment,02,PERM TOT OR PERM PRTL DISABLTY,2025-01-16,2025,3401808,M,"STRIP, QUARY, OPEN PIT",MACHINERY,Struck by... NEC,Welding or cutting,METAL COVERS & GUARDS,AMPUTATION OR ENUCLEATION,FINGER(S)/THUMB,14,1,Chute,False,0,[],True,False,"While working on welding plate lid into chute, plate lid slipped off and hit R ring finger of employee causing a partial amputation between plate and angle iron. After evaluation surgeon decided to complete amputation at 1st knuckle and close up amputation.",42,"While working on welding plate lid into chute, plate lid slipped off and hit R ring finger of employee causing a partial amputation between plate and angle iron. After evaluation surgeon decided to complete amputation at 1st knuckle and close up amputation.",False,,,,train_candidate
msha_002280,msha,no_injury_event,00,ACCIDENT ONLY,2025-03-11,2025,3800016,M,"STRIP, QUARY, OPEN PIT",FIRE,"Accident type, without injuries",NO VALUE FOUND,NO VALUE FOUND,NO VALUE FOUND,NO VALUE FOUND,,0,NO VALUE FOUND,False,0,[],False,False,"Arsonist suspected of setting fire that expanded onto quarry property. Quarry employees did not know about fire until fire department arrived and asked to access back of property. Once fire was discovered on the property, 800 number called. Local responding agencies contained and extinguished the fire. They confirmed they were seeking an arson suspect.",54,"Arsonist suspected of setting fire that expanded onto quarry property. Quarry employees did not know about fire until fire department arrived and asked to access back of property. Once fire was discovered on the property, 800 number called. Local responding agencies contained and extinguished the fire. They confirmed they were seeking an arson suspect.",False,,,,train_candidate
msha_002281,msha,no_injury_event,00,ACCIDENT ONLY,2026-03-20,2026,3800773,M,"STRIP, QUARY, OPEN PIT",FIRE,"Accident type, without injuries",NO VALUE FOUND,NO VALUE FOUND,NO VALUE FOUND,NO VALUE FOUND,,0,"Shovel, Power shovel, Backhoe, Trackhoe, Dragline - Big Muskie",False,0,[],False,False,Employee was on the phone w/inspector when they saw fire. The excavator was feeding a fire when it caught fire. See attached documentation and photos.,25,Employee was on the phone w/inspector when they saw fire. The excavator was feeding a fire when it caught fire. See attached documentation and photos.,False,,,,train_candidate
msha_002289,msha,permanent_impairment,02,PERM TOT OR PERM PRTL DISABLTY,2003-04-24,2003,4104358,M,"STRIP, QUARY, OPEN PIT",MACHINERY,"Caught in, under or between a moving and a stationary object",Move non-self-propelled equip,"CRANES,DERRICKS",AMPUTATION OR ENUCLEATION,"ARM,NEC",,1,"Crane, Cherry picker, Lift basket, Scissor truck, Boom truck",False,1,"[""catwalk""]",True,False,Boom on crane broke off pinning ee's arm between catwalk and boom severing between shoulder & elbow.,17,Boom on crane broke off pinning ee's arm between catwalk and boom severing between shoulder & elbow.,False,,,,train_candidate
msha_002290,msha,permanent_impairment,02,PERM TOT OR PERM PRTL DISABLTY,2023-05-04,2023,4104851,M,"STRIP, QUARY, OPEN PIT",MACHINERY,"Caught in, under or between a moving and a stationary object",Mill equipment,"MACHINE-MILL,CLEANING PLT",AMPUTATION OR ENUCLEATION,FINGER(S)/THUMB,1,1,Washers,False,0,[],True,False,Working on log wash and hand got caught in between log washer and the frame.,15,Working on log wash and hand got caught in between log washer and the frame.,False,,,,train_candidate
msha_002293,msha,no_injury_event,00,ACCIDENT ONLY,2025-03-13,2025,4404856,C,SURFACE AT UNDERGROUND,HOISTING,"Accident type, without injuries",NO VALUE FOUND,NO VALUE FOUND,NO VALUE FOUND,NO VALUE FOUND,,0,"Elevator, Skip, Cage, Buckets, Mancage, Slope car ",False,0,[],False,False,The right side Drum bearing for the friction hoist failed and was replaced.,13,The right side Drum bearing for the friction hoist failed and was replaced.,False,,,,train_candidate
msha_002302,msha,no_injury_event,00,ACCIDENT ONLY,2023-08-19,2023,4800977,C,"STRIP, QUARY, OPEN PIT",FIRE,"Accident type, without injuries",NO VALUE FOUND,NO VALUE FOUND,NO VALUE FOUND,NO VALUE FOUND,,0,NO VALUE FOUND,False,0,[],False,False,"An area was seen smoldering at the top of an 85-foot coal wall. An elevated dirt ramp had to be constructed to get a water truck high enough to extinguish and seal the area, so it burned for over 30 minutes.",41,"An area was seen smoldering at the top of an 85-foot coal wall. An elevated dirt ramp had to be constructed to get a water truck high enough to extinguish and seal the area, so it burned for over 30 minutes.",False,,,,train_candidate
msha_002305,msha,no_injury_event,00,ACCIDENT ONLY,2010-11-04,2010,4801353,C,"STRIP, QUARY, OPEN PIT",FIRE,"Accident type, without injuries",NO VALUE FOUND,NO VALUE FOUND,NO VALUE FOUND,NO VALUE FOUND,0,0,"Machine, NEC - Wheelbarrow, Well drilling Rig, Post hole auger",True,2,"[""oil well""]",False,False,A fire involving an oil well treater inside the permit boundary was discovered at 3:03 pm. At no time were mine personnel or mine facilities threatened. The cause of the fire has not been determined. It is suspected that the age of the unit is a factor. The fire was extinguished at 4:00 PM.,54,A fire involving an oil well treater inside the permit boundary was discovered at 3:03 pm. At no time were mine personnel or mine facilities threatened. The cause of the fire has not been determined. It is suspected that the age of the unit is a factor. The fire was extinguished at 4:00 PM.,False,,,,train_candidate
msha_002306,msha,no_injury_event,00,ACCIDENT ONLY,2019-11-25,2019,4801353,C,"STRIP, QUARY, OPEN PIT",FIRE,"Accident type, without injuries",NO VALUE FOUND,NO VALUE FOUND,NO VALUE FOUND,NO VALUE FOUND,,0,NO VALUE FOUND,False,0,[],False,False,Hot coal started a fire in solid waste. It was determined the best way to put the fire out was to bury the material. The fire was extinguished by burying the pit.,32,Hot coal started a fire in solid waste. It was determined the best way to put the fire out was to bury the material. The fire was extinguished by burying the pit.,False,,,,train_candidate
msha_002307,msha,no_injury_event,00,ACCIDENT ONLY,2024-09-26,2024,4801353,C,"STRIP, QUARY, OPEN PIT",FIRE,"Accident type, without injuries",NO VALUE FOUND,NO VALUE FOUND,NO VALUE FOUND,NO VALUE FOUND,,0,NO VALUE FOUND,False,0,[],False,False,A coal smoker was discovered in the porcupine pit and not extinguished within 30 minutes.,15,A coal smoker was discovered in the porcupine pit and not extinguished within 30 minutes.,False,,,"[""msha_006384""]",train_candidate
msha_002312,msha,no_injury_event,00,ACCIDENT ONLY,2023-06-03,2023,0100851,C,SURFACE AT UNDERGROUND,HOISTING,"Accident type, without injuries",NO VALUE FOUND,NO VALUE FOUND,NO VALUE FOUND,NO VALUE FOUND,,0,"Elevator, Skip, Cage, Buckets, Mancage, Slope car ",False,0,[],False,False,"The SP Material Hoist was taken out of service to due to an issue with a switch. The switch was repaired, the hoist tested, and placed back into service. MSHA was notified via the hotline.",35,"The SP Material Hoist was taken out of service to due to an issue with a switch. The switch was repaired, the hoist tested, and placed back into service. MSHA was notified via the hotline.",False,,,,train_candidate
msha_002329,msha,no_injury_event,00,ACCIDENT ONLY,2021-08-07,2021,1000088,M,SURFACE AT UNDERGROUND,HOISTING,"Accident type, without injuries",NO VALUE FOUND,NO VALUE FOUND,NO VALUE FOUND,NO VALUE FOUND,,0,"Elevator, Skip, Cage, Buckets, Mancage, Slope car ",False,0,[],False,False,The silver shaft hoist would not clutch in or out on the north side. Mechanics diagnosed that the weight on the hoist rope from pulling muck for a full shift caused the clutch to stick. The Mechanics chaired the cage on top station after emptying the skip to get any residual weight off of the clutch so it would clutch in and out.,63,The silver shaft hoist would not clutch in or out on the north side. Mechanics diagnosed that the weight on the hoist rope from pulling muck for a full shift caused the clutch to stick. The Mechanics chaired the cage on top station after emptying the skip to get any residual weight off of the clutch so it would clutch in and out.,False,,,,train_candidate
msha_002336,msha,fatal,01,FATALITY,2023-09-12,2023,1200084,M,"STRIP, QUARY, OPEN PIT",POWERED HAULAGE,Struck against a moving object,Haulage or Dump truck,"MISCELLANEOUS,NEC","UNCLASSIFIED,NOT DETERMED",MULTIPLE PARTS (MORE THAN ONE MAJOR),,1,Ore haulage trucks - off highway trucks,False,0,[],True,True,Unknown- Truck over traveled dump site through berm. Truck traveled down and resting submerged in pit. Accident under investigation.,19,Unknown- Truck over traveled dump site through berm. Truck traveled down and resting submerged in pit. Accident under investigation.,False,,,,train_candidate
msha_002338,msha,permanent_impairment,02,PERM TOT OR PERM PRTL DISABLTY,2022-12-22,2022,1200655,M,"STRIP, QUARY, OPEN PIT",POWERED HAULAGE,"Caught in, under or between a moving and a stationary object",Handling supplies or material,METAL COVERS & GUARDS,AMPUTATION OR ENUCLEATION,FINGER(S)/THUMB,,1,"Forklift, Plant cat, Telehandler, Hyster, Lift truck, Skid steer ",False,0,[],True,False,"Employee was being lifted up on a forklift and put their hand between the plates. When coming down, the plates came together smashing three of EE's fingers.",27,"Employee was being lifted up on a forklift and put their hand between the plates. When coming down, the plates came together smashing three of EE's fingers.",False,,,,train_candidate
msha_002339,msha,no_injury_event,00,ACCIDENT ONLY,2022-01-10,2022,1202394,C,SURFACE AT UNDERGROUND,HOISTING,"Accident type, without injuries",NO VALUE FOUND,NO VALUE FOUND,NO VALUE FOUND,NO VALUE FOUND,,0,"Elevator, Skip, Cage, Buckets, Mancage, Slope car ",False,0,[],False,False,"Elevator went into alarm for a fault, after further investigation one of the brake pistons was not actuating properly. At that time the elevator was taken out of service and the repairs began to correct the problem.",37,"Elevator went into alarm for a fault, after further investigation one of the brake pistons was not actuating properly. At that time the elevator was taken out of service and the repairs began to correct the problem.",False,,,,train_candidate
msha_002349,msha,no_injury_event,00,ACCIDENT ONLY,2024-07-09,2024,2000038,M,MILL OPERATION/PREPARATION PLANT,FIRE,"Accident type, without injuries",NO VALUE FOUND,NO VALUE FOUND,NO VALUE FOUND,NO VALUE FOUND,,0,NO VALUE FOUND,False,0,[],False,False,A fire occurred on the 5th floor of the pre-heat tower where Alternatives Fuels enters the process.,17,A fire occurred on the 5th floor of the pre-heat tower where Alternatives Fuels enters the process.,False,,,,train_candidate
msha_002352,msha,no_injury_event,00,ACCIDENT ONLY,2026-06-15,2026,2101600,M,"STRIP, QUARY, OPEN PIT",POWERED HAULAGE,"Accident type, without injuries",NO VALUE FOUND,NO VALUE FOUND,NO VALUE FOUND,NO VALUE FOUND,,0,"Trucks, Service truck, Utility truck, Pickup, Water truck, Fuel truck",False,0,[],False,False,"Employee was driving the Probe truck past Drill 10 and believed the space was tight. EE contacted the Pit Foreman, who confirmed there was enough room. A wet area caused EE to move closer, and the truck equipment contacted the drill. EE reported the incident; minor damage occurred. No injuries were reported.",52,"Employee was driving the Probe truck past Drill 10 and believed the space was tight. EE contacted the Pit Foreman, who confirmed there was enough room. A wet area caused EE to move closer, and the truck equipment contacted the drill. EE reported the incident; minor damage occurred. No injuries were reported.",False,,,,train_candidate
msha_002368,msha,no_injury_event,00,ACCIDENT ONLY,2019-12-12,2019,3000663,M,SURFACE AT UNDERGROUND,HOISTING,"Accident type, without injuries",NO VALUE FOUND,NO VALUE FOUND,NO VALUE FOUND,NO VALUE FOUND,,0,"Elevator, Skip, Cage, Buckets, Mancage, Slope car ",False,0,[],False,False,"Skip kicked out at 900ft breaker tripped. Wire that was not in use shorted out air pressure switch. Wire unhooked, capped off. Ran test trips and skip was back online at 3:00pm. No one was on the skip at the time.",41,"Skip kicked out at 900ft breaker tripped. Wire that was not in use shorted out air pressure switch. Wire unhooked, capped off. Ran test trips and skip was back online at 3:00pm. No one was on the skip at the time.",False,,,,train_candidate
msha_002369,msha,no_injury_event,00,ACCIDENT ONLY,2026-05-26,2026,3003255,M,SURFACE AT UNDERGROUND,HOISTING,"Accident type, without injuries",NO VALUE FOUND,NO VALUE FOUND,NO VALUE FOUND,NO VALUE FOUND,,0,"Elevator, Skip, Cage, Buckets, Mancage, Slope car ",False,0,[],False,False,Keyway on shaft of Production Hoist Sheave wheel broke causing shaft to shift and caused damage. Had to replace shaft.,20,Keyway on shaft of Production Hoist Sheave wheel broke causing shaft to shift and caused damage. Had to replace shaft.,False,,,,train_candidate
msha_002374,msha,no_injury_event,00,ACCIDENT ONLY,2020-08-22,2020,3301184,M,MILL OPERATION/PREPARATION PLANT,FIRE,"Accident type, without injuries",NO VALUE FOUND,NO VALUE FOUND,NO VALUE FOUND,NO VALUE FOUND,,0,NO VALUE FOUND,False,0,[],False,False,"Residual grease laying in bottom of gear shroud. Although unknown at time of report, radiant heat from the kiln may have been the source of ignition. Minimal heat damage to a thermal coupler as a result of the incipient fire condition.",41,"Residual grease laying in bottom of gear shroud. Although unknown at time of report, radiant heat from the kiln may have been the source of ignition. Minimal heat damage to a thermal coupler as a result of the incipient fire condition.",False,,,,train_candidate
msha_002378,msha,fatal,01,FATALITY,2026-07-06,2026,3400282,M,MILL OPERATION/PREPARATION PLANT,POWERED HAULAGE,"Caught in, under or between a moving and a stationary object","Surface equipment, NEC","STD G RAIL CR,MTR-SURF EQ",CRUSHING,"TRUNK, MULTIPLE PARTS",,1,"Mine car, Ore or coal car, Boxcar, Hopper car",False,0,[],True,True,At the time of filing it is believed the miner was riding on the back of a railcar when the railcar derailed and pinned the miner between the railcar and a nearby structure. The miner was transported to a medical facility where EE died the following day.,47,At the time of filing it is believed the miner was riding on the back of a railcar when the railcar derailed and pinned the miner between the railcar and a nearby structure. The miner was transported to a medical facility where EE died the following day.,False,,,,train_candidate
msha_002380,msha,permanent_impairment,02,PERM TOT OR PERM PRTL DISABLTY,2025-11-06,2025,3606146,M,"STRIP, QUARY, OPEN PIT",HANDLING OF MATERIALS,Struck by... NEC,Machine maintenance,"COAL & PETROL PRODUCT,NEC",AMPUTATION OR ENUCLEATION,FINGER(S)/THUMB,,1,NO VALUE FOUND,False,0,[],True,False,"IP was attempting to find a leak in a hydraulic system on EE's repump truck. While moving a line, hydraulic fluid was injected into right hand index finger.",28,"IP was attempting to find a leak in a hydraulic system on EE's repump truck. While moving a line, hydraulic fluid was injected into right hand index finger.",False,,,,train_candidate
msha_002381,msha,no_injury_event,00,ACCIDENT ONLY,2022-10-29,2022,3607230,C,SURFACE AT UNDERGROUND,HOISTING,"Accident type, without injuries",NO VALUE FOUND,NO VALUE FOUND,NO VALUE FOUND,NO VALUE FOUND,,0,"Elevator, Skip, Cage, Buckets, Mancage, Slope car ",False,0,[],False,False,The Crabapple Slope Hoist was taken out of service for an extended period of time due to deformation in the hoist rope. Possible cause for rope deformation - slack was put into the rope at the bottom of the slope causing the rope to double back on itself. The hoist rope was re-terminated to repair the deformation.,57,The Crabapple Slope Hoist was taken out of service for an extended period of time due to deformation in the hoist rope. Possible cause for rope deformation - slack was put into the rope at the bottom of the slope causing the rope to double back on itself. The hoist rope was re-terminated to repair the deformation.,False,,,,train_candidate
msha_002396,msha,no_injury_event,00,ACCIDENT ONLY,2026-04-13,2026,4200147,M,SURFACE AT UNDERGROUND,HOISTING,"Accident type, without injuries",NO VALUE FOUND,NO VALUE FOUND,NO VALUE FOUND,NO VALUE FOUND,,0,"Elevator, Skip, Cage, Buckets, Mancage, Slope car ",False,0,[],False,False,"Power loss overnight, when we restored power we found the system needed to be rebooted. We rebooted the system it started working.",22,"Power loss overnight, when we restored power we found the system needed to be rebooted. We rebooted the system it started working.",False,,,,train_candidate
msha_002403,msha,permanent_impairment,02,PERM TOT OR PERM PRTL DISABLTY,2013-08-14,2013,4406052,M,"STRIP, QUARY, OPEN PIT",HANDLING OF MATERIALS,Struck by falling object,Machine maintenance,DRILL STEEL (ALL SIZES),AMPUTATION OR ENUCLEATION,FINGER(S)/THUMB,2,1,"Carriage-mounted drills, Rail, Rubber-tired, Jumbo, Air-track drill",True,2,"[""driller""]",True,False,"The driller was changing a drill steel when he noticed the steel was cross threaded on the power head. He pushed on the steel with his rt hand to correct the problem & the steel suddenly disconnected from power head & dropped onto the table, crushing the tips of his 2nd & 3rd fingers on his lt hand which he had rested on the table. The 1st joint of his ring finger was amputated.",74,"The driller was changing a drill steel when he noticed the steel was cross threaded on the power head. He pushed on the steel with his rt hand to correct the problem & the steel suddenly disconnected from power head & dropped onto the table, crushing the tips of his 2nd & 3rd fingers on his lt hand which he had rested on the table. The 1st joint of his ring finger was amputated.",False,,,,train_candidate
msha_002409,msha,no_injury_event,00,ACCIDENT ONLY,2023-12-27,2023,4605252,C,SURFACE AT UNDERGROUND,HOISTING,"Accident type, without injuries",NO VALUE FOUND,NO VALUE FOUND,NO VALUE FOUND,NO VALUE FOUND,,0,"Elevator, Skip, Cage, Buckets, Mancage, Slope car ",False,0,[],False,False,One strand of the No.6 traction cable broke and unwound causing the strand to bunch up on the drive motor sheave wheels. This caused the rope gripper brake and the car safety wedge brakes to engage. There were 4 individuals on the elevator when this occurred. No injuries were incurred.,50,One strand of the No.6 traction cable broke and unwound causing the strand to bunch up on the drive motor sheave wheels. This caused the rope gripper brake and the car safety wedge brakes to engage. There were 4 individuals on the elevator when this occurred. No injuries were incurred.,False,,,,train_candidate
msha_002415,msha,no_injury_event,00,ACCIDENT ONLY,2020-08-12,2020,4801034,C,"STRIP, QUARY, OPEN PIT",FIRE,"Accident type, without injuries",NO VALUE FOUND,NO VALUE FOUND,NO VALUE FOUND,NO VALUE FOUND,,0,NO VALUE FOUND,False,0,[],False,False,Spontaneous combustion smoker was found in Area 1. The smoker was buried at 12:20 pm 08/12/2020,16,Spontaneous combustion smoker was found in Area 1. The smoker was buried at 12:20 pm 08/12/2020,False,,,,train_candidate
msha_002420,msha,no_injury_event,00,ACCIDENT ONLY,2021-07-02,2021,0102901,C,SURFACE AT UNDERGROUND,HOISTING,"Accident type, without injuries",NO VALUE FOUND,NO VALUE FOUND,NO VALUE FOUND,NO VALUE FOUND,,0,"Elevator, Skip, Cage, Buckets, Mancage, Slope car ",False,0,[],False,False,The #7 Escape hoist had to be taken out of service due to maintenance issues.,15,The #7 Escape hoist had to be taken out of service due to maintenance issues.,False,,,,train_candidate
msha_002438,msha,no_injury_event,00,ACCIDENT ONLY,2020-09-17,2020,1000082,M,SURFACE AT UNDERGROUND,HOISTING,"Accident type, without injuries",NO VALUE FOUND,NO VALUE FOUND,NO VALUE FOUND,NO VALUE FOUND,,0,"Elevator, Skip, Cage, Buckets, Mancage, Slope car ",False,0,[],False,False,"Electrical power (Avista Utilities - Spokane, Washington) went out at 3:35 PM from Osburn, Idaho to Mullan, Idaho. Power back on at 4:33PM. No. 3 Hoist back on line at 4:55PM.",31,"Electrical power (Avista Utilities - Spokane, Washington) went out at 3:35 PM from Osburn, Idaho to Mullan, Idaho. Power back on at 4:33PM. No. 3 Hoist back on line at 4:55PM.",False,,,,train_candidate
msha_002443,msha,no_injury_event,00,ACCIDENT ONLY,2023-03-08,2023,1103212,C,MILL OPERATION/PREPARATION PLANT,FIRE,"Accident type, without injuries",NO VALUE FOUND,NO VALUE FOUND,NO VALUE FOUND,NO VALUE FOUND,,0,NO VALUE FOUND,False,0,[],False,False,The refuge had began a slow oxidation process which produced moderate heat and smoldering.,14,The refuge had began a slow oxidation process which produced moderate heat and smoldering.,False,,,,train_candidate
msha_002448,msha,no_injury_event,00,ACCIDENT ONLY,2022-03-03,2022,1519766,C,"STRIP, QUARY, OPEN PIT",FIRE,"Accident type, without injuries",NO VALUE FOUND,NO VALUE FOUND,NO VALUE FOUND,NO VALUE FOUND,,0,"Front-end loader, Tractor-shovel, Payloader, Highlift, Skip loader",False,0,[],False,False,It is believed that an oil inlet line ruptured or separated near the turbo causing the fire.,17,It is believed that an oil inlet line ruptured or separated near the turbo causing the fire.,False,,,,train_candidate
msha_002453,msha,no_injury_event,00,ACCIDENT ONLY,2019-11-12,2019,2401457,C,"STRIP, QUARY, OPEN PIT",FIRE,"Accident type, without injuries",NO VALUE FOUND,NO VALUE FOUND,NO VALUE FOUND,NO VALUE FOUND,,0,"Front-end loader, Tractor-shovel, Payloader, Highlift, Skip loader",False,0,[],False,False,Operator relocating loader to another pit when sparks and flames started coming from the front of the articulation. Mine rescue team extinguished all flames in 64 minutes.,27,Operator relocating loader to another pit when sparks and flames started coming from the front of the articulation. Mine rescue team extinguished all flames in 64 minutes.,False,,,,train_candidate
msha_002456,msha,fatal,01,FATALITY,2026-05-21,2026,2602142,M,"STRIP, QUARY, OPEN PIT",EXPLODING VESSELS UNDER PRESSURE,Struck by flying object,Machine maintenance,"METAL,NEC(PIPE,WIRE,NAIL)",CRUSHING,"HEAD, MULTIPLE PARTS",,1,NO VALUE FOUND,False,0,[],True,True,A contract mechanic/welder hired by another contractor was fatally injured when the ammonium nitrate auger EE was attempting to extract from a pipe exploded.,24,A contract mechanic/welder hired by another contractor was fatally injured when the ammonium nitrate auger EE was attempting to extract from a pipe exploded.,False,,,,train_candidate
msha_002462,msha,no_injury_event,00,ACCIDENT ONLY,2019-08-30,2019,3000663,M,SURFACE AT UNDERGROUND,HOISTING,"Accident type, without injuries",NO VALUE FOUND,NO VALUE FOUND,NO VALUE FOUND,NO VALUE FOUND,,0,"Elevator, Skip, Cage, Buckets, Mancage, Slope car ",False,0,[],False,False,"On August 30th we evacuated the mine due to a malfunction on the #3 cage chairing mechanism. While chairing the cage, one of the dogs went over center and bound in the dog box. There is a brass guide on the back of the dog that bent when the cage was unchaired. We then initiated a controlled evacuation of personnel from the mine via the #2 hoist.",67,"On August 30th we evacuated the mine due to a malfunction on the #3 cage chairing mechanism. While chairing the cage, one of the dogs went over center and bound in the dog box. There is a brass guide on the back of the dog that bent when the cage was unchaired. We then initiated a controlled evacuation of personnel from the mine via the #2 hoist.",False,,,,train_candidate
msha_002472,msha,no_injury_event,00,ACCIDENT ONLY,2019-06-26,2019,3605018,C,SURFACE AT UNDERGROUND,HOISTING,"Accident type, without injuries",NO VALUE FOUND,NO VALUE FOUND,NO VALUE FOUND,NO VALUE FOUND,,0,"Elevator, Skip, Cage, Buckets, Mancage, Slope car ",False,0,[],False,False,The hoist car was taken out of service for more than 30 minutes due to a brake contactor and plc that had failed. Both items were removed from service and replace with functioning units.,34,The hoist car was taken out of service for more than 30 minutes due to a brake contactor and plc that had failed. Both items were removed from service and replace with functioning units.,False,,,,train_candidate
msha_002475,msha,no_injury_event,00,ACCIDENT ONLY,2020-07-16,2020,3901351,M,"STRIP, QUARY, OPEN PIT",FIRE,"Accident type, without injuries",NO VALUE FOUND,NO VALUE FOUND,NO VALUE FOUND,NO VALUE FOUND,,0,"Crusher, Breaker, Mills (ball and rod), Feeder breaker",False,0,[],False,False,"Gravel quarry crusher cought fire due to hydraulic line breaking. Soaked running cat motor and ignited. Two workers saw this happen, one ran for extinguishers and other notified supervision which in turn called 911 and had local department on sight within 15 minutes. Crusher and one conveyor could not be saved. No personnel were injured.",55,"Gravel quarry crusher cought fire due to hydraulic line breaking. Soaked running cat motor and ignited. Two workers saw this happen, one ran for extinguishers and other notified supervision which in turn called 911 and had local department on sight within 15 minutes. Crusher and one conveyor could not be saved. No personnel were injured.",False,,,,train_candidate
msha_002480,msha,no_injury_event,00,ACCIDENT ONLY,2024-02-22,2024,4103428,C,"STRIP, QUARY, OPEN PIT",POWERED HAULAGE,"Accident type, without injuries",NO VALUE FOUND,NO VALUE FOUND,NO VALUE FOUND,NO VALUE FOUND,,0,Ore haulage trucks - off highway trucks,False,0,[],False,False,A passenger vehicle with a 54 old driver was traveling north on Williamsville Road and at the point of the haul road crossing the vehicle struck a loaded haul truck at the left front steer tire slightly deflecting toward the left side of the road: resulting in damage to the vehicle and minor injuries to the driver.,57,A passenger vehicle with a 54 old driver was traveling north on Williamsville Road and at the point of the haul road crossing the vehicle struck a loaded haul truck at the left front steer tire slightly deflecting toward the left side of the road: resulting in damage to the vehicle and minor injuries to the driver.,False,,,,train_candidate
msha_002491,msha,no_injury_event,00,ACCIDENT ONLY,2023-11-24,2023,4605086,C,MILL OPERATION/PREPARATION PLANT,FIRE,"Accident type, without injuries",NO VALUE FOUND,NO VALUE FOUND,NO VALUE FOUND,NO VALUE FOUND,,0,NO VALUE FOUND,False,0,[],False,False,"A non injury fire occured after a 1/4 Inch piece of metal had been cut out for the cyclone media box , the fire occurred after replacing the 1/4 metal and reinserting the 14 inch piece of poly piping .Logan Fire Dept responded and helped extinguish the fire ,and monitored it for hot spots afterwards .",56,"A non injury fire occured after a 1/4 Inch piece of metal had been cut out for the cyclone media box , the fire occurred after replacing the 1/4 metal and reinserting the 14 inch piece of poly piping .Logan Fire Dept responded and helped extinguish the fire ,and monitored it for hot spots afterwards .",False,,,,train_candidate
msha_002500,msha,no_injury_event,00,ACCIDENT ONLY,2019-10-22,2019,4801034,C,"STRIP, QUARY, OPEN PIT",FIRE,"Accident type, without injuries",NO VALUE FOUND,NO VALUE FOUND,NO VALUE FOUND,NO VALUE FOUND,,0,NO VALUE FOUND,False,0,[],False,False,"A smoker was found between the area 1 and two pit at 10:25 am. Due to remote location, it will take more than thirty minutes to bury.",27,"A smoker was found between the area 1 and two pit at 10:25 am. Due to remote location, it will take more than thirty minutes to bury.",False,,,,train_candidate
msha_002501,msha,no_injury_event,00,ACCIDENT ONLY,2022-04-29,2022,4801034,C,"STRIP, QUARY, OPEN PIT",POWERED HAULAGE,"Accident type, without injuries",NO VALUE FOUND,NO VALUE FOUND,NO VALUE FOUND,NO VALUE FOUND,,0,"Trucks, Service truck, Utility truck, Pickup, Water truck, Fuel truck",False,0,[],False,False,During a rain/fog event an employee slid off the edge of a roadway in a pick-up truck. The employee remained in the cab until the vehicle was recovered. There was no injury or vehicle damage.,35,During a rain/fog event an employee slid off the edge of a roadway in a pick-up truck. The employee remained in the cab until the vehicle was recovered. There was no injury or vehicle damage.,False,,,,train_candidate
msha_002503,msha,no_injury_event,00,ACCIDENT ONLY,2024-04-09,2024,4801200,C,"STRIP, QUARY, OPEN PIT",FIRE,"Accident type, without injuries",NO VALUE FOUND,NO VALUE FOUND,NO VALUE FOUND,NO VALUE FOUND,,0,NO VALUE FOUND,False,0,[],False,False,"Found we had 2 smokers on our Canyon coal seam and 2 smokers on our Anderson coal seam that flared up this morning around 7:15am. We are working on getting them all put out, it is just going to take longer then 30 minutes.",44,"Found we had 2 smokers on our Canyon coal seam and 2 smokers on our Anderson coal seam that flared up this morning around 7:15am. We are working on getting them all put out, it is just going to take longer then 30 minutes.",False,,,,train_candidate
msha_002505,msha,no_injury_event,00,ACCIDENT ONLY,2026-06-11,2026,4801429,C,"STRIP, QUARY, OPEN PIT",FIRE,"Accident type, without injuries",NO VALUE FOUND,NO VALUE FOUND,NO VALUE FOUND,NO VALUE FOUND,,0,NO VALUE FOUND,False,0,[],False,False,We received notice that there was a grass fire in the field West of the mine. Campbell County Fire Department responded and extinguished the fire. It was found to be caused by a birds nest that had been built on a power pole and had caught on fire.,48,We received notice that there was a grass fire in the field West of the mine. Campbell County Fire Department responded and extinguished the fire. It was found to be caused by a birds nest that had been built on a power pole and had caught on fire.,False,,,,train_candidate
msha_002507,msha,permanent_impairment,02,PERM TOT OR PERM PRTL DISABLTY,2026-05-08,2026,5500008,M,"STRIP, QUARY, OPEN PIT",HANDLING OF MATERIALS,"Caught in, under or between a moving and a stationary object",Machine maintenance,METAL COVERS & GUARDS,AMPUTATION OR ENUCLEATION,FINGER(S)/THUMB,,1,NO VALUE FOUND,False,0,[],True,False,"EE was replacing tram-cylinder on HP4 cone and got EE's thumb pinched between the cylinder and cone, resulting in laceration/partial amputation of the left thumb.",25,"EE was replacing tram-cylinder on HP4 cone and got EE's thumb pinched between the cylinder and cone, resulting in laceration/partial amputation of the left thumb.",False,,,,train_candidate
msha_002510,msha,no_injury_event,00,ACCIDENT ONLY,2020-03-16,2020,0100851,C,SURFACE AT UNDERGROUND,HOISTING,"Accident type, without injuries",NO VALUE FOUND,NO VALUE FOUND,NO VALUE FOUND,NO VALUE FOUND,,0,"Elevator, Skip, Cage, Buckets, Mancage, Slope car ",False,0,[],False,False,Hoist had excess slack in 1 of the 4 ropes and additional wear on one set of wear pads. MSHA was notified of this on 3-16-20. The hoist has since had the wear pads milled and matched along with the ropes tensioned. MSHA was notified of it back in operation.,50,Hoist had excess slack in 1 of the 4 ropes and additional wear on one set of wear pads. MSHA was notified of this on 3-16-20. The hoist has since had the wear pads milled and matched along with the ropes tensioned. MSHA was notified of it back in operation.,False,,,,train_candidate
msha_002511,msha,no_injury_event,00,ACCIDENT ONLY,2021-10-04,2021,0100851,C,SURFACE AT UNDERGROUND,HOISTING,"Accident type, without injuries",NO VALUE FOUND,NO VALUE FOUND,NO VALUE FOUND,NO VALUE FOUND,,0,"Elevator, Skip, Cage, Buckets, Mancage, Slope car ",False,0,[],False,False,The SP Elevator was having issues with the door switches and was down longer than the required time. The repairs were made to the switches and the elevator was tested prior to being put back into service. MSHA was notified via the hotline and an email was sent to the FOS.,51,The SP Elevator was having issues with the door switches and was down longer than the required time. The repairs were made to the switches and the elevator was tested prior to being put back into service. MSHA was notified via the hotline and an email was sent to the FOS.,False,,,,train_candidate
msha_002512,msha,no_injury_event,00,ACCIDENT ONLY,2023-12-03,2023,0100851,C,SURFACE AT UNDERGROUND,HOISTING,"Accident type, without injuries",NO VALUE FOUND,NO VALUE FOUND,NO VALUE FOUND,NO VALUE FOUND,,0,"Elevator, Skip, Cage, Buckets, Mancage, Slope car ",False,0,[],False,False,"The SP Elevator was taken out of service due to an electrical issue with the car safety switches. The faulty switch was replaced, the elevator tested, and placed back into service.",31,"The SP Elevator was taken out of service due to an electrical issue with the car safety switches. The faulty switch was replaced, the elevator tested, and placed back into service.",False,,,,train_candidate
msha_002514,msha,no_injury_event,00,ACCIDENT ONLY,2021-01-24,2021,0102901,C,SURFACE AT UNDERGROUND,HOISTING,"Accident type, without injuries",NO VALUE FOUND,NO VALUE FOUND,NO VALUE FOUND,NO VALUE FOUND,,0,"Elevator, Skip, Cage, Buckets, Mancage, Slope car ",False,0,[],False,False,"The small two-man hoist located at the Camp Creek portal was taken out of service due to a bad place found in the hoisting cable during the required yearly x-ray of the hoisting rope that was conducted on January 24, 2021.",41,"The small two-man hoist located at the Camp Creek portal was taken out of service due to a bad place found in the hoisting cable during the required yearly x-ray of the hoisting rope that was conducted on January 24, 2021.",False,,,,train_candidate
msha_002515,msha,no_injury_event,00,ACCIDENT ONLY,2021-08-20,2021,0200024,M,"STRIP, QUARY, OPEN PIT",FIRE,"Accident type, without injuries",NO VALUE FOUND,NO VALUE FOUND,NO VALUE FOUND,NO VALUE FOUND,,0,NO VALUE FOUND,False,0,[],False,False,The wiggins fueling valve on the south side pad of the 5280 Lube dock was not maintained in a safe manner. It didn't shut or close causing the #666 to catch fire.,32,The wiggins fueling valve on the south side pad of the 5280 Lube dock was not maintained in a safe manner. It didn't shut or close causing the #666 to catch fire.,False,,,,train_candidate
msha_002519,msha,no_injury_event,00,ACCIDENT ONLY,2024-03-26,2024,0300426,M,MILL OPERATION/PREPARATION PLANT,FIRE,"Accident type, without injuries",NO VALUE FOUND,NO VALUE FOUND,NO VALUE FOUND,NO VALUE FOUND,,0,"Crusher, Breaker, Mills (ball and rod), Feeder breaker",False,0,[],False,False,Sandvik 660 on line #3 drive belts caught on fire. At 10:44 PM smoke was observed coming from the floor plates by line #3 cone crusher. We beleive the drive belts were slipping and caused increased friction and heat resluting in them catching on fire.,45,Sandvik 660 on line #3 drive belts caught on fire. At 10:44 PM smoke was observed coming from the floor plates by line #3 cone crusher. We beleive the drive belts were slipping and caused increased friction and heat resluting in them catching on fire.,False,,,,train_candidate
msha_002526,msha,permanent_impairment,02,PERM TOT OR PERM PRTL DISABLTY,2024-11-18,2024,0800225,M,MILL OPERATION/PREPARATION PLANT,POWERED HAULAGE,"Caught in, under or between a moving and a stationary object",Handling supplies or material,"STD G RAIL CR,MTR-SURF EQ",AMPUTATION OR ENUCLEATION,FOOT(NOT ANKLE/TOE)/TARSUS/METATARSUS,182,1,"Hoist, Car dropper, Hydraulic jack, Mine car retriever, Condor",False,0,[],True,False,"As the Trac Mobile, pushing one rail car, moved down the track, Operator B walked alongside, outside the danger zone, to align the rail car with the scale. After it halted, the rail car uncoupled from the Trac Mobile and continued rolling down the tracks. Operator B ran to get ahead of the rail car to apply the manual brake, but Operator B's foot got caught under the wheelset.",69,"As the Trac Mobile, pushing one rail car, moved down the track, Operator B walked alongside, outside the danger zone, to align the rail car with the scale. After it halted, the rail car uncoupled from the Trac Mobile and continued rolling down the tracks. Operator B ran to get ahead of the rail car to apply the manual brake, but Operator B's foot got caught under the wheelset.",False,,,,train_candidate
msha_002528,msha,no_injury_event,00,ACCIDENT ONLY,2024-10-11,2024,0900726,M,"STRIP, QUARY, OPEN PIT",FIRE,"Accident type, without injuries",NO VALUE FOUND,NO VALUE FOUND,NO VALUE FOUND,NO VALUE FOUND,,0,"Bulldozer, Dozer, Crawler tractor, Push cat",False,0,[],False,False,"Operator heard an unoccupied CAT D6T dozer sound as if it was trying to start, detected smoke around the starter. After brief observation, any smoldering appeared to stop. After 20 min, flames were noticed and deemed unsafe to contain. Fire was monitored from a safe distance and secured the entrance to the pit",53,"Operator heard an unoccupied CAT D6T dozer sound as if it was trying to start, detected smoke around the starter. After brief observation, any smoldering appeared to stop. After 20 min, flames were noticed and deemed unsafe to contain. Fire was monitored from a safe distance and secured the entrance to the pit",False,,,,train_candidate
msha_002529,msha,no_injury_event,00,ACCIDENT ONLY,2019-02-04,2019,1000088,M,SURFACE AT UNDERGROUND,HOISTING,"Accident type, without injuries",NO VALUE FOUND,NO VALUE FOUND,NO VALUE FOUND,NO VALUE FOUND,,0,"Elevator, Skip, Cage, Buckets, Mancage, Slope car ",False,0,[],False,False,"An electrician was attempting to clean up the exciter comm of the #2 shaft hoist. The electrician made the determination that it could not be cleaned properly and that it needed a new armature. The decision was made to shut down the hoist, thus all underground personnel were evacuated. They will be installing the new armature on 2/5/2019.",58,"An electrician was attempting to clean up the exciter comm of the #2 shaft hoist. The electrician made the determination that it could not be cleaned properly and that it needed a new armature. The decision was made to shut down the hoist, thus all underground personnel were evacuated. They will be installing the new armature on 2/5/2019.",False,,,,train_candidate
msha_002530,msha,no_injury_event,00,ACCIDENT ONLY,2025-10-10,2025,1000088,M,SURFACE AT UNDERGROUND,HOISTING,"Accident type, without injuries",NO VALUE FOUND,NO VALUE FOUND,NO VALUE FOUND,NO VALUE FOUND,,0,"Elevator, Skip, Cage, Buckets, Mancage, Slope car ",False,0,[],False,False,"While performing the daily safety checks on the hoist, the hoist operator pushed the emergency stop button to test the weight brake and the hoist tripped on an E-stop fault. Electricians assisted the operator in resetting the hoist. Hoist was back online at 5:53 pm.",45,"While performing the daily safety checks on the hoist, the hoist operator pushed the emergency stop button to test the weight brake and the hoist tripped on an E-stop fault. Electricians assisted the operator in resetting the hoist. Hoist was back online at 5:53 pm.",False,,,,train_candidate
msha_002531,msha,no_injury_event,00,ACCIDENT ONLY,2022-05-23,2022,1101013,M,MILL OPERATION/PREPARATION PLANT,FIRE,"Accident type, without injuries",NO VALUE FOUND,NO VALUE FOUND,NO VALUE FOUND,NO VALUE FOUND,,0,"Classifier, Screw classifer, Spirial classifier, Cyclone classifier",False,0,[],False,False,Mill G classifier #4 on the 6th floor had a bearing that over heated and caught the grease on fire.,20,Mill G classifier #4 on the 6th floor had a bearing that over heated and caught the grease on fire.,False,,,,train_candidate
msha_002534,msha,no_injury_event,00,ACCIDENT ONLY,2023-02-20,2023,1200063,M,MILL OPERATION/PREPARATION PLANT,FIRE,"Accident type, without injuries",NO VALUE FOUND,NO VALUE FOUND,NO VALUE FOUND,NO VALUE FOUND,,0,NO VALUE FOUND,False,0,[],False,False,"At 6:50 am on February 20, 2023, the Burner Helper noticed a small flame from the Drive Pier of Kiln 3. The fire was small, so the burner helper was able to control it through a small porthole and get it extinguished in approximately ten minutes.",46,"At 6:50 am on February 20, 2023, the Burner Helper noticed a small flame from the Drive Pier of Kiln 3. The fire was small, so the burner helper was able to control it through a small porthole and get it extinguished in approximately ten minutes.",False,,,,train_candidate
msha_002538,msha,no_injury_event,00,ACCIDENT ONLY,2021-10-09,2021,1300125,M,"STRIP, QUARY, OPEN PIT",FIRE,"Accident type, without injuries",NO VALUE FOUND,NO VALUE FOUND,NO VALUE FOUND,NO VALUE FOUND,,0,NO VALUE FOUND,False,0,[],False,False,"At ~ 6:35 an employee reporting to work saying there was coal coming out of the stack. Around 10:00 PM CO sensors were found offline, at about 10:45 a smoldering fire was discovered, and Buffalo VFD was called.",38,"At ~ 6:35 an employee reporting to work saying there was coal coming out of the stack. Around 10:00 PM CO sensors were found offline, at about 10:45 a smoldering fire was discovered, and Buffalo VFD was called.",False,,,,train_candidate
msha_002544,msha,no_injury_event,00,ACCIDENT ONLY,2019-09-05,2019,1514335,C,MILL OPERATION/PREPARATION PLANT,FIRE,"Accident type, without injuries",NO VALUE FOUND,NO VALUE FOUND,NO VALUE FOUND,NO VALUE FOUND,,0,Ore haulage trucks - off highway trucks,False,0,[],False,False,"Contractor was hauling soil from the back side of gob hill. As EE was returning for another load, EE heard a pop in the engine and started smelling and seeing smoke in the cab. As EE stopped to make a check, the truck was on fire. EE tried to put the fire out with a fire extinguisher EE had along with another one from another truck. Fire Dept was called. No injuries.",72,"Contractor was hauling soil from the back side of gob hill. As EE was returning for another load, EE heard a pop in the engine and started smelling and seeing smoke in the cab. As EE stopped to make a check, the truck was on fire. EE tried to put the fire out with a fire extinguisher EE had along with another one from another truck. Fire Dept was called. No injuries.",False,,,,train_candidate
msha_002560,msha,fatal,01,FATALITY,2025-10-16,2025,2302371,M,MILL OPERATION/PREPARATION PLANT,SLIP OR FALL OF PERSON,"Fall from scaffolds, walkways, platforms",Unknown,GROUND,MULTIPLE INJURIES,MULTIPLE PARTS (MORE THAN ONE MAJOR),,1,NO VALUE FOUND,False,0,[],True,True,Employee was performing cleaning and maintenance. They began work around 7 pm and was discovered by coworkers on the ground below the area of work. It is believed they fell.,30,Employee was performing cleaning and maintenance. They began work around 7 pm and was discovered by coworkers on the ground below the area of work. It is believed they fell.,False,,,,train_candidate
msha_002561,msha,no_injury_event,00,ACCIDENT ONLY,2021-06-23,2021,2401490,M,SURFACE AT UNDERGROUND,FIRE,"Accident type, without injuries",NO VALUE FOUND,NO VALUE FOUND,NO VALUE FOUND,NO VALUE FOUND,,0,"Elevator, Skip, Cage, Buckets, Mancage, Slope car ",False,0,[],False,False,"At Approximately 2:00 am on 6/23/2021 a fire was reported in the hoist drive transformer room on the surface located in the hoist building. It could not be determined if the fire was out, so the MSHA Hotline was called, shortly after a 103 K Order was issued to the mine, once fire was confirmed out, area was barricaded and guarded until a representative from MSHA arrived.",67,"At Approximately 2:00 am on 6/23/2021 a fire was reported in the hoist drive transformer room on the surface located in the hoist building. It could not be determined if the fire was out, so the MSHA Hotline was called, shortly after a 103 K Order was issued to the mine, once fire was confirmed out, area was barricaded and guarded until a representative from MSHA arrived.",False,,,,train_candidate
msha_002569,msha,no_injury_event,00,ACCIDENT ONLY,2024-12-28,2024,3000663,M,SURFACE AT UNDERGROUND,HOISTING,"Accident type, without injuries",NO VALUE FOUND,NO VALUE FOUND,NO VALUE FOUND,NO VALUE FOUND,,0,"Elevator, Skip, Cage, Buckets, Mancage, Slope car ",False,0,[],False,False,Inconsistent noise coming from motor area of #3 hoist. Appears that the blower fan mounts were loose. AAI is coming in to do an in depth vibration inspection.,28,Inconsistent noise coming from motor area of #3 hoist. Appears that the blower fan mounts were loose. AAI is coming in to do an in depth vibration inspection.,False,,,,train_candidate
msha_002571,msha,no_injury_event,00,ACCIDENT ONLY,2026-01-26,2026,3003255,M,SURFACE AT UNDERGROUND,HOISTING,"Accident type, without injuries",NO VALUE FOUND,NO VALUE FOUND,NO VALUE FOUND,NO VALUE FOUND,,0,"Elevator, Skip, Cage, Buckets, Mancage, Slope car ",False,0,[],False,False,"During the hoist exam when the hoisting engineer started EE's shift, EE discovered that a bolt was broken on the north brake pedestal on the service hoist. The hoist was locked out until repairs are made.",36,"During the hoist exam when the hoisting engineer started EE's shift, EE discovered that a bolt was broken on the north brake pedestal on the service hoist. The hoist was locked out until repairs are made.",False,,,,train_candidate
msha_002572,msha,no_injury_event,00,ACCIDENT ONLY,2021-06-03,2021,3003261,M,MILL OPERATION/PREPARATION PLANT,FIRE,"Accident type, without injuries",NO VALUE FOUND,NO VALUE FOUND,NO VALUE FOUND,NO VALUE FOUND,,0,NO VALUE FOUND,False,0,[],False,False,Fire started on wall next to dryer area and continues into storage area,13,Fire started on wall next to dryer area and continues into storage area,False,,,,train_candidate
msha_002580,msha,no_injury_event,00,ACCIDENT ONLY,2023-07-31,2023,3401651,M,"STRIP, QUARY, OPEN PIT",FIRE,"Accident type, without injuries",NO VALUE FOUND,NO VALUE FOUND,NO VALUE FOUND,NO VALUE FOUND,,0,NO VALUE FOUND,False,0,[],False,False,"The blaster had just set off a blast and smoke was observed on the south side of the mountain after the dust from the blast had cleared. The Plant Manager checked the smoke, noticed a small fire on the south side of the mountain and notified the local Fire department and MSHA.",52,"The blaster had just set off a blast and smoke was observed on the south side of the mountain after the dust from the blast had cleared. The Plant Manager checked the smoke, noticed a small fire on the south side of the mountain and notified the local Fire department and MSHA.",False,,,,train_candidate
msha_002583,msha,no_injury_event,00,ACCIDENT ONLY,2019-06-29,2019,3605018,C,SURFACE AT UNDERGROUND,HOISTING,"Accident type, without injuries",NO VALUE FOUND,NO VALUE FOUND,NO VALUE FOUND,NO VALUE FOUND,,0,"Elevator, Skip, Cage, Buckets, Mancage, Slope car ",False,0,[],False,False,"A broken 5/8's inch compensating chain link was found, this caused the elevator to be down for longer than 30 minutes.",21,"A broken 5/8's inch compensating chain link was found, this caused the elevator to be down for longer than 30 minutes.",False,,,,train_candidate
msha_002586,msha,fatal,01,FATALITY,2023-10-02,2023,3609973,C,UNDERGROUND,POWERED HAULAGE,Struck by powered moving object,Unknown,"MINE JEEP,KERSEY,JITNEY",CRUSHING,"TRUNK, MULTIPLE PARTS",,1,"Shuttle car, Buggy, Ram car, Young buggy, Teletram car ",False,0,[],True,True,While doing general work in the section employee was struck by a shuttle car and received crushing injuries to their upper torso.,22,While doing general work in the section employee was struck by a shuttle car and received crushing injuries to their upper torso.,False,,,,train_candidate
msha_002587,msha,no_injury_event,00,ACCIDENT ONLY,2021-11-19,2021,3800007,M,MILL OPERATION/PREPARATION PLANT,FIRE,"Accident type, without injuries",NO VALUE FOUND,NO VALUE FOUND,NO VALUE FOUND,NO VALUE FOUND,,0,NO VALUE FOUND,False,0,[],False,False,"A fire was observed on the wood flooring on scaffolding at the cyclone level of the clinker cooler. The fire was extinguished with the removal of material from the area, fire extinguishers and water.",34,"A fire was observed on the wood flooring on scaffolding at the cyclone level of the clinker cooler. The fire was extinguished with the removal of material from the area, fire extinguishers and water.",False,,,,train_candidate
msha_002604,msha,no_injury_event,00,ACCIDENT ONLY,2019-02-21,2019,4607938,C,"STRIP, QUARY, OPEN PIT",FIRE,"Accident type, without injuries",NO VALUE FOUND,NO VALUE FOUND,NO VALUE FOUND,NO VALUE FOUND,,0,"Shovel, Power shovel, Backhoe, Trackhoe, Dragline - Big Muskie",False,0,[],False,False,Excavator owned by WV Dept. of Highways caught on fire at the end of their shift that was located on our property. It was finally extinguished without injury. MSHA hot line was contacted. The excavator was a total loss. An investigation by MSHA was conducted on 2-21-19.,47,Excavator owned by WV Dept. of Highways caught on fire at the end of their shift that was located on our property. It was finally extinguished without injury. MSHA hot line was contacted. The excavator was a total loss. An investigation by MSHA was conducted on 2-21-19.,False,,,,train_candidate
msha_002607,msha,no_injury_event,00,ACCIDENT ONLY,2024-06-05,2024,4608878,C,SURFACE AT UNDERGROUND,HOISTING,"Accident type, without injuries",NO VALUE FOUND,NO VALUE FOUND,NO VALUE FOUND,NO VALUE FOUND,,0,"Elevator, Skip, Cage, Buckets, Mancage, Slope car ",False,0,[],False,False,Hoist went down for brake pressure fault. Trouble shot brake solenoids and found bad output cord that controls solenoids. Replaced output cord and fixed issue.,25,Hoist went down for brake pressure fault. Trouble shot brake solenoids and found bad output cord that controls solenoids. Replaced output cord and fixed issue.,False,,,,train_candidate
msha_002612,msha,no_injury_event,00,ACCIDENT ONLY,2026-06-09,2026,4800977,C,"STRIP, QUARY, OPEN PIT",FIRE,"Accident type, without injuries",NO VALUE FOUND,NO VALUE FOUND,NO VALUE FOUND,NO VALUE FOUND,,0,NO VALUE FOUND,False,0,[],False,False,A grass fire started at the rail road tracks and spread to the mine property. The fire could not be put out in 15 minutes.,25,A grass fire started at the rail road tracks and spread to the mine property. The fire could not be put out in 15 minutes.,False,,,,train_candidate
msha_002614,msha,no_injury_event,00,ACCIDENT ONLY,2021-12-12,2021,5001616,M,"STRIP, QUARY, OPEN PIT",FIRE,"Accident type, without injuries",NO VALUE FOUND,NO VALUE FOUND,NO VALUE FOUND,NO VALUE FOUND,,0,"Road grader, Motor grader, Motor patrol, Grader, Road scraper",False,0,[],False,False,Grader caught fire while grading drill pad. Source of the fire is under investigation pending results from fire inspector,19,Grader caught fire while grading drill pad. Source of the fire is under investigation pending results from fire inspector,False,,,,train_candidate
msha_002621,msha,no_injury_event,00,ACCIDENT ONLY,2021-04-13,2021,0100851,C,SURFACE AT UNDERGROUND,HOISTING,"Accident type, without injuries",NO VALUE FOUND,NO VALUE FOUND,NO VALUE FOUND,NO VALUE FOUND,,0,"Elevator, Skip, Cage, Buckets, Mancage, Slope car ",False,0,[],False,False,"The elevator was taken out of service for planned maintenance. The ropes on the elevator were shortened. MSHA was notified on site, via the hotline, and email.",27,"The elevator was taken out of service for planned maintenance. The ropes on the elevator were shortened. MSHA was notified on site, via the hotline, and email.",False,,,,train_candidate
msha_002622,msha,no_injury_event,00,ACCIDENT ONLY,2023-12-10,2023,0100851,C,SURFACE AT UNDERGROUND,HOISTING,"Accident type, without injuries",NO VALUE FOUND,NO VALUE FOUND,NO VALUE FOUND,NO VALUE FOUND,,0,"Elevator, Skip, Cage, Buckets, Mancage, Slope car ",False,0,[],False,False,The SP Material Hoist was taken out of service to replace the rope due to the rope being near retirement criteria. This was a planned outage.,26,The SP Material Hoist was taken out of service to replace the rope due to the rope being near retirement criteria. This was a planned outage.,False,,,,train_candidate
msha_002624,msha,no_injury_event,00,ACCIDENT ONLY,2025-10-28,2025,0203398,M,SURFACE AT UNDERGROUND,HOISTING,"Accident type, without injuries",NO VALUE FOUND,NO VALUE FOUND,NO VALUE FOUND,NO VALUE FOUND,,0,"Elevator, Skip, Cage, Buckets, Mancage, Slope car ",False,0,[],False,False,"An unanticipated power disruption occurred on the Shaft Pad, impacting both the Main Shaft and Ventilation Shaft operations.",18,"An unanticipated power disruption occurred on the Shaft Pad, impacting both the Main Shaft and Ventilation Shaft operations.",False,,,,train_candidate
msha_002625,msha,permanent_impairment,02,PERM TOT OR PERM PRTL DISABLTY,2023-02-20,2023,0302016,M,"STRIP, QUARY, OPEN PIT",MACHINERY,"Caught in, under or between a moving and a stationary object","Surface equipment, NEC","BROKEN ROCK,COAL,ORE,WSTE",AMPUTATION OR ENUCLEATION,FINGER(S)/THUMB,14,1,"Dimension stone machinery, Gangwire saw, Guillotine, Hydrosplit ",False,0,[],True,False,Employee was pushing a rock on the rollers of the chopper when another rock rolled forward smashing their fingers between the two rocks.,23,Employee was pushing a rock on the rollers of the chopper when another rock rolled forward smashing their fingers between the two rocks.,False,,,,train_candidate
msha_002626,msha,no_injury_event,00,ACCIDENT ONLY,2022-08-17,2022,0400036,M,MILL OPERATION/PREPARATION PLANT,FIRE,"Accident type, without injuries",NO VALUE FOUND,NO VALUE FOUND,NO VALUE FOUND,NO VALUE FOUND,,0,"Raw coal storage, Tipple, Dump bins",False,0,[],False,False,"Due to arc flash incident (loss of power) in T2-3-1, Central Control was unable to complete the H46-B1 emptying procedures. This allowed pulverized coal to sit in the bottom of the coal surge bin. The coal then caught fire.",39,"Due to arc flash incident (loss of power) in T2-3-1, Central Control was unable to complete the H46-B1 emptying procedures. This allowed pulverized coal to sit in the bottom of the coal surge bin. The coal then caught fire.",False,,,,train_candidate
msha_002632,msha,fatal,01,FATALITY,2023-03-15,2023,0800899,M,"STRIP, QUARY, OPEN PIT",MACHINERY,Drowning,"Power shovel, Dragline",WATER,"SUFFOC,SMOK INHILAT,DROWN",BODY SYSTEMS,,1,"Shovel, Power shovel, Backhoe, Trackhoe, Dragline - Big Muskie",False,0,[],True,True,"An employee was operating a CAT 390F excavator in the South Quarry Pit. The machine went into the water and sank to a depth of approximately 25 feet. Consistent with 103K order modifications approved by MSHA, the operator was recovered the following day.",43,"An employee was operating a CAT 390F excavator in the South Quarry Pit. The machine went into the water and sank to a depth of approximately 25 feet. Consistent with 103K order modifications approved by MSHA, the operator was recovered the following day.",False,,,,train_candidate
msha_002633,msha,no_injury_event,00,ACCIDENT ONLY,2022-03-08,2022,0901161,M,"STRIP, QUARY, OPEN PIT",FIRE,"Accident type, without injuries",NO VALUE FOUND,NO VALUE FOUND,NO VALUE FOUND,NO VALUE FOUND,,0,NO VALUE FOUND,False,0,[],False,False,Fire detected by evening cleaning crew in shop. Hot work being performed on the haul truck earlier in the day could have been a factor.,25,Fire detected by evening cleaning crew in shop. Hot work being performed on the haul truck earlier in the day could have been a factor.,False,,,,train_candidate
msha_002643,msha,no_injury_event,00,ACCIDENT ONLY,2019-12-30,2019,1400413,M,SURFACE AT UNDERGROUND,HOISTING,"Accident type, without injuries",NO VALUE FOUND,NO VALUE FOUND,NO VALUE FOUND,NO VALUE FOUND,,0,"Elevator, Skip, Cage, Buckets, Mancage, Slope car ",False,0,[],False,False,North skip dump wheel broke off due to fatigue causing the skip to not be able to exit the dump scrolls.,21,North skip dump wheel broke off due to fatigue causing the skip to not be able to exit the dump scrolls.,False,,,"[""msha_004948""]",train_candidate
msha_002655,msha,no_injury_event,00,ACCIDENT ONLY,2023-06-26,2023,1518982,C,"STRIP, QUARY, OPEN PIT",FIRE,"Accident type, without injuries",NO VALUE FOUND,NO VALUE FOUND,NO VALUE FOUND,NO VALUE FOUND,,0,Ore haulage trucks - off highway trucks,False,0,[],False,False,At approximately 5:20PM on 06/26/23 night watchman notified shift foreman that truck was on fire and foreman came back and extinguished fire.,22,At approximately 5:20PM on 06/26/23 night watchman notified shift foreman that truck was on fire and foreman came back and extinguished fire.,False,,,,train_candidate
msha_002666,msha,no_injury_event,00,ACCIDENT ONLY,2021-01-07,2021,2103404,M,MILL OPERATION/PREPARATION PLANT,FIRE,"Accident type, without injuries",NO VALUE FOUND,NO VALUE FOUND,NO VALUE FOUND,NO VALUE FOUND,,0,"Welding machine, Torch, Cutting torch, Arc welder, Air arc",False,0,[],False,False,"While cutting parts on weld shop plasma table, employee noticed smoke coming from dust collector exhaust duct. Fire was in the collector and was extinguished. No injuries or damage outside of collector housing.",33,"While cutting parts on weld shop plasma table, employee noticed smoke coming from dust collector exhaust duct. Fire was in the collector and was extinguished. No injuries or damage outside of collector housing.",False,,,,train_candidate
msha_002673,msha,no_injury_event,00,ACCIDENT ONLY,2025-09-08,2025,2602767,M,"STRIP, QUARY, OPEN PIT",EXPLOSIVES AND BREAKING AGENTS,"Accident type, without injuries",NO VALUE FOUND,NO VALUE FOUND,NO VALUE FOUND,NO VALUE FOUND,,0,"Shovel, Power shovel, Backhoe, Trackhoe, Dragline - Big Muskie",False,0,[],False,False,"In the Arturo pit at approximately 01:30 am, shovel 191 was working on the 5200-bench trim Pattern #19, cleaning up the blasted material. The shovel bucket made contact with explosives, causing it to detonate. This caused damage to the window. All employees were safe, and no injuries were sustained.",49,"In the Arturo pit at approximately 01:30 am, shovel 191 was working on the 5200-bench trim Pattern #19, cleaning up the blasted material. The shovel bucket made contact with explosives, causing it to detonate. This caused damage to the window. All employees were safe, and no injuries were sustained.",False,,,"[""msha_005593""]",train_candidate
msha_002681,msha,fatal,01,FATALITY,2025-03-05,2025,3100059,M,"STRIP, QUARY, OPEN PIT",POWERED HAULAGE,"Caught in, under or between running or meshing objects",Machine maintenance,BELT CONVEYORS,CRUSHING,MULTIPLE PARTS (MORE THAN ONE MAJOR),,1,"Conveyor, Belt feeder, Stage loader, Hopper shaker, Belt structure",False,0,[],True,True,Employee was found entangled in conveyor 12 tail pulley. Responding authorities pronounced the employee deceased. Incident is still under investigation.,20,Employee was found entangled in conveyor 12 tail pulley. Responding authorities pronounced the employee deceased. Incident is still under investigation.,False,,,,train_candidate
msha_002684,msha,permanent_impairment,02,PERM TOT OR PERM PRTL DISABLTY,2023-02-15,2023,3102302,M,MILL OPERATION/PREPARATION PLANT,HANDLING OF MATERIALS,"Caught in, under or between a moving and a stationary object",Machine maintenance,"DRUM,PULY,SHEAVE-NT CONVY",AMPUTATION OR ENUCLEATION,FINGER(S)/THUMB,,1,Fan,False,0,[],True,False,"Operator was attempting to replace drivebelts on a de-energized fan assembly for the dryer dust collection system. EE attempted to roll the belts onto the pulley when EE's left pinky became pinched between the belt and the pulley, severing the tip of that finger.",44,"Operator was attempting to replace drivebelts on a de-energized fan assembly for the dryer dust collection system. EE attempted to roll the belts onto the pulley when EE's left pinky became pinched between the belt and the pulley, severing the tip of that finger.",False,,,,train_candidate
msha_002703,msha,permanent_impairment,02,PERM TOT OR PERM PRTL DISABLTY,2026-03-27,2026,4102781,M,"STRIP, QUARY, OPEN PIT",HANDLING OF MATERIALS,"Caught in, under or between a moving and a stationary object",Handling supplies or material,"PASS CARS,PICKUP TRUCKS",AMPUTATION OR ENUCLEATION,FINGER(S)/THUMB,0,1,"Trucks, Service truck, Utility truck, Pickup, Water truck, Fuel truck",False,0,[],True,False,Contractor driver from Midwest Industrial Supply pinched or crushed their right index finger in a ladder they were lowering on their truck. The ladder hinges down after a release of a pin. Right index finger was lacerated from the incident. I was informed by their company that part of their finger was amputated at the hospital.,56,Contractor driver from Midwest Industrial Supply pinched or crushed their right index finger in a ladder they were lowering on their truck. The ladder hinges down after a release of a pin. Right index finger was lacerated from the incident. I was informed by their company that part of their finger was amputated at the hospital.,False,,,,train_candidate
msha_002727,msha,no_injury_event,00,ACCIDENT ONLY,2020-06-18,2020,4609522,C,SURFACE AT UNDERGROUND,HOISTING,"Accident type, without injuries",NO VALUE FOUND,NO VALUE FOUND,NO VALUE FOUND,NO VALUE FOUND,,0,"Elevator, Skip, Cage, Buckets, Mancage, Slope car ",False,0,[],False,False,"A guide cable on the emergency hoist was discovered loose during a fire drill. Upon discovery, both sections were notified and production was immediately halted. EE's were withdrawn from the mine until repairs were made. No persons were injured or killed as a result of this incident. The repair was completed at approximately 4:10am the following morning.",57,"A guide cable on the emergency hoist was discovered loose during a fire drill. Upon discovery, both sections were notified and production was immediately halted. EE's were withdrawn from the mine until repairs were made. No persons were injured or killed as a result of this incident. The repair was completed at approximately 4:10am the following morning.",False,,,,train_candidate
msha_002730,msha,no_injury_event,00,ACCIDENT ONLY,2021-02-13,2021,4800155,M,SURFACE AT UNDERGROUND,HOISTING,"Accident type, without injuries",NO VALUE FOUND,NO VALUE FOUND,NO VALUE FOUND,NO VALUE FOUND,,0,"Elevator, Skip, Cage, Buckets, Mancage, Slope car ",False,0,[],False,False,"Lost power on surface, which affected the mine. Had problems starting back up generator for 2 hoist. Once generator started mine was evacuated, however, we still had utility power for 6 shaft.",32,"Lost power on surface, which affected the mine. Had problems starting back up generator for 2 hoist. Once generator started mine was evacuated, however, we still had utility power for 6 shaft.",False,,,,train_candidate
msha_002737,msha,no_injury_event,00,ACCIDENT ONLY,2023-01-01,2023,0100851,C,SURFACE AT UNDERGROUND,HOISTING,"Accident type, without injuries",NO VALUE FOUND,NO VALUE FOUND,NO VALUE FOUND,NO VALUE FOUND,,0,"Elevator, Skip, Cage, Buckets, Mancage, Slope car ",False,0,[],False,False,"The SP Material Hoist was taken out of service after the car wrecked and caught the track switch and electronic switches at the top of the hoist. The switch was repaired, the hoist tested, and placed back into service. MSHA was notified via the hotline.",45,"The SP Material Hoist was taken out of service after the car wrecked and caught the track switch and electronic switches at the top of the hoist. The switch was repaired, the hoist tested, and placed back into service. MSHA was notified via the hotline.",False,,,,train_candidate
msha_002756,msha,no_injury_event,00,ACCIDENT ONLY,2023-09-27,2023,1103141,C,SURFACE AT UNDERGROUND,HOISTING,"Accident type, without injuries",NO VALUE FOUND,NO VALUE FOUND,NO VALUE FOUND,NO VALUE FOUND,,0,"Elevator, Skip, Cage, Buckets, Mancage, Slope car ",False,0,[],False,False,The material crane/hoist experienced an electrical problem resulting in the loss of the VFD #1. The hoist was removed from serviced and secondary lifeline was rerouted to the slope. All mine personnel were alerted of the changes.,37,The material crane/hoist experienced an electrical problem resulting in the loss of the VFD #1. The hoist was removed from serviced and secondary lifeline was rerouted to the slope. All mine personnel were alerted of the changes.,False,,,,train_candidate
msha_002757,msha,no_injury_event,00,ACCIDENT ONLY,2022-03-10,2022,1200427,M,MILL OPERATION/PREPARATION PLANT,POWERED HAULAGE,"Accident type, without injuries",NO VALUE FOUND,NO VALUE FOUND,NO VALUE FOUND,NO VALUE FOUND,,0,"Front-end loader, Tractor-shovel, Payloader, Highlift, Skip loader",False,0,[],False,False,Supervisor was moving rock to top of stockpile when trying to fill in a low spot at the edge of the berm. Made decision to use the loader parallel with the berm and got to close too the fresh fill on top edge. Left side of the loader slid down the edge of the berm landing on the left side of the loader.,63,Supervisor was moving rock to top of stockpile when trying to fill in a low spot at the edge of the berm. Made decision to use the loader parallel with the berm and got to close too the fresh fill on top edge. Left side of the loader slid down the edge of the berm landing on the left side of the loader.,False,,,,train_candidate
msha_002758,msha,permanent_impairment,02,PERM TOT OR PERM PRTL DISABLTY,2024-10-15,2024,1202422,C,"STRIP, QUARY, OPEN PIT",HANDLING OF MATERIALS,"Caught in, under or between a moving and a stationary object",Machine maintenance,"METAL,NEC(PIPE,WIRE,NAIL)",AMPUTATION OR ENUCLEATION,FINGER(S)/THUMB,100,1,NO VALUE FOUND,False,0,[],True,False,IE caught fingertip between brass bushing and shovel saddle block while setting the bushing in place. Fingertip was avulsed and required medical treatment.,23,IE caught fingertip between brass bushing and shovel saddle block while setting the bushing in place. Fingertip was avulsed and required medical treatment.,False,,,,train_candidate
msha_002767,msha,no_injury_event,00,ACCIDENT ONLY,2020-01-08,2020,2000552,M,SURFACE AT UNDERGROUND,HOISTING,"Accident type, without injuries",NO VALUE FOUND,NO VALUE FOUND,NO VALUE FOUND,NO VALUE FOUND,,0,"Elevator, Skip, Cage, Buckets, Mancage, Slope car ",False,0,[],False,False,Collar door switch at #2 shaft collar faulted out. Due to this fault the hoist operator did not know if the door had closed or not. This made it unsafe to operate.,32,Collar door switch at #2 shaft collar faulted out. Due to this fault the hoist operator did not know if the door had closed or not. This made it unsafe to operate.,False,,,,train_candidate
msha_002770,msha,no_injury_event,00,ACCIDENT ONLY,2021-05-19,2021,2600827,M,"STRIP, QUARY, OPEN PIT",FIRE,"Accident type, without injuries",NO VALUE FOUND,NO VALUE FOUND,NO VALUE FOUND,NO VALUE FOUND,,0,"Trucks, Service truck, Utility truck, Pickup, Water truck, Fuel truck",False,0,[],False,False,"An N.A. Degerstrom lube truck had a failure of unknow origins, which started a fire near the rear of the truck. Truck became engulfed in flames and totally destroyed.",29,"An N.A. Degerstrom lube truck had a failure of unknow origins, which started a fire near the rear of the truck. Truck became engulfed in flames and totally destroyed.",False,,,,train_candidate
msha_002772,msha,permanent_impairment,02,PERM TOT OR PERM PRTL DISABLTY,2026-01-31,2026,2601941,M,MILL OPERATION/PREPARATION PLANT,HANDLING OF MATERIALS,"Caught in, under or between a moving and a stationary object",Handling supplies or material,METAL COVERS & GUARDS,AMPUTATION OR ENUCLEATION,FINGER(S)/THUMB,9,1,NO VALUE FOUND,False,0,[],True,False,EE sustained a partial amputation at the distal portion of the left middle finger-(middle of the nail bed) when the finger was caught between two pieces of metal grating. Injury involved loss of tissue and bone at the fingertip. EE received medical evaluation and will received surgical surgery to smooth fingertip,51,EE sustained a partial amputation at the distal portion of the left middle finger-(middle of the nail bed) when the finger was caught between two pieces of metal grating. Injury involved loss of tissue and bone at the fingertip. EE received medical evaluation and will received surgical surgery to smooth fingertip,False,,,,train_candidate
msha_002773,msha,no_injury_event,00,ACCIDENT ONLY,2021-10-25,2021,2602286,M,SURFACE AT UNDERGROUND,IMPOUNDMENT,"Accident type, without injuries",NO VALUE FOUND,NO VALUE FOUND,NO VALUE FOUND,NO VALUE FOUND,,0,NO VALUE FOUND,False,0,[],False,False,At approximately 12:30pm on 10.25.21 a washout was reported at the TR underground crusher pad (located on the surface north of the TR Underground admin building). It is believed that this washout of the crusher pad was caused by the excessive rains received in the region. Operations is developing a repair plan that be conducted once the area has dried out.,61,At approximately 12:30pm on 10.25.21 a washout was reported at the TR underground crusher pad (located on the surface north of the TR Underground admin building). It is believed that this washout of the crusher pad was caused by the excessive rains received in the region. Operations is developing a repair plan that be conducted once the area has dried out.,False,,,,train_candidate
msha_002775,msha,no_injury_event,00,ACCIDENT ONLY,2019-01-26,2019,2900708,M,"STRIP, QUARY, OPEN PIT",FIRE,"Accident type, without injuries",NO VALUE FOUND,NO VALUE FOUND,NO VALUE FOUND,NO VALUE FOUND,,0,Ore haulage trucks - off highway trucks,False,0,[],False,False,"Haul truck brakes had locked up; a mechanic was called. Mechanic had parked in front of haul truck. When ee completed repairs, driver was to back up to test brakes. Driver stated truck began rolling forward, over berm, hit service truck which caught on fire, which in turn caught the haul truck on fire. NO ONE WAS INJURED.",58,"Haul truck brakes had locked up; a mechanic was called. Mechanic had parked in front of haul truck. When ee completed repairs, driver was to back up to test brakes. Driver stated truck began rolling forward, over berm, hit service truck which caught on fire, which in turn caught the haul truck on fire. NO ONE WAS INJURED.",False,,,,train_candidate
msha_002780,msha,no_injury_event,00,ACCIDENT ONLY,2025-09-15,2025,3000033,M,"STRIP, QUARY, OPEN PIT",EXPLOSIVES AND BREAKING AGENTS,"Accident type, without injuries",NO VALUE FOUND,NO VALUE FOUND,NO VALUE FOUND,NO VALUE FOUND,,0,NO VALUE FOUND,False,0,[],False,False,Hilltop Energy Inc had a Flyrock incident that struck a parked vehicle when 4 rocks where collected from a local Park area. No injuries occurred and MSHA was called and on scene.,32,Hilltop Energy Inc had a Flyrock incident that struck a parked vehicle when 4 rocks where collected from a local Park area. No injuries occurred and MSHA was called and on scene.,False,,,,train_candidate
msha_002784,msha,no_injury_event,00,ACCIDENT ONLY,2020-06-27,2020,3000663,M,SURFACE AT UNDERGROUND,HOISTING,"Accident type, without injuries",NO VALUE FOUND,NO VALUE FOUND,NO VALUE FOUND,NO VALUE FOUND,,0,"Elevator, Skip, Cage, Buckets, Mancage, Slope car ",False,0,[],False,False,Test trip was planned for hoist on generator power. Power was switched over and 15kv 480-280 transformer arced. This rendered the #3 hoist inop. MSHA was called and controlled evac took place out the #2 skip,36,Test trip was planned for hoist on generator power. Power was switched over and 15kv 480-280 transformer arced. This rendered the #3 hoist inop. MSHA was called and controlled evac took place out the #2 skip,False,,,,train_candidate
msha_002793,msha,no_injury_event,00,ACCIDENT ONLY,2019-01-30,2019,3607230,C,SURFACE AT UNDERGROUND,FIRE,"Accident type, without injuries",NO VALUE FOUND,NO VALUE FOUND,NO VALUE FOUND,NO VALUE FOUND,,0,"Conveyor, Belt feeder, Stage loader, Hopper shaker, Belt structure",False,0,[],False,False,An unplanned fire occurred in the #55 conveyor belt transfer building. The taper lock on the #5 roller failed causing the belt to run out of alignment. The roller rubbed against the frame until it stopped and the friction of the belt continuing to run caused the belt lagging to catch on fire.,53,An unplanned fire occurred in the #55 conveyor belt transfer building. The taper lock on the #5 roller failed causing the belt to run out of alignment. The roller rubbed against the frame until it stopped and the friction of the belt continuing to run caused the belt lagging to catch on fire.,False,,,,train_candidate
msha_002799,msha,no_injury_event,00,ACCIDENT ONLY,2023-11-06,2023,4100026,M,MILL OPERATION/PREPARATION PLANT,FIRE,"Accident type, without injuries",NO VALUE FOUND,NO VALUE FOUND,NO VALUE FOUND,NO VALUE FOUND,,0,NO VALUE FOUND,False,0,[],False,False,"At 6:48 pm the console operator dialed 911 in response to a confirmed fire on the clinker belt that feeds our clinker shed. MSHA was notified around 7 pm, and the local Fire Department arrived on-site at 7:04 pm. The Fire Department was able to extinguish and secure the area within 15-20 minutes upon arrival.",55,"At 6:48 pm the console operator dialed 911 in response to a confirmed fire on the clinker belt that feeds our clinker shed. MSHA was notified around 7 pm, and the local Fire Department arrived on-site at 7:04 pm. The Fire Department was able to extinguish and secure the area within 15-20 minutes upon arrival.",False,,,,train_candidate
msha_002802,msha,no_injury_event,00,ACCIDENT ONLY,2019-11-24,2019,4102840,C,"STRIP, QUARY, OPEN PIT",FIRE,"Accident type, without injuries",NO VALUE FOUND,NO VALUE FOUND,NO VALUE FOUND,NO VALUE FOUND,,0,"Tractor, Supply car",False,0,[],False,False,Coal Train 325 Komatsu 330M Caught Fire and it took longer than 30min to put it out,17,Coal Train 325 Komatsu 330M Caught Fire and it took longer than 30min to put it out,False,,,,train_candidate
msha_002806,msha,permanent_impairment,02,PERM TOT OR PERM PRTL DISABLTY,2023-11-06,2023,4105005,M,MILL OPERATION/PREPARATION PLANT,HANDLING OF MATERIALS,"Caught in, under or between a moving and a stationary object",Machine maintenance,BELTS (NOT CONVEYOR),AMPUTATION OR ENUCLEATION,FINGER(S)/THUMB,,1,Impactor,False,0,[],True,False,Plant was shut-down. Employee checked the tension on the alternator belt and somehow amputated the tips of two fingers.,19,Plant was shut-down. Employee checked the tension on the alternator belt and somehow amputated the tips of two fingers.,False,,,,train_candidate
msha_002817,msha,no_injury_event,00,ACCIDENT ONLY,2020-11-09,2020,4607938,C,OFFICE WORKERS AT MINE SITE,FIRE,"Accident type, without injuries",NO VALUE FOUND,NO VALUE FOUND,NO VALUE FOUND,NO VALUE FOUND,,0,NO VALUE FOUND,False,0,[],False,False,Security found a trailer that had just begun to burn. EE immediately called the fire dept. While they were responding EE began to use portable fire extinguishers. Upon arrival the fire departments were able to extinguish the fire. The fire burnt approx. 45 minutes. No injuries were reported MSHA Hotline was notified.,52,Security found a trailer that had just begun to burn. EE immediately called the fire dept. While they were responding EE began to use portable fire extinguishers. Upon arrival the fire departments were able to extinguish the fire. The fire burnt approx. 45 minutes. No injuries were reported MSHA Hotline was notified.,False,,,,train_candidate
msha_002822,msha,no_injury_event,00,ACCIDENT ONLY,2025-04-16,2025,4608878,C,SURFACE AT UNDERGROUND,HOISTING,"Accident type, without injuries",NO VALUE FOUND,NO VALUE FOUND,NO VALUE FOUND,NO VALUE FOUND,,0,"Elevator, Skip, Cage, Buckets, Mancage, Slope car ",False,0,[],False,False,"The top Sheave cluster bearing went down. a loud pop was heard, and hoist was stopped. upon investigation it was determined the bearing was down. hoist was taken out of service and all employees evacuated.",35,"The top Sheave cluster bearing went down. a loud pop was heard, and hoist was stopped. upon investigation it was determined the bearing was down. hoist was taken out of service and all employees evacuated.",False,,,,train_candidate
msha_002824,msha,fatal,01,FATALITY,2023-11-17,2023,4700044,M,"STRIP, QUARY, OPEN PIT",HANDLING OF MATERIALS,Struck by falling object,Handling supplies or material,"METAL,NEC(PIPE,WIRE,NAIL)",CRUSHING,"TRUNK, MULTIPLE PARTS",,1,"Forklift, Plant cat, Telehandler, Hyster, Lift truck, Skid steer ",False,0,[],True,True,"As a large piece of steel framing structure was being slid out of a cargo container, it tipped over and crushed employee.",22,"As a large piece of steel framing structure was being slid out of a cargo container, it tipped over and crushed employee.",False,,,,train_candidate
msha_002828,msha,no_injury_event,00,ACCIDENT ONLY,2022-01-12,2022,4800993,C,"STRIP, QUARY, OPEN PIT",FIRE,"Accident type, without injuries",NO VALUE FOUND,NO VALUE FOUND,NO VALUE FOUND,NO VALUE FOUND,,0,NO VALUE FOUND,False,0,[],False,False,Smoker identified in the North West Pit. No personnel or resources at risk.,13,Smoker identified in the North West Pit. No personnel or resources at risk.,False,,,,train_candidate
msha_002829,msha,no_injury_event,00,ACCIDENT ONLY,2025-09-17,2025,4801200,C,"STRIP, QUARY, OPEN PIT",FIRE,"Accident type, without injuries",NO VALUE FOUND,NO VALUE FOUND,NO VALUE FOUND,NO VALUE FOUND,,0,NO VALUE FOUND,False,0,[],False,False,We had another smoker start up and we have all our rubber tire dozers down. We are waiting to get a tire replaced on a rubber tire dozer then it will go out and put the smoker out.,38,We had another smoker start up and we have all our rubber tire dozers down. We are waiting to get a tire replaced on a rubber tire dozer then it will go out and put the smoker out.,False,,,,train_candidate
msha_002834,msha,no_injury_event,00,ACCIDENT ONLY,2021-01-28,2021,5001616,M,"STRIP, QUARY, OPEN PIT",FIRE,"Accident type, without injuries",NO VALUE FOUND,NO VALUE FOUND,NO VALUE FOUND,NO VALUE FOUND,,0,NO VALUE FOUND,False,0,[],False,False,Our permitted landfill built on an old waste rock dump had an unplanned fire occur. The source of the fire is unknown. No damage was caused by the fire and no personnel or equipment were exposed.,36,Our permitted landfill built on an old waste rock dump had an unplanned fire occur. The source of the fire is unknown. No damage was caused by the fire and no personnel or equipment were exposed.,False,,,,train_candidate
msha_002836,msha,no_injury_event,00,ACCIDENT ONLY,2022-03-10,2022,0100851,C,SURFACE AT UNDERGROUND,HOISTING,"Accident type, without injuries",NO VALUE FOUND,NO VALUE FOUND,NO VALUE FOUND,NO VALUE FOUND,,0,"Elevator, Skip, Cage, Buckets, Mancage, Slope car ",False,0,[],False,False,The SP elevator was taken out of service to check and tighten the taper lock on the shaft at the motor and drum. The elevator was tested and placed back into service. MSHA was notified via the hotline and on site.,41,The SP elevator was taken out of service to check and tighten the taper lock on the shaft at the motor and drum. The elevator was tested and placed back into service. MSHA was notified via the hotline and on site.,False,,,,train_candidate
msha_002837,msha,no_injury_event,00,ACCIDENT ONLY,2022-03-13,2022,0100851,C,SURFACE AT UNDERGROUND,HOISTING,"Accident type, without injuries",NO VALUE FOUND,NO VALUE FOUND,NO VALUE FOUND,NO VALUE FOUND,,0,"Elevator, Skip, Cage, Buckets, Mancage, Slope car ",False,0,[],False,False,The SP elevator was taken out of service due to the doors being slammed and knocked off track. The elevator was tested and placed back into service. MSHA was notified via the hotline.,33,The SP elevator was taken out of service due to the doors being slammed and knocked off track. The elevator was tested and placed back into service. MSHA was notified via the hotline.,False,,,,train_candidate
msha_002838,msha,no_injury_event,00,ACCIDENT ONLY,2024-05-09,2024,0100851,C,SURFACE AT UNDERGROUND,HOISTING,"Accident type, without injuries",NO VALUE FOUND,NO VALUE FOUND,NO VALUE FOUND,NO VALUE FOUND,,0,"Elevator, Skip, Cage, Buckets, Mancage, Slope car ",False,0,[],False,False,"The SP Elevator was taken out of service due to an electrical issue with the door switches. The switches were changed, the elevator tested, and placed back into service.",29,"The SP Elevator was taken out of service due to an electrical issue with the door switches. The switches were changed, the elevator tested, and placed back into service.",False,,,,train_candidate
msha_002839,msha,no_injury_event,00,ACCIDENT ONLY,2025-02-22,2025,0100851,C,SURFACE AT UNDERGROUND,HOISTING,"Accident type, without injuries",NO VALUE FOUND,NO VALUE FOUND,NO VALUE FOUND,NO VALUE FOUND,,0,"Elevator, Skip, Cage, Buckets, Mancage, Slope car ",False,0,[],False,False,"The SP Material Hoist was taken out of service after the brakes wouldn't release. After troubleshooting it was found that there was an inoperable brake coil. The brake coil was replaced, the hoist tested, and placed back into service.",39,"The SP Material Hoist was taken out of service after the brakes wouldn't release. After troubleshooting it was found that there was an inoperable brake coil. The brake coil was replaced, the hoist tested, and placed back into service.",False,,,,train_candidate
msha_002850,msha,permanent_impairment,02,PERM TOT OR PERM PRTL DISABLTY,2023-09-13,2023,0400156,M,MILL OPERATION/PREPARATION PLANT,MACHINERY,"Caught in, under or between a moving and a stationary object",Hand tools (powered),"HAND TOOLS,POWERED,NEC",AMPUTATION OR ENUCLEATION,FINGER(S)/THUMB,,1,Hand tools (powered),False,0,[],True,False,EE using pneumatic torque gun. Positioned tool on lug in the 6 o'clock position. EE is right hand dominant & was holding grip with right hand & used left hand to set socket on lug. Then placed left hand under barrel of gun. Squeezed trigger with right hand before moving left hand off of barrel. Resulted in distal end of left index finger amputation.,64,EE using pneumatic torque gun. Positioned tool on lug in the 6 o'clock position. EE is right hand dominant & was holding grip with right hand & used left hand to set socket on lug. Then placed left hand under barrel of gun. Squeezed trigger with right hand before moving left hand off of barrel. Resulted in distal end of left index finger amputation.,False,,,,train_candidate
msha_002851,msha,no_injury_event,00,ACCIDENT ONLY,2019-10-26,2019,0502962,C,"STRIP, QUARY, OPEN PIT",FIRE,"Accident type, without injuries",NO VALUE FOUND,NO VALUE FOUND,NO VALUE FOUND,NO VALUE FOUND,,0,NO VALUE FOUND,False,0,[],False,False,"A grass fire was reported to the guard shack at 3:36 pm. Mine employees began fighting the fire and requested help from Craig (town). No buildings, equipment or personnel were in the path of the fire. The fire was extinguished without injury.",42,"A grass fire was reported to the guard shack at 3:36 pm. Mine employees began fighting the fire and requested help from Craig (town). No buildings, equipment or personnel were in the path of the fire. The fire was extinguished without injury.",False,,,,train_candidate
msha_002852,msha,no_injury_event,00,ACCIDENT ONLY,2025-09-07,2025,0502962,C,"STRIP, QUARY, OPEN PIT",FIRE,"Accident type, without injuries",NO VALUE FOUND,NO VALUE FOUND,NO VALUE FOUND,NO VALUE FOUND,,0,NO VALUE FOUND,False,0,[],False,False,"A wildland fire was discovered west of the active mining area and not extinguished within 1/2 hour of discovery. Upon further investigation, the fire is not within the mining permit boundary. No mine personnel, equipment, or facilities were in danger. The fire was believed to be started by lightning that was in the area.",54,"A wildland fire was discovered west of the active mining area and not extinguished within 1/2 hour of discovery. Upon further investigation, the fire is not within the mining permit boundary. No mine personnel, equipment, or facilities were in danger. The fire was believed to be started by lightning that was in the area.",False,,,,train_candidate
msha_002859,msha,no_injury_event,00,ACCIDENT ONLY,2020-11-15,2020,1101558,M,"STRIP, QUARY, OPEN PIT",FIRE,"Accident type, without injuries",NO VALUE FOUND,NO VALUE FOUND,NO VALUE FOUND,NO VALUE FOUND,,0,"Forklift, Plant cat, Telehandler, Hyster, Lift truck, Skid steer ",False,0,[],False,False,"At approximately 0830 on Sunday, November 15; a ""passer-by"" called local emergency responders to report smoke coming from the mine. No work had been performed and no miners had been present since November 13. Upon arrival to the site, it was found that a telehandler and three haul trucks were on fire.",52,"At approximately 0830 on Sunday, November 15; a ""passer-by"" called local emergency responders to report smoke coming from the mine. No work had been performed and no miners had been present since November 13. Upon arrival to the site, it was found that a telehandler and three haul trucks were on fire.",False,,,,train_candidate
msha_002861,msha,no_injury_event,00,ACCIDENT ONLY,2024-12-02,2024,1103045,C,MILL OPERATION/PREPARATION PLANT,FIRE,"Accident type, without injuries",NO VALUE FOUND,NO VALUE FOUND,NO VALUE FOUND,NO VALUE FOUND,,0,NO VALUE FOUND,False,0,[],False,False,Hot spots were discovered on the gob and clean coal piles. No one was injured. The affected material is being moved from the location and treated.,26,Hot spots were discovered on the gob and clean coal piles. No one was injured. The affected material is being moved from the location and treated.,False,,,,train_candidate
msha_002862,msha,no_injury_event,00,ACCIDENT ONLY,2021-05-24,2021,1103143,C,MILL OPERATION/PREPARATION PLANT,FIRE,"Accident type, without injuries",NO VALUE FOUND,NO VALUE FOUND,NO VALUE FOUND,NO VALUE FOUND,,0,NO VALUE FOUND,False,0,[],False,False,A hot spot was observed on the North side of the PEEP raw coal pad. No one was injured. The material was moved by a dozer into the feeder to be washed.,32,A hot spot was observed on the North side of the PEEP raw coal pad. No one was injured. The material was moved by a dozer into the feeder to be washed.,False,,,,train_candidate
msha_002864,msha,permanent_impairment,02,PERM TOT OR PERM PRTL DISABLTY,2011-04-02,2011,1500056,M,MILL OPERATION/PREPARATION PLANT,HANDLING OF MATERIALS,Struck by falling object,Welding or cutting,METAL COVERS & GUARDS,AMPUTATION OR ENUCLEATION,FINGER(S)/THUMB,0,1,"Welding machine, Torch, Cutting torch, Arc welder, Air arc",False,1,"[""catwalk""]",True,False,"EE was cutting free a section of suspended catwalk, the welders hand was struck by the falling catwalk's handrail, severing 2 fingers. One finger was totally severed the other was partial. The other finger was re-attached.",36,"EE was cutting free a section of suspended catwalk, the welders hand was struck by the falling catwalk's handrail, severing 2 fingers. One finger was totally severed the other was partial. The other finger was re-attached.",False,,,,train_candidate
msha_002876,msha,permanent_impairment,02,PERM TOT OR PERM PRTL DISABLTY,2025-01-02,2025,2100282,M,"STRIP, QUARY, OPEN PIT",HANDLING OF MATERIALS,Over-exertion in pulling or pushing objects,"Handling coal, Rock, Ore","BROKEN ROCK,COAL,ORE,WSTE",HERNIA;RUPTURE,HIPS (PELVIS/ORGANS/KIDNEYS/BUTTOCKS),,1,NO VALUE FOUND,False,0,[],True,False,Employee was at 071-01 pan feeder pulling a rock to unplug. While pulling the rock the employee felt a pop near their belly button. Hernia.,25,Employee was at 071-01 pan feeder pulling a rock to unplug. While pulling the rock the employee felt a pop near their belly button. Hernia.,False,,,,train_candidate
msha_002886,msha,fatal,01,FATALITY,2009-06-06,2009,2600062,M,"STRIP, QUARY, OPEN PIT",POWERED HAULAGE,"Caught in, under or between a moving and a stationary object","Walking, Running","PASS CARS,PICKUP TRUCKS",CRUSHING,MULTIPLE PARTS (MORE THAN ONE MAJOR),0,1,"Trucks, Service truck, Utility truck, Pickup, Water truck, Fuel truck",True,2,"[""driller""]",True,True,"Surface Mine Engineering Sampler was backing up his flatbed pickup on a a drill pattern. A Drill Operator had dismounted his drill and was walking on the pattern. The drill operator walked behind the pickup and the sampler was not aware the the driller was there. The driller stopped walking and was run over by the flatbed pickup, resulting in fatal injuries.",62,"Surface Mine Engineering Sampler was backing up his flatbed pickup on a a drill pattern. A Drill Operator had dismounted his drill and was walking on the pattern. The drill operator walked behind the pickup and the sampler was not aware the the driller was there. The driller stopped walking and was run over by the flatbed pickup, resulting in fatal injuries.",False,,,,train_candidate
msha_002898,msha,permanent_impairment,02,PERM TOT OR PERM PRTL DISABLTY,2024-06-04,2024,3300089,M,"STRIP, QUARY, OPEN PIT",HANDLING OF MATERIALS,"Caught in, under or between a moving and a stationary object",Handling supplies or material,METAL COVERS & GUARDS,AMPUTATION OR ENUCLEATION,FINGER(S)/THUMB,,1,"Front-end loader, Tractor-shovel, Payloader, Highlift, Skip loader",False,0,[],True,False,"Operator closed cab door of loader and right index finger was stuck between the door and the door frame, causing a partial amputation of the index finger.",27,"Operator closed cab door of loader and right index finger was stuck between the door and the door frame, causing a partial amputation of the index finger.",False,,,,train_candidate
msha_002902,msha,no_injury_event,00,ACCIDENT ONLY,2024-08-13,2024,3601733,C,CULM BANK/REFUSE PILE,FIRE,"Accident type, without injuries",NO VALUE FOUND,NO VALUE FOUND,NO VALUE FOUND,NO VALUE FOUND,,0,NO VALUE FOUND,False,0,[],False,False,Received a phone call at 9:56 pm stating that old abandoned brick scale house roof was on fire. Immediately called MSHA hotline to report it.,25,Received a phone call at 9:56 pm stating that old abandoned brick scale house roof was on fire. Immediately called MSHA hotline to report it.,False,,,,train_candidate
msha_002921,msha,no_injury_event,00,ACCIDENT ONLY,2025-01-21,2025,4601437,C,SURFACE AT UNDERGROUND,HOISTING,"Accident type, without injuries",NO VALUE FOUND,NO VALUE FOUND,NO VALUE FOUND,NO VALUE FOUND,,0,"Elevator, Skip, Cage, Buckets, Mancage, Slope car ",False,0,[],False,False,At approx 12:45pm the Blake Ridge elevator went down due to governor switch had frozen grease on it from the elevator ropes that set the governor switch off. A surface electrician came from another area and cleaned the governor switch to make the elevator run as normal. The elevator was up and running as normal at approx 1:30pm.,58,At approx 12:45pm the Blake Ridge elevator went down due to governor switch had frozen grease on it from the elevator ropes that set the governor switch off. A surface electrician came from another area and cleaned the governor switch to make the elevator run as normal. The elevator was up and running as normal at approx 1:30pm.,False,,,,train_candidate
msha_002926,msha,no_injury_event,00,ACCIDENT ONLY,2023-06-19,2023,4608645,C,"STRIP, QUARY, OPEN PIT",FIRE,"Accident type, without injuries",NO VALUE FOUND,NO VALUE FOUND,NO VALUE FOUND,NO VALUE FOUND,,0,"Bulldozer, Dozer, Crawler tractor, Push cat",False,0,[],False,False,Approximately at 4:20pm radio traffic was heard about smoke in the area of the idle D11 dozer. The agencies and Fire department where contacted. This D11 dozer has been idle for 2.5 weeks. No injuries.,35,Approximately at 4:20pm radio traffic was heard about smoke in the area of the idle D11 dozer. The agencies and Fire department where contacted. This D11 dozer has been idle for 2.5 weeks. No injuries.,False,,,,train_candidate
msha_002932,msha,no_injury_event,00,ACCIDENT ONLY,2022-12-08,2022,4608930,C,"STRIP, QUARY, OPEN PIT",FIRE,"Accident type, without injuries",NO VALUE FOUND,NO VALUE FOUND,NO VALUE FOUND,NO VALUE FOUND,,0,"Mancar, Mantrip, Personnel carrier, Porta bus, Jeep, Jitney, ATV",False,0,[],False,False,A school bus that we use for a mantrip caught fire under the hood and burnt no one was injured or hurt,22,A school bus that we use for a mantrip caught fire under the hood and burnt no one was injured or hurt,False,,,,train_candidate
msha_002935,msha,no_injury_event,00,ACCIDENT ONLY,2022-11-09,2022,4609522,C,UNDERGROUND,FIRE,"Accident type, without injuries",NO VALUE FOUND,NO VALUE FOUND,NO VALUE FOUND,NO VALUE FOUND,,0,NO VALUE FOUND,False,0,[],False,False,"A non-injury fire occurred when acetylene gas leaking from a cylinder was accidently ignited. The fire was contained within the metal cylinder storage box. Fire extinguishers, rock dust and water were used to extinguish the fire in about 13 min. The mine was evacuated until area was deemed safe by State, Federal and Company officials. The damaged equip was removed from the mine.",63,"A non-injury fire occurred when acetylene gas leaking from a cylinder was accidently ignited. The fire was contained within the metal cylinder storage box. Fire extinguishers, rock dust and water were used to extinguish the fire in about 13 min. The mine was evacuated until area was deemed safe by State, Federal and Company officials. The damaged equip was removed from the mine.",False,,,,train_candidate
msha_002939,msha,no_injury_event,00,ACCIDENT ONLY,2019-10-04,2019,5001616,M,MILL OPERATION/PREPARATION PLANT,FIRE,"Accident type, without injuries",NO VALUE FOUND,NO VALUE FOUND,NO VALUE FOUND,NO VALUE FOUND,,0,Ore haulage trucks - off highway trucks,False,0,[],False,False,"Fueler noticed flames coming out of the engine compartment while driving on the tailings facility causeway. Employee reacted as trained and proceeded to call a MAYDAY, put the truck in park, set the park brake, shut the engine off and initiated the fire suppression system, and exited the truck. In the process of walking away from the truck flames reappeared.",60,"Fueler noticed flames coming out of the engine compartment while driving on the tailings facility causeway. Employee reacted as trained and proceeded to call a MAYDAY, put the truck in park, set the park brake, shut the engine off and initiated the fire suppression system, and exited the truck. In the process of walking away from the truck flames reappeared.",False,,,,train_candidate
msha_002949,msha,permanent_impairment,02,PERM TOT OR PERM PRTL DISABLTY,2023-02-27,2023,0500864,M,"STRIP, QUARY, OPEN PIT",HANDLING OF MATERIALS,Over-exertion in pulling or pushing objects,"Handling coal, Rock, Ore","BROKEN ROCK,COAL,ORE,WSTE",HERNIA;RUPTURE,HIPS (PELVIS/ORGANS/KIDNEYS/BUTTOCKS),,1,NO VALUE FOUND,False,0,[],True,False,"Employee attempted to manually roll and lift rock out of haul road. Employee reported to Employer injury after end of shift, employee sent for medical evaluation following morning.",28,"Employee attempted to manually roll and lift rock out of haul road. Employee reported to Employer injury after end of shift, employee sent for medical evaluation following morning.",False,,,,train_candidate
msha_002955,msha,permanent_impairment,02,PERM TOT OR PERM PRTL DISABLTY,2025-10-27,2025,0900012,M,"STRIP, QUARY, OPEN PIT",HANDLING OF MATERIALS,"Caught in, under or between a moving and a stationary object",Machine maintenance,"MACHINE-MILL,CLEANING PLT",AMPUTATION OR ENUCLEATION,FINGER(S)/THUMB,58,1,NO VALUE FOUND,False,0,[],True,False,Employee was changing springs on the 8x20 screen. Employee was trying to remove the spring when the chain broke allowing the spring to pinch a finger.,26,Employee was changing springs on the 8x20 screen. Employee was trying to remove the spring when the chain broke allowing the spring to pinch a finger.,False,,,,train_candidate
msha_002962,msha,no_injury_event,00,ACCIDENT ONLY,2022-09-30,2022,1200064,M,MILL OPERATION/PREPARATION PLANT,FIRE,"Accident type, without injuries",NO VALUE FOUND,NO VALUE FOUND,NO VALUE FOUND,NO VALUE FOUND,,0,"Front-end loader, Tractor-shovel, Payloader, Highlift, Skip loader",False,0,[],False,False,"Smoke was seen coming from the coal tunnel. Coal was removed from above the feeder below and coal in the feeder was run out onto the ground. There were no flames, only smoke and smoldering coal were observed. Called EE once situation was resolved to ask if it was reportable or not since there was no flame to extinguish and EE said to go ahead and report it.",68,"Smoke was seen coming from the coal tunnel. Coal was removed from above the feeder below and coal in the feeder was run out onto the ground. There were no flames, only smoke and smoldering coal were observed. Called EE once situation was resolved to ask if it was reportable or not since there was no flame to extinguish and EE said to go ahead and report it.",False,,,,train_candidate
msha_002977,msha,fatal,01,FATALITY,2024-08-04,2024,1600352,M,MILL OPERATION/PREPARATION PLANT,SLIP OR FALL OF PERSON,"Absorption of radiations, caustics, toxic and noxious substances","Walking, Running","CHEMICALS,CHEM COMP,NEC","BURN,CHEMICL-FUME,COMPOUN",MULTIPLE PARTS (MORE THAN ONE MAJOR),,1,NO VALUE FOUND,False,0,[],True,True,"An employee received burn injuries from exposure to hot water and caustic liquid, when they entered an area where the liquids accumulated on the ground. Employee fell into an open sump hole while walking into the work area.",38,"An employee received burn injuries from exposure to hot water and caustic liquid, when they entered an area where the liquids accumulated on the ground. Employee fell into an open sump hole while walking into the work area.",False,,,,train_candidate
msha_002983,msha,no_injury_event,00,ACCIDENT ONLY,2025-04-19,2025,2100282,M,"STRIP, QUARY, OPEN PIT",HOISTING,"Accident type, without injuries",NO VALUE FOUND,NO VALUE FOUND,NO VALUE FOUND,NO VALUE FOUND,,0,"Elevator, Skip, Cage, Buckets, Mancage, Slope car ",False,0,[],False,False,"A Crusher employee became entrapped in the Step 3 Fines Crusher elevator between the first and second floors. Our safety department became aware of the issue at 12:05 AM. The employee was originally trapped sometime after 11:30 PM on Saturday, April 19th. The employee was able to leave the elevator unharmed after the fire department responded and mechanically opened the doors",61,"A Crusher employee became entrapped in the Step 3 Fines Crusher elevator between the first and second floors. Our safety department became aware of the issue at 12:05 AM. The employee was originally trapped sometime after 11:30 PM on Saturday, April 19th. The employee was able to leave the elevator unharmed after the fire department responded and mechanically opened the doors",False,,,,train_candidate
msha_002987,msha,fatal,01,FATALITY,2023-05-22,2023,2300079,M,"STRIP, QUARY, OPEN PIT",POWERED HAULAGE,Struck against a moving object,Haulage or Dump truck,"HGHWY ORE CARIER,LRGE TRK","UNCLASSIFIED,NOT DETERMED",MULTIPLE PARTS (MORE THAN ONE MAJOR),,1,Ore haulage trucks - off highway trucks,False,0,[],True,True,Employee received fatal injuries while operating haul truck which over-turned backwards off a stockpile.,14,Employee received fatal injuries while operating haul truck which over-turned backwards off a stockpile.,False,,,,train_candidate
msha_002991,msha,no_injury_event,00,ACCIDENT ONLY,2022-08-18,2022,2300706,M,"STRIP, QUARY, OPEN PIT",FIRE,"Accident type, without injuries",NO VALUE FOUND,NO VALUE FOUND,NO VALUE FOUND,NO VALUE FOUND,,0,Ore haulage trucks - off highway trucks,False,0,[],False,False,"A haul truck was in use in a sand quarry when a fire started in the engine compartment. The operator immediately shut the truck off, exited the cab, dismounted the truck, and distanced self safely from the machine. The fire was extinguished by local EMS. The extensive damage to the front-end of the truck is expected to result in a complete loss of the machine.",65,"A haul truck was in use in a sand quarry when a fire started in the engine compartment. The operator immediately shut the truck off, exited the cab, dismounted the truck, and distanced self safely from the machine. The fire was extinguished by local EMS. The extensive damage to the front-end of the truck is expected to result in a complete loss of the machine.",False,,,,train_candidate
msha_002992,msha,no_injury_event,00,ACCIDENT ONLY,2021-02-14,2021,2401457,C,"STRIP, QUARY, OPEN PIT",FIRE,"Accident type, without injuries",NO VALUE FOUND,NO VALUE FOUND,NO VALUE FOUND,NO VALUE FOUND,,0,Ore haulage trucks - off highway trucks,False,0,[],False,False,Employee noticed smoke and flames coming from a haul truck that was idling in a parking ditch. There was no operator on or near the machine at the time. The fire was not fully extinguished in under 30 min. No injuries occurred.,42,Employee noticed smoke and flames coming from a haul truck that was idling in a parking ditch. There was no operator on or near the machine at the time. The fire was not fully extinguished in under 30 min. No injuries occurred.,False,,,,train_candidate
msha_002993,msha,no_injury_event,00,ACCIDENT ONLY,2023-01-02,2023,2601089,M,"STRIP, QUARY, OPEN PIT",FIRE,"Accident type, without injuries",NO VALUE FOUND,NO VALUE FOUND,NO VALUE FOUND,NO VALUE FOUND,,0,NO VALUE FOUND,False,0,[],False,False,An unplanned non injury fire occurred at the the Goldstrike radio communications shop building.,14,An unplanned non injury fire occurred at the the Goldstrike radio communications shop building.,False,,,,train_candidate
msha_002999,msha,permanent_impairment,02,PERM TOT OR PERM PRTL DISABLTY,2026-07-13,2026,3003840,M,"STRIP, QUARY, OPEN PIT",OTHER,"Bodily reaction, NEC",Getting on or off equipment,BODILY MOTION,HERNIA;RUPTURE,HIPS (PELVIS/ORGANS/KIDNEYS/BUTTOCKS),0,1,"Forklift, Plant cat, Telehandler, Hyster, Lift truck, Skid steer ",False,0,[],True,False,"Employee was finishing washing out tail pulley with a hose and went to get back into skid steer. When employee swung leg into the equipment, felt a pop in RH side groin area accompanied with severe pain and numbness of the thigh. Employee reached out on radio and returned to shop. Employee was seen by Fit for Work who recommended medical follow-up - suspected hernia.",65,"Employee was finishing washing out tail pulley with a hose and went to get back into skid steer. When employee swung leg into the equipment, felt a pop in RH side groin area accompanied with severe pain and numbness of the thigh. Employee reached out on radio and returned to shop. Employee was seen by Fit for Work who recommended medical follow-up - suspected hernia.",False,,,,train_candidate
msha_003005,msha,no_injury_event,00,ACCIDENT ONLY,2025-08-28,2025,3400026,M,MILL OPERATION/PREPARATION PLANT,FIRE,"Accident type, without injuries",NO VALUE FOUND,NO VALUE FOUND,NO VALUE FOUND,NO VALUE FOUND,,0,"Conveyor, Belt feeder, Stage loader, Hopper shaker, Belt structure",False,0,[],False,False,"11:40pm a fire was discovered on hot belt 3 due to leak-by from the clinker gate. When the material was moved outside, there was no visual verification it was still going to the belt. The area was evacuated, 911 was called, and fire trucks arrived shortly after. Power was shut off and locked out for safety. The fire was out by 12:13am.",62,"11:40pm a fire was discovered on hot belt 3 due to leak-by from the clinker gate. When the material was moved outside, there was no visual verification it was still going to the belt. The area was evacuated, 911 was called, and fire trucks arrived shortly after. Power was shut off and locked out for safety. The fire was out by 12:13am.",False,,,,train_candidate
msha_003019,msha,no_injury_event,00,ACCIDENT ONLY,2025-03-14,2025,3800016,M,"STRIP, QUARY, OPEN PIT",FIRE,"Accident type, without injuries",NO VALUE FOUND,NO VALUE FOUND,NO VALUE FOUND,NO VALUE FOUND,,0,NO VALUE FOUND,False,0,[],False,False,Arsonist suspected of setting fire that expanded onto quarry property. 911 called. Fire was confirmed to be on quarry property and 800 number was called. Local responding agencies contained and extinguished the fire. They confirmed they were seeking an arson suspect.,41,Arsonist suspected of setting fire that expanded onto quarry property. 911 called. Fire was confirmed to be on quarry property and 800 number was called. Local responding agencies contained and extinguished the fire. They confirmed they were seeking an arson suspect.,False,,,,train_candidate
msha_003024,msha,no_injury_event,00,ACCIDENT ONLY,2023-07-10,2023,4103101,C,"STRIP, QUARY, OPEN PIT",FIRE,"Accident type, without injuries",NO VALUE FOUND,NO VALUE FOUND,NO VALUE FOUND,NO VALUE FOUND,,0,NO VALUE FOUND,False,0,[],False,False,"A grass fire started in the old Q-area, cause is unknown. there is no mining activity in the Q-area. the local fire department was on scene and got the fire under control.",32,"A grass fire started in the old Q-area, cause is unknown. there is no mining activity in the Q-area. the local fire department was on scene and got the fire under control.",False,,,,train_candidate
msha_003045,msha,no_injury_event,00,ACCIDENT ONLY,2020-12-22,2020,4800993,C,"STRIP, QUARY, OPEN PIT",FIRE,"Accident type, without injuries",NO VALUE FOUND,NO VALUE FOUND,NO VALUE FOUND,NO VALUE FOUND,,0,NO VALUE FOUND,False,0,[],False,False,"Smoker was identified in Mid West pit after daylight, no personnel or resources at risk",15,"Smoker was identified in Mid West pit after daylight, no personnel or resources at risk",False,,,,train_candidate
msha_003046,msha,no_injury_event,00,ACCIDENT ONLY,2024-09-24,2024,4800993,C,"STRIP, QUARY, OPEN PIT",FIRE,"Accident type, without injuries",NO VALUE FOUND,NO VALUE FOUND,NO VALUE FOUND,NO VALUE FOUND,,0,NO VALUE FOUND,False,0,[],False,False,Spontaneous combustion of coal on the West pit. No people or resources are at risk.,15,Spontaneous combustion of coal on the West pit. No people or resources are at risk.,False,,,,train_candidate
msha_003067,msha,no_injury_event,00,ACCIDENT ONLY,2025-06-17,2025,1000088,M,SURFACE AT UNDERGROUND,HOISTING,"Accident type, without injuries",NO VALUE FOUND,NO VALUE FOUND,NO VALUE FOUND,NO VALUE FOUND,,0,"Elevator, Skip, Cage, Buckets, Mancage, Slope car ",False,0,[],False,False,Silver Shaft hoist was down due to east pinion brake trip fault that would not reset.,16,Silver Shaft hoist was down due to east pinion brake trip fault that would not reset.,False,,,,train_candidate
msha_003073,msha,no_injury_event,00,ACCIDENT ONLY,2021-05-16,2021,1200063,M,MILL OPERATION/PREPARATION PLANT,FIRE,"Accident type, without injuries",NO VALUE FOUND,NO VALUE FOUND,NO VALUE FOUND,NO VALUE FOUND,,0,NO VALUE FOUND,False,0,[],False,False,"Kiln 2 went down due to an electric motor failure which stopped the kiln from turning. Crew was unable to get the diesel auxiliary drive motor clutch assembly to engage with the gear reducer. Kiln was stopped for 1.5 hours for repairs. We suspect, but cannot confirm, that the oil from the Girth Gear ran onto the Kiln Shell causing a fire to start.",64,"Kiln 2 went down due to an electric motor failure which stopped the kiln from turning. Crew was unable to get the diesel auxiliary drive motor clutch assembly to engage with the gear reducer. Kiln was stopped for 1.5 hours for repairs. We suspect, but cannot confirm, that the oil from the Girth Gear ran onto the Kiln Shell causing a fire to start.",False,,,,train_candidate
msha_003092,msha,no_injury_event,00,ACCIDENT ONLY,2023-05-26,2023,1800287,M,"STRIP, QUARY, OPEN PIT",FIRE,"Accident type, without injuries",NO VALUE FOUND,NO VALUE FOUND,NO VALUE FOUND,NO VALUE FOUND,,0,NO VALUE FOUND,False,0,[],False,False,"Contractor maintenance work (installing a sheet metal patch) was being performed on a bin under a vibrating screen at the facility wash plant. Welding slag blew through exterior wall of bin, igniting combustible rubber liners inside bin, causing a fire which impacted the bin, a vibrating screen, four conveyor belts, and adjacent infrastructure.",53,"Contractor maintenance work (installing a sheet metal patch) was being performed on a bin under a vibrating screen at the facility wash plant. Welding slag blew through exterior wall of bin, igniting combustible rubber liners inside bin, causing a fire which impacted the bin, a vibrating screen, four conveyor belts, and adjacent infrastructure.",False,,,,train_candidate
msha_003093,msha,no_injury_event,00,ACCIDENT ONLY,2024-09-18,2024,2000062,M,"STRIP, QUARY, OPEN PIT",FIRE,"Accident type, without injuries",NO VALUE FOUND,NO VALUE FOUND,NO VALUE FOUND,NO VALUE FOUND,,0,NO VALUE FOUND,False,0,[],False,False,"contracted stripping crew reported a chip trailer had started on fire likely due to sparks from chipper igniting the chips. Operations were immediately shut down, emergency response executed and plant water trucks / local fire dept were called to assist. Fire was extinguished, all clear was given at appx 7:45 pm. NO injuries. Fire did not spread beyond top of trailer.",61,"contracted stripping crew reported a chip trailer had started on fire likely due to sparks from chipper igniting the chips. Operations were immediately shut down, emergency response executed and plant water trucks / local fire dept were called to assist. Fire was extinguished, all clear was given at appx 7:45 pm. NO injuries. Fire did not spread beyond top of trailer.",False,,,,train_candidate
msha_003094,msha,no_injury_event,00,ACCIDENT ONLY,2019-09-16,2019,2000784,M,"STRIP, QUARY, OPEN PIT",POWERED HAULAGE,"Accident type, without injuries",NO VALUE FOUND,NO VALUE FOUND,NO VALUE FOUND,NO VALUE FOUND,,0,"Mancar, Mantrip, Personnel carrier, Porta bus, Jeep, Jitney, ATV",False,0,[],False,False,Miner entered the mine area in a John Deere Gator and thought the loader operator saw EE enter. Miner got out of the Gator to talk to the operator. EE parked in what EE thought was a safe area but as the loader backed up and turned it struck the Gator.,51,Miner entered the mine area in a John Deere Gator and thought the loader operator saw EE enter. Miner got out of the Gator to talk to the operator. EE parked in what EE thought was a safe area but as the loader backed up and turned it struck the Gator.,False,,,,train_candidate
msha_003096,msha,no_injury_event,00,ACCIDENT ONLY,2021-06-17,2021,2100820,M,MILL OPERATION/PREPARATION PLANT,FIRE,"Accident type, without injuries",NO VALUE FOUND,NO VALUE FOUND,NO VALUE FOUND,NO VALUE FOUND,,0,NO VALUE FOUND,False,0,[],False,False,A small fire occurred at the Reclaim Pumphouse. The fire occurred outside the building when insulation started on fire near some electrical connections between the building and a transformer. The electrical department was able to shut off power allowing the fire department to extinguish the fire. MSHA was notified at 6:02 am,52,A small fire occurred at the Reclaim Pumphouse. The fire occurred outside the building when insulation started on fire near some electrical connections between the building and a transformer. The electrical department was able to shut off power allowing the fire department to extinguish the fire. MSHA was notified at 6:02 am,False,,,,train_candidate
msha_003098,msha,permanent_impairment,02,PERM TOT OR PERM PRTL DISABLTY,2022-06-28,2022,2200415,M,MILL OPERATION/PREPARATION PLANT,HANDLING OF MATERIALS,"Caught in, under or between a moving and a stationary object",Handling supplies or material,METAL COVERS & GUARDS,AMPUTATION OR ENUCLEATION,FINGER(S)/THUMB,0,1,"Mine car, Ore or coal car, Boxcar, Hopper car",False,0,[],True,False,"Opening a railcar (boxcar) door, employee pinched left ring finger between the door and the door frame, resulting in the amputation of the left fingertip at the first joint.",29,"Opening a railcar (boxcar) door, employee pinched left ring finger between the door and the door frame, resulting in the amputation of the left fingertip at the first joint.",False,,,,train_candidate
msha_003100,msha,no_injury_event,00,ACCIDENT ONLY,2021-12-08,2021,2300191,M,"STRIP, QUARY, OPEN PIT",MACHINERY,"Accident type, without injuries",NO VALUE FOUND,NO VALUE FOUND,NO VALUE FOUND,NO VALUE FOUND,,0,"Shovel, Power shovel, Backhoe, Trackhoe, Dragline - Big Muskie",False,0,[],False,False,"After loading material from the floor of the bench, the excavator operator was leaving their working pad to load the material from the pad itself when some material including rock and mud fell from the wall nearby, landing on the counterweight of the excavator damaging it and rendering it inoperable",50,"After loading material from the floor of the bench, the excavator operator was leaving their working pad to load the material from the pad itself when some material including rock and mud fell from the wall nearby, landing on the counterweight of the excavator damaging it and rendering it inoperable",False,,,,train_candidate
msha_003104,msha,permanent_impairment,02,PERM TOT OR PERM PRTL DISABLTY,2025-03-27,2025,2600500,M,MILL OPERATION/PREPARATION PLANT,HANDLING OF MATERIALS,Over-exertion in lifting objects,Handling supplies or material,"BOILR,PRES VSL,AIR HOS,OX",HERNIA;RUPTURE,HIPS (PELVIS/ORGANS/KIDNEYS/BUTTOCKS),0,1,NO VALUE FOUND,False,0,[],True,False,"Ee felt pain on left side of groin after lifting an oxygen bottle on a cutting torch into the back of a pickup truck. Seen at Health, referred to ER for confirmation of hernia. Ultrasound positive for hernia. Referred for surgery. Ee released with restrictions site can offer modified duty for, then termed for cause unrelated to the incident effective 03/31/25.",61,"Ee felt pain on left side of groin after lifting an oxygen bottle on a cutting torch into the back of a pickup truck. Seen at Health, referred to ER for confirmation of hernia. Ultrasound positive for hernia. Referred for surgery. Ee released with restrictions site can offer modified duty for, then termed for cause unrelated to the incident effective 03/31/25.",False,,,,train_candidate
msha_003106,msha,no_injury_event,00,ACCIDENT ONLY,2021-09-06,2021,2601620,M,"STRIP, QUARY, OPEN PIT",FIRE,"Accident type, without injuries",NO VALUE FOUND,NO VALUE FOUND,NO VALUE FOUND,NO VALUE FOUND,,0,NO VALUE FOUND,False,0,[],False,False,A fire occurred at the Enfield Bell Mine ID. A surface water truck was dispatched to help put the fire out. The MSHA hotline # was called at 1:42am to report the fire. The fire was reported to be out at 2:06am. The cause of the fire is currently under investigation. No damage to structures or injury to personnel occurred.,60,A fire occurred at the Enfield Bell Mine ID. A surface water truck was dispatched to help put the fire out. The MSHA hotline # was called at 1:42am to report the fire. The fire was reported to be out at 2:06am. The cause of the fire is currently under investigation. No damage to structures or injury to personnel occurred.,False,,,,train_candidate
msha_003113,msha,no_injury_event,00,ACCIDENT ONLY,2019-01-26,2019,3003255,M,UNDERGROUND,FIRE,"Accident type, without injuries",NO VALUE FOUND,NO VALUE FOUND,NO VALUE FOUND,NO VALUE FOUND,,0,"Forklift, Plant cat, Telehandler, Hyster, Lift truck, Skid steer ",False,0,[],False,False,JLG Forklift caught on fire. Mine was evacuated. Mine air was monitored until mine rescue teams were able to go into the mine and check on fire. Fire was finished and unit destroyed by fire when mine rescue teams got to fire location. Mine was checked for safety and determined safe for workers to return.,55,JLG Forklift caught on fire. Mine was evacuated. Mine air was monitored until mine rescue teams were able to go into the mine and check on fire. Fire was finished and unit destroyed by fire when mine rescue teams got to fire location. Mine was checked for safety and determined safe for workers to return.,False,,,,train_candidate
msha_003115,msha,no_injury_event,00,ACCIDENT ONLY,2021-06-08,2021,3200218,C,"STRIP, QUARY, OPEN PIT",ELECTRICAL,"Accident type, without injuries",NO VALUE FOUND,NO VALUE FOUND,NO VALUE FOUND,NO VALUE FOUND,,0,NO VALUE FOUND,False,0,[],False,False,"T142N-R84W, Sec. 22 SW Thunderstorm 5.5 Miles NW of the office. Burning bales, 'lightning' no threat to miners approx. 1.2 miles away, monitored. 4:24 PM Safety was called, MSHA guidance needed non-threat bale fire. 4:32 PM called 'voicemail' 4:34 PM WY Supervisor notified, informed us to call One Call hotline number anyway, just to keep them inform, out next morning",60,"T142N-R84W, Sec. 22 SW Thunderstorm 5.5 Miles NW of the office. Burning bales, 'lightning' no threat to miners approx. 1.2 miles away, monitored. 4:24 PM Safety was called, MSHA guidance needed non-threat bale fire. 4:32 PM called 'voicemail' 4:34 PM WY Supervisor notified, informed us to call One Call hotline number anyway, just to keep them inform, out next morning",False,,,,train_candidate
msha_003121,msha,no_injury_event,00,ACCIDENT ONLY,2024-02-13,2024,3400008,M,MILL OPERATION/PREPARATION PLANT,FIRE,"Accident type, without injuries",NO VALUE FOUND,NO VALUE FOUND,NO VALUE FOUND,NO VALUE FOUND,,0,"Conveyor, Belt feeder, Stage loader, Hopper shaker, Belt structure",False,0,[],False,False,The belt was idled and it is believed that hot material was on the belt that started the fire.,19,The belt was idled and it is believed that hot material was on the belt that started the fire.,False,,,,train_candidate
msha_003125,msha,fatal,01,FATALITY,2024-01-29,2024,3602234,C,CULM BANK/REFUSE PILE,POWERED HAULAGE,Struck against a moving object,Haulage or Dump truck,"HGHWY ORE CARIER,LRGE TRK",CRUSHING,MULTIPLE PARTS (MORE THAN ONE MAJOR),,1,Ore haulage trucks - off highway trucks,False,0,[],True,True,Truck driver was found unresponsive in the cab of EE's overturned truck at the bottom of the feed ramp drop off. There were no witnesses to the accident. Investigation is still pending.,32,Truck driver was found unresponsive in the cab of EE's overturned truck at the bottom of the feed ramp drop off. There were no witnesses to the accident. Investigation is still pending.,False,,,,train_candidate
msha_003142,msha,fatal,01,FATALITY,2024-01-02,2024,4104292,M,"STRIP, QUARY, OPEN PIT",POWERED HAULAGE,Struck by falling object,Haulage or Dump truck,"HGHWY ORE CARIER,LRGE TRK",CRUSHING,"HEAD, MULTIPLE PARTS",,1,Ore haulage trucks -  on highway trucks,False,0,[],True,True,"An over the road truck driver was crushed while trying to unload gravel. Driver was parked in a jackknife position while trying to unload some of the gravel in EE's bed. While attempting to dump, EE's lift cylinder snapped and the trucks trailer fell on top of the driver's side killing the driver. 911 was called immediately and MSHA was called after.",62,"An over the road truck driver was crushed while trying to unload gravel. Driver was parked in a jackknife position while trying to unload some of the gravel in EE's bed. While attempting to dump, EE's lift cylinder snapped and the trucks trailer fell on top of the driver's side killing the driver. 911 was called immediately and MSHA was called after.",False,,,,train_candidate
msha_003144,msha,no_injury_event,00,ACCIDENT ONLY,2022-08-01,2022,4105210,M,"STRIP, QUARY, OPEN PIT",FIRE,"Accident type, without injuries",NO VALUE FOUND,NO VALUE FOUND,NO VALUE FOUND,NO VALUE FOUND,,0,"Welding machine, Torch, Cutting torch, Arc welder, Air arc",False,0,[],False,False,"Third party contractors working for another contractor company. Welders were welding on Belly Pan of Shaker with a 6""X6"" patch on outer plate of Belly Pan. Inside of belly pan was lined with rubber lining. Rubber lining ignited from contact on same plate of Belly Pan. Engulfing Shaker completely.",49,"Third party contractors working for another contractor company. Welders were welding on Belly Pan of Shaker with a 6""X6"" patch on outer plate of Belly Pan. Inside of belly pan was lined with rubber lining. Rubber lining ignited from contact on same plate of Belly Pan. Engulfing Shaker completely.",False,,,,train_candidate
msha_003146,msha,no_injury_event,00,ACCIDENT ONLY,2026-01-15,2026,4404856,C,SURFACE AT UNDERGROUND,HOISTING,"Accident type, without injuries",NO VALUE FOUND,NO VALUE FOUND,NO VALUE FOUND,NO VALUE FOUND,,0,"Elevator, Skip, Cage, Buckets, Mancage, Slope car ",False,0,[],False,False,wires inside of the conduit that feeds the surface controls were grounded and changed out with all new wiring and installed 2 new door switches,25,wires inside of the conduit that feeds the surface controls were grounded and changed out with all new wiring and installed 2 new door switches,False,,,,train_candidate
msha_003154,msha,no_injury_event,00,ACCIDENT ONLY,2019-09-19,2019,4608878,C,SURFACE AT UNDERGROUND,HOISTING,"Accident type, without injuries",NO VALUE FOUND,NO VALUE FOUND,NO VALUE FOUND,NO VALUE FOUND,,0,"Elevator, Skip, Cage, Buckets, Mancage, Slope car ",False,0,[],False,False,At approximately 2:45 p.m. the Service Hoist was taken out of service to tighten up the friction hoist drum brake pedestal anchors. The bolts were tightened and the hoist was placed back in service. No one was injured or trapped. Both state and federal agencies were notified.,47,At approximately 2:45 p.m. the Service Hoist was taken out of service to tighten up the friction hoist drum brake pedestal anchors. The bolts were tightened and the hoist was placed back in service. No one was injured or trapped. Both state and federal agencies were notified.,False,,,,train_candidate
msha_003155,msha,no_injury_event,00,ACCIDENT ONLY,2024-11-09,2024,4608878,C,SURFACE AT UNDERGROUND,HOISTING,"Accident type, without injuries",NO VALUE FOUND,NO VALUE FOUND,NO VALUE FOUND,NO VALUE FOUND,,0,"Elevator, Skip, Cage, Buckets, Mancage, Slope car ",False,0,[],False,False,The Escape hoist had an electrical component issue. No one injured or trapped.,13,The Escape hoist had an electrical component issue. No one injured or trapped.,False,,,,train_candidate
msha_003164,msha,no_injury_event,00,ACCIDENT ONLY,2024-03-28,2024,4800977,C,"STRIP, QUARY, OPEN PIT",FIRE,"Accident type, without injuries",NO VALUE FOUND,NO VALUE FOUND,NO VALUE FOUND,NO VALUE FOUND,,0,NO VALUE FOUND,False,0,[],False,False,A powerline air switch arced and caused sparks that ignited a grass fire that burned for over 30 minutes.,19,A powerline air switch arced and caused sparks that ignited a grass fire that burned for over 30 minutes.,False,,,,train_candidate
msha_003166,msha,no_injury_event,00,ACCIDENT ONLY,2019-10-13,2019,4801353,C,"STRIP, QUARY, OPEN PIT",FIRE,"Accident type, without injuries",NO VALUE FOUND,NO VALUE FOUND,NO VALUE FOUND,NO VALUE FOUND,,0,NO VALUE FOUND,False,0,[],False,False,Found a smoker about 1'x1'. Was in an area that was better accessed in the day. Day shift is working on burying it now.,24,Found a smoker about 1'x1'. Was in an area that was better accessed in the day. Day shift is working on burying it now.,False,,,,train_candidate
msha_003174,msha,no_injury_event,00,ACCIDENT ONLY,2026-03-19,2026,0203398,M,SURFACE AT UNDERGROUND,HOISTING,"Accident type, without injuries",NO VALUE FOUND,NO VALUE FOUND,NO VALUE FOUND,NO VALUE FOUND,,0,"Elevator, Skip, Cage, Buckets, Mancage, Slope car ",False,0,[],False,False,"At 09:28 hours, we experienced a loss of power from the generator plant, resulting in an immediate power outage at the shaft pad.",23,"At 09:28 hours, we experienced a loss of power from the generator plant, resulting in an immediate power outage at the shaft pad.",False,,,,train_candidate
msha_003187,msha,no_injury_event,00,ACCIDENT ONLY,2026-02-24,2026,1000089,M,SURFACE AT UNDERGROUND,HOISTING,"Accident type, without injuries",NO VALUE FOUND,NO VALUE FOUND,NO VALUE FOUND,NO VALUE FOUND,,0,"Elevator, Skip, Cage, Buckets, Mancage, Slope car ",False,0,[],False,False,"During a winter storm, a tree fell onto the power lines coming into the mine. This caused a power outage which made the hoist inoperable.",25,"During a winter storm, a tree fell onto the power lines coming into the mine. This caused a power outage which made the hoist inoperable.",False,,,,train_candidate
msha_003218,msha,no_injury_event,00,ACCIDENT ONLY,2024-10-22,2024,2600827,M,"STRIP, QUARY, OPEN PIT",FIRE,"Accident type, without injuries",NO VALUE FOUND,NO VALUE FOUND,NO VALUE FOUND,NO VALUE FOUND,,0,"Shovel, Power shovel, Backhoe, Trackhoe, Dragline - Big Muskie",False,0,[],False,False,"Maintenance work being done on shovel, and smoke was identified. Work was was stopped and area was evacuated. Flames noticed, and source unknown at this time.",26,"Maintenance work being done on shovel, and smoke was identified. Work was was stopped and area was evacuated. Flames noticed, and source unknown at this time.",False,,,,train_candidate
msha_003227,msha,no_injury_event,00,ACCIDENT ONLY,2025-12-01,2025,3000006,M,"STRIP, QUARY, OPEN PIT",FIRE,"Accident type, without injuries",NO VALUE FOUND,NO VALUE FOUND,NO VALUE FOUND,NO VALUE FOUND,,0,"Packaging machine, Bagger, Sewing machine, Palletizer",False,0,[],False,False,Fire in coal mill dust collector was reported to MSHA phone hotline. No injuries.,14,Fire in coal mill dust collector was reported to MSHA phone hotline. No injuries.,False,,,,train_candidate
msha_003235,msha,no_injury_event,00,ACCIDENT ONLY,2026-08-04,2026,3300161,M,MILL OPERATION/PREPARATION PLANT,FIRE,"Accident type, without injuries",NO VALUE FOUND,NO VALUE FOUND,NO VALUE FOUND,NO VALUE FOUND,,0,"Mill, Grinding (Rod, Ball, Autogenous, Pug, Hammer)",False,0,[],False,False,A fire was observed in the coal mill after the control room operator saw a spike in temperature at the coal mill exhaust inlet. The control room operator stopped coal feed going to the mill to allow the fire to extinguish.,41,A fire was observed in the coal mill after the control room operator saw a spike in temperature at the coal mill exhaust inlet. The control room operator stopped coal feed going to the mill to allow the fire to extinguish.,False,,,,train_candidate
msha_003236,msha,no_injury_event,00,ACCIDENT ONLY,2011-06-03,2011,3300170,M,MILL OPERATION/PREPARATION PLANT,FIRE,"Accident type, without injuries",NO VALUE FOUND,NO VALUE FOUND,NO VALUE FOUND,NO VALUE FOUND,0,0,NO VALUE FOUND,True,2,"[""petroleum""]",False,False,A mixture of coal and petroleum coke started to spontaneously combust in the # 3 coal bin. This is being reported because the fire lasted more than 30 minutes.,29,A mixture of coal and petroleum coke started to spontaneously combust in the # 3 coal bin. This is being reported because the fire lasted more than 30 minutes.,False,,,,train_candidate
msha_003251,msha,no_injury_event,00,ACCIDENT ONLY,2022-09-28,2022,3607805,C,MILL OPERATION/PREPARATION PLANT,POWERED HAULAGE,"Accident type, without injuries",NO VALUE FOUND,NO VALUE FOUND,NO VALUE FOUND,NO VALUE FOUND,,0,Ore haulage trucks - off highway trucks,False,0,[],False,False,"A CAT 777D, co#6, backed into the refuse discharge tower causing minor structural damage.",14,"A CAT 777D, co#6, backed into the refuse discharge tower causing minor structural damage.",False,,,,train_candidate
msha_003254,msha,no_injury_event,00,ACCIDENT ONLY,2022-07-06,2022,3800305,M,MILL OPERATION/PREPARATION PLANT,FIRE,"Accident type, without injuries",NO VALUE FOUND,NO VALUE FOUND,NO VALUE FOUND,NO VALUE FOUND,,0,"Machine, NEC - Wheelbarrow, Well drilling Rig, Post hole auger",False,0,[],False,False,"Based on initial investigation, appears unknown hot material or object was inside alt fuel storage trailer. As material unloaded from trailer material/object exposed to oxygen causing spontaneous combustion. Dry chem initially extinguished the fire, but quickly reignited and spread. Local FD came on site to fully extinguish.",47,"Based on initial investigation, appears unknown hot material or object was inside alt fuel storage trailer. As material unloaded from trailer material/object exposed to oxygen causing spontaneous combustion. Dry chem initially extinguished the fire, but quickly reignited and spread. Local FD came on site to fully extinguish.",False,,,,train_candidate
msha_003260,msha,no_injury_event,00,ACCIDENT ONLY,2022-02-16,2022,4103164,C,"STRIP, QUARY, OPEN PIT",FIRE,"Accident type, without injuries",NO VALUE FOUND,NO VALUE FOUND,NO VALUE FOUND,NO VALUE FOUND,,0,"Bulldozer, Dozer, Crawler tractor, Push cat",False,0,[],False,False,We had a Cat D10T Dozer catch fire. The fire started from under the cab near torque converter. The operator activated the automatic fire suppression system before exiting. The morning was cloudy and windy. The dozer's cab interior was a complete loss. The damage to the engine/torque converter has not been assessed. We are still investigating to find the exact cause. NO injuries.,63,We had a Cat D10T Dozer catch fire. The fire started from under the cab near torque converter. The operator activated the automatic fire suppression system before exiting. The morning was cloudy and windy. The dozer's cab interior was a complete loss. The damage to the engine/torque converter has not been assessed. We are still investigating to find the exact cause. NO injuries.,False,,,,train_candidate
msha_003263,msha,permanent_impairment,02,PERM TOT OR PERM PRTL DISABLTY,2024-06-18,2024,4300725,M,"STRIP, QUARY, OPEN PIT",MACHINERY,"Caught in, under or between running or meshing objects",Hand tools (powered),POWER SAW,AMPUTATION OR ENUCLEATION,FINGER(S)/THUMB,4,1,Hand tools (powered),False,0,[],True,False,"Employee was cutting plywood with a 7-1/4"" Circular Saw when their left hand was placed too close to the operating saw. The blade struck their left hand pinkie finger severing the tip of the finger just past the last knuckle closest to the finer nail.",45,"Employee was cutting plywood with a 7-1/4"" Circular Saw when their left hand was placed too close to the operating saw. The blade struck their left hand pinkie finger severing the tip of the finger just past the last knuckle closest to the finer nail.",False,,,,train_candidate
msha_003274,msha,no_injury_event,00,ACCIDENT ONLY,2024-08-01,2024,4608878,C,SURFACE AT UNDERGROUND,HOISTING,"Accident type, without injuries",NO VALUE FOUND,NO VALUE FOUND,NO VALUE FOUND,NO VALUE FOUND,,0,"Elevator, Skip, Cage, Buckets, Mancage, Slope car ",False,0,[],False,False,While MHS&T were entering the hoist pit for the second time. one of the E-stop buttons would not reset and allow the hoist to function. No one hurt and no one trapped due to this occurrence.,36,While MHS&T were entering the hoist pit for the second time. one of the E-stop buttons would not reset and allow the hoist to function. No one hurt and no one trapped due to this occurrence.,False,,,,train_candidate
msha_003278,msha,no_injury_event,00,ACCIDENT ONLY,2020-01-06,2020,4700587,M,MILL OPERATION/PREPARATION PLANT,FIRE,"Accident type, without injuries",NO VALUE FOUND,NO VALUE FOUND,NO VALUE FOUND,NO VALUE FOUND,,0,NO VALUE FOUND,False,0,[],False,False,"Smoldering coal fire in the coal yard. Heavy equipment operators spent time using FEL, dozer, and excavator to extinguish.",19,"Smoldering coal fire in the coal yard. Heavy equipment operators spent time using FEL, dozer, and excavator to extinguish.",False,,,,train_candidate
msha_003284,msha,no_injury_event,00,ACCIDENT ONLY,2024-01-02,2024,4801200,C,"STRIP, QUARY, OPEN PIT",FIRE,"Accident type, without injuries",NO VALUE FOUND,NO VALUE FOUND,NO VALUE FOUND,NO VALUE FOUND,,0,NO VALUE FOUND,False,0,[],False,False,Coal smoker (which started by spontaneous combustion) at the toe of the west A1/2 bench was not able to be put out with in 30 minutes. Dozers were sent to the location and will have smoker out within 2 hours.,40,Coal smoker (which started by spontaneous combustion) at the toe of the west A1/2 bench was not able to be put out with in 30 minutes. Dozers were sent to the location and will have smoker out within 2 hours.,False,,,,train_candidate
msha_003285,msha,no_injury_event,00,ACCIDENT ONLY,2024-07-15,2024,4801215,C,"STRIP, QUARY, OPEN PIT",FIRE,"Accident type, without injuries",NO VALUE FOUND,NO VALUE FOUND,NO VALUE FOUND,NO VALUE FOUND,,0,NO VALUE FOUND,False,0,[],False,False,A coal blast ignited a grass fire that burned for over 30 minutes.,13,A coal blast ignited a grass fire that burned for over 30 minutes.,False,,,,train_candidate
msha_003286,msha,no_injury_event,00,ACCIDENT ONLY,2000-08-24,2000,4801337,C,"STRIP, QUARY, OPEN PIT",FIRE,"Accident type, without injuries",NO VALUE FOUND,NO VALUE FOUND,NO VALUE FOUND,NO VALUE FOUND,,0,"Shovel, Power shovel, Backhoe, Trackhoe, Dragline - Big Muskie",False,1,"[""casing""]",False,False,Contractor was air arcing on gear case and sparks ignited grease around gear areas. Fire burned 60 minutes due to difficulty getting water down in to the casing. No injuries. Damage was min imal.,34,Contractor was air arcing on gear case and sparks ignited grease around gear areas. Fire burned 60 minutes due to difficulty getting water down in to the casing. No injuries. Damage was min imal.,False,,,,train_candidate
msha_003288,msha,no_injury_event,00,ACCIDENT ONLY,2024-10-28,2024,4801353,C,"STRIP, QUARY, OPEN PIT",FIRE,"Accident type, without injuries",NO VALUE FOUND,NO VALUE FOUND,NO VALUE FOUND,NO VALUE FOUND,,0,NO VALUE FOUND,False,0,[],False,False,A coal smoker was identified in the porcupine pit and not extinguished within 30 minutes.,15,A coal smoker was identified in the porcupine pit and not extinguished within 30 minutes.,False,,,,train_candidate
msha_003291,msha,no_injury_event,00,ACCIDENT ONLY,2021-09-24,2021,0100851,C,SURFACE AT UNDERGROUND,HOISTING,"Accident type, without injuries",NO VALUE FOUND,NO VALUE FOUND,NO VALUE FOUND,NO VALUE FOUND,,0,"Elevator, Skip, Cage, Buckets, Mancage, Slope car ",False,0,[],False,False,The SP Material Hoist was taken out of service due to a spot being found in the rope. The area in question was too far from the car to shorten the rope. The rope was replaced with a new rope. The hoist was tested and placed back into service. MSHA was notified via the hotline and an email was sent to the FOS.,63,The SP Material Hoist was taken out of service due to a spot being found in the rope. The area in question was too far from the car to shorten the rope. The rope was replaced with a new rope. The hoist was tested and placed back into service. MSHA was notified via the hotline and an email was sent to the FOS.,False,,,,train_candidate
msha_003292,msha,no_injury_event,00,ACCIDENT ONLY,2022-02-03,2022,0100851,C,SURFACE AT UNDERGROUND,HOISTING,"Accident type, without injuries",NO VALUE FOUND,NO VALUE FOUND,NO VALUE FOUND,NO VALUE FOUND,,0,"Elevator, Skip, Cage, Buckets, Mancage, Slope car ",False,0,[],False,False,"The roller bearing for the door counterweight on the SP elevator failed. The bearing was replaced, elevator tested, and placed back into service. MSHA was notified via hotline and on site.",31,"The roller bearing for the door counterweight on the SP elevator failed. The bearing was replaced, elevator tested, and placed back into service. MSHA was notified via hotline and on site.",False,,,,train_candidate
msha_003293,msha,no_injury_event,00,ACCIDENT ONLY,2022-09-26,2022,0100851,C,SURFACE AT UNDERGROUND,HOISTING,"Accident type, without injuries",NO VALUE FOUND,NO VALUE FOUND,NO VALUE FOUND,NO VALUE FOUND,,0,"Elevator, Skip, Cage, Buckets, Mancage, Slope car ",False,0,[],False,False,"The SP elevator was taken out of service due to normal stretch in the governor rope. The rope was shortened, the take-up guides cleaned, the elevator was tested, and the elevator was placed back into service. MSHA was notified via the hotline.",42,"The SP elevator was taken out of service due to normal stretch in the governor rope. The rope was shortened, the take-up guides cleaned, the elevator was tested, and the elevator was placed back into service. MSHA was notified via the hotline.",False,,,,train_candidate
msha_003294,msha,no_injury_event,00,ACCIDENT ONLY,2024-09-14,2024,0100851,C,SURFACE AT UNDERGROUND,HOISTING,"Accident type, without injuries",NO VALUE FOUND,NO VALUE FOUND,NO VALUE FOUND,NO VALUE FOUND,,0,"Elevator, Skip, Cage, Buckets, Mancage, Slope car ",False,0,[],False,False,"The SP Elevator was taken out of service due a door switch getting moisture in it. The switch was replaced, the elevator tested, and placed back in service.",28,"The SP Elevator was taken out of service due a door switch getting moisture in it. The switch was replaced, the elevator tested, and placed back in service.",False,,,"[""msha_004380""]",train_candidate
msha_003297,msha,no_injury_event,00,ACCIDENT ONLY,2019-04-19,2019,0102901,C,SURFACE AT UNDERGROUND,HOISTING,"Accident type, without injuries",NO VALUE FOUND,NO VALUE FOUND,NO VALUE FOUND,NO VALUE FOUND,,0,"Elevator, Skip, Cage, Buckets, Mancage, Slope car ",False,0,[],False,False,During the weekly checks the West main escape hoist was taken out of service due to a problem with the over travel switch. The switch was replaced and the escape hoist was put back in service at 10:33 am.,39,During the weekly checks the West main escape hoist was taken out of service due to a problem with the over travel switch. The switch was replaced and the escape hoist was put back in service at 10:33 am.,False,,,,train_candidate
msha_003303,msha,no_injury_event,00,ACCIDENT ONLY,2020-03-06,2020,0404157,M,"STRIP, QUARY, OPEN PIT",FIRE,"Accident type, without injuries",NO VALUE FOUND,NO VALUE FOUND,NO VALUE FOUND,NO VALUE FOUND,,0,Ore haulage trucks - off highway trucks,False,0,[],False,False,Cat 775G Haul truck #3-74 dumped material into hopper and began to move away from dumping chute when fire started in engine compartment. Operator immediately exited machine without injury and fire was extinguished by nearby water truck.,37,Cat 775G Haul truck #3-74 dumped material into hopper and began to move away from dumping chute when fire started in engine compartment. Operator immediately exited machine without injury and fire was extinguished by nearby water truck.,False,,,,train_candidate
msha_003313,msha,no_injury_event,00,ACCIDENT ONLY,2021-01-13,2021,1000088,M,SURFACE AT UNDERGROUND,HOISTING,"Accident type, without injuries",NO VALUE FOUND,NO VALUE FOUND,NO VALUE FOUND,NO VALUE FOUND,,0,"Elevator, Skip, Cage, Buckets, Mancage, Slope car ",False,0,[],False,False,"The hoist went down due to a power bump, it caused a YA1 hoist drive to trip. The YA1 was reset and the hoist started to work again.",28,"The hoist went down due to a power bump, it caused a YA1 hoist drive to trip. The YA1 was reset and the hoist started to work again.",False,,,,train_candidate
msha_003315,msha,no_injury_event,00,ACCIDENT ONLY,2024-09-17,2024,1100004,M,"STRIP, QUARY, OPEN PIT",ELECTRICAL,"Accident type, without injuries",NO VALUE FOUND,NO VALUE FOUND,NO VALUE FOUND,NO VALUE FOUND,,0,Ore haulage trucks -  on highway trucks,False,0,[],False,False,Customer Truck was tarping the load in the employee driveway when the tarp came in contact with the high voltage power lines. No injury or impairment.,26,Customer Truck was tarping the load in the employee driveway when the tarp came in contact with the high voltage power lines. No injury or impairment.,False,,,,train_candidate
msha_003318,msha,no_injury_event,00,ACCIDENT ONLY,2026-04-21,2026,1103143,C,"STRIP, QUARY, OPEN PIT",FIRE,"Accident type, without injuries",NO VALUE FOUND,NO VALUE FOUND,NO VALUE FOUND,NO VALUE FOUND,,0,NO VALUE FOUND,False,0,[],False,False,Upon discovery MSHA hotline was called immediately. The current E01 inspector was called and personnel were dispatched to operate machinery to begin cutting out heated material to help extinguish.,29,Upon discovery MSHA hotline was called immediately. The current E01 inspector was called and personnel were dispatched to operate machinery to begin cutting out heated material to help extinguish.,False,,,,train_candidate
msha_003320,msha,fatal,01,FATALITY,2024-05-08,2024,1200016,M,"STRIP, QUARY, OPEN PIT",ELECTRICAL,Contact with electrical current,Handling supplies or material,"ELECTRICAL APPARATUS,NEC","ELECT SHOCK,ELECTROCUTION",BODY SYSTEMS,,1,"Crane, Cherry picker, Lift basket, Scissor truck, Boom truck",False,0,[],True,True,Crane lifting conveyor belt off of trailer using cable rigging employee was guiding rigging crane struck overhead power line employee was electrocuted,22,Crane lifting conveyor belt off of trailer using cable rigging employee was guiding rigging crane struck overhead power line employee was electrocuted,False,,,,train_candidate
msha_003342,msha,no_injury_event,00,ACCIDENT ONLY,2023-07-09,2023,2103352,M,"STRIP, QUARY, OPEN PIT",FIRE,"Accident type, without injuries",NO VALUE FOUND,NO VALUE FOUND,NO VALUE FOUND,NO VALUE FOUND,,0,NO VALUE FOUND,False,0,[],False,False,"Fire in the Pellet Plant, middle of Kiln Burner Floor. Mutual aid came from local fire dept. The fire was extinguished with an extinguisher and water was sprayed on the gear box to cool down the fire and hotspots. The kiln was restarted at 4:32 am. MSHA was notified at 4:30 am.",52,"Fire in the Pellet Plant, middle of Kiln Burner Floor. Mutual aid came from local fire dept. The fire was extinguished with an extinguisher and water was sprayed on the gear box to cool down the fire and hotspots. The kiln was restarted at 4:32 am. MSHA was notified at 4:30 am.",False,,,,train_candidate
msha_003345,msha,no_injury_event,00,ACCIDENT ONLY,2020-07-02,2020,2300495,M,SURFACE AT UNDERGROUND,HOISTING,"Accident type, without injuries",NO VALUE FOUND,NO VALUE FOUND,NO VALUE FOUND,NO VALUE FOUND,,0,"Elevator, Skip, Cage, Buckets, Mancage, Slope car ",False,0,[],False,False,29 mine man hoist began making a noise on 7/2/2020. Maintenance issue of bull gear key weld had broken loose. MSHA: 10:15 am - employees evacuated out of the mine for repairs. Repairs made and MSHA was called back to let them know that situation was complete. Employees were released back to work at 12:00 pm,56,29 mine man hoist began making a noise on 7/2/2020. Maintenance issue of bull gear key weld had broken loose. MSHA: 10:15 am - employees evacuated out of the mine for repairs. Repairs made and MSHA was called back to let them know that situation was complete. Employees were released back to work at 12:00 pm,False,,,,train_candidate
msha_003349,msha,permanent_impairment,02,PERM TOT OR PERM PRTL DISABLTY,2011-03-21,2011,2600550,M,"STRIP, QUARY, OPEN PIT",MACHINERY,"Caught in, under or between a moving and a stationary object","Surface equipment, NEC","MACHINE,NEC-WELDR,OFC MAC",AMPUTATION OR ENUCLEATION,FINGER(S)/THUMB,0,1,"Bench grinder, Drill press, Band/Table saw, Sandblaster",True,2,"[""driller""]",True,False,While placing a bushing into the table on an angle hole the bushing slipped down and the employee's middle and ring fingers went between the bushing and the table. The driller activated the hydraulic cylinder to close the table and pinched the employee's fingers amputating the tips.,47,While placing a bushing into the table on an angle hole the bushing slipped down and the employee's middle and ring fingers went between the bushing and the table. The driller activated the hydraulic cylinder to close the table and pinched the employee's fingers amputating the tips.,False,,,,train_candidate
msha_003350,msha,no_injury_event,00,ACCIDENT ONLY,2021-12-04,2021,2600827,M,"STRIP, QUARY, OPEN PIT",FIRE,"Accident type, without injuries",NO VALUE FOUND,NO VALUE FOUND,NO VALUE FOUND,NO VALUE FOUND,,0,"Trucks, Service truck, Utility truck, Pickup, Water truck, Fuel truck",False,0,[],False,False,The inside flange on the inside tire of the left rear dual broke allowing it to rub on the wheel motor bolts and become hot. Once the water truck was stopped the flange rested on the tire causing it to catch on fire.,43,The inside flange on the inside tire of the left rear dual broke allowing it to rub on the wheel motor bolts and become hot. Once the water truck was stopped the flange rested on the tire causing it to catch on fire.,False,,,,train_candidate
msha_003355,msha,permanent_impairment,02,PERM TOT OR PERM PRTL DISABLTY,2024-08-01,2024,2602617,M,"STRIP, QUARY, OPEN PIT",MACHINERY,Struck by falling object,Observe operations,METAL COVERS & GUARDS,AMPUTATION OR ENUCLEATION,FINGER(S)/THUMB,0,1,"Machine, NEC - Wheelbarrow, Well drilling Rig, Post hole auger",False,0,[],True,False,"The employee was picking up trash/aerosol can near the generator, leaned against the generator placed right hand near the hinge part of the door, generator turned on smashing right hand ring finger and middle finger between the door and the generator. Amputating the tip of right finger, breaking the middle finger, and smashing index finger.",55,"The employee was picking up trash/aerosol can near the generator, leaned against the generator placed right hand near the hinge part of the door, generator turned on smashing right hand ring finger and middle finger between the door and the generator. Amputating the tip of right finger, breaking the middle finger, and smashing index finger.",False,,,,train_candidate
msha_003359,msha,no_injury_event,00,ACCIDENT ONLY,2023-07-05,2023,3000663,M,SURFACE AT UNDERGROUND,HOISTING,"Accident type, without injuries",NO VALUE FOUND,NO VALUE FOUND,NO VALUE FOUND,NO VALUE FOUND,,0,"Elevator, Skip, Cage, Buckets, Mancage, Slope car ",False,0,[],False,False,"While attempting to raise the #4 cage to surface, the electrical breaker for the charging circuit on the #4 hoist drive failed.",22,"While attempting to raise the #4 cage to surface, the electrical breaker for the charging circuit on the #4 hoist drive failed.",False,,,,train_candidate
msha_003370,msha,no_injury_event,00,ACCIDENT ONLY,2020-06-19,2020,3401634,M,"STRIP, QUARY, OPEN PIT",FIRE,"Accident type, without injuries",NO VALUE FOUND,NO VALUE FOUND,NO VALUE FOUND,NO VALUE FOUND,,0,NO VALUE FOUND,False,0,[],False,False,At 4:30pm a supervisor noticed a grass fire at the North end of the mine site. 911 called with fire department arriving at approximately 4:55pm. Fire extinguished by 5:33pm. No injury to miners nor damage to company property or assets. The extent of damage limited to grass and brush.,49,At 4:30pm a supervisor noticed a grass fire at the North end of the mine site. 911 called with fire department arriving at approximately 4:55pm. Fire extinguished by 5:33pm. No injury to miners nor damage to company property or assets. The extent of damage limited to grass and brush.,False,,,,train_candidate
msha_003372,msha,fatal,01,FATALITY,2025-06-15,2025,3402246,M,"STRIP, QUARY, OPEN PIT",MACHINERY,Struck by falling object,"Surface equipment, NEC","FORKLIFTS,STACKERS,TRCTR",MULTIPLE INJURIES,MULTIPLE PARTS (MORE THAN ONE MAJOR),,1,"Forklift, Plant cat, Telehandler, Hyster, Lift truck, Skid steer ",False,0,[],True,True,"It rained and the mining pit needed to be dewatered. EE was at the mine site alone. It was reported that EE's spouse, was in the truck on the mine site while EE went into the pit. EE moved the telehandler into the pit, parked it on the bottom of the pit parallel on the ramp. EE exited the tele. While standing outside of the tele facing east, the tele fell over onto EE, crushing EE.",76,"It rained and the mining pit needed to be dewatered. EE was at the mine site alone. It was reported that EE's spouse, was in the truck on the mine site while EE went into the pit. EE moved the telehandler into the pit, parked it on the bottom of the pit parallel on the ramp. EE exited the tele. While standing outside of the tele facing east, the tele fell over onto EE, crushing EE.",False,,,,train_candidate
msha_003380,msha,no_injury_event,00,ACCIDENT ONLY,2002-11-06,2002,4103164,C,"STRIP, QUARY, OPEN PIT",FIRE,"Accident type, without injuries",NO VALUE FOUND,NO VALUE FOUND,NO VALUE FOUND,NO VALUE FOUND,,0,NO VALUE FOUND,True,5,"[""gas well"", ""petroleum"", ""pipeline""]",False,False,"2 gas well service employees, 1 from anadarko petroleum & the other from enbridge pipeline, were servicing gas well fullen #3, located off c-2 ramp in c-area. They were flaring the well, a pro cess used to push fluid to the tank by sending more gas through the line to move the fluid. This process also increases the amount of fire burning in the flare stack. As they finished, embers",70,"2 gas well service employees, 1 from anadarko petroleum & the other from enbridge pipeline, were servicing gas well fullen #3, located off c-2 ramp in c-area. They were flaring the well, a pro cess used to push fluid to the tank by sending more gas through the line to move the fluid. This process also increases the amount of fire burning in the flare stack. As they finished, embers",False,,,,train_candidate
msha_003381,msha,fatal,01,FATALITY,2025-01-30,2025,4104216,M,"STRIP, QUARY, OPEN PIT",POWERED HAULAGE,"Caught in, under or between a moving and a stationary object",Unknown,"BROKEN ROCK,COAL,ORE,WSTE",MULTIPLE INJURIES,MULTIPLE PARTS (MORE THAN ONE MAJOR),,1,"Front-end loader, Tractor-shovel, Payloader, Highlift, Skip loader",False,0,[],True,True,Employee in the thin veneer area was crushed by a pallet of stone that was placed on them by another employee in a wheel loader.,25,Employee in the thin veneer area was crushed by a pallet of stone that was placed on them by another employee in a wheel loader.,False,,,,train_candidate
msha_003386,msha,no_injury_event,00,ACCIDENT ONLY,2019-01-01,2019,4200149,M,"STRIP, QUARY, OPEN PIT",FIRE,"Accident type, without injuries",NO VALUE FOUND,NO VALUE FOUND,NO VALUE FOUND,NO VALUE FOUND,,0,Ore haulage trucks -  on highway trucks,False,0,[],False,False,"Wesco bulk truck arrived on the pattern and was positioning to load the first blast hole. Operator saw smoke then flames come from behind the cab and exited truck, May Day initiated and mine evacuated to 5000ft.",37,"Wesco bulk truck arrived on the pattern and was positioning to load the first blast hole. Operator saw smoke then flames come from behind the cab and exited truck, May Day initiated and mine evacuated to 5000ft.",False,,,,train_candidate
msha_003388,msha,permanent_impairment,02,PERM TOT OR PERM PRTL DISABLTY,2006-11-22,2006,4407060,C,UNDERGROUND,POWERED HAULAGE,"Caught in, under or between a moving and a stationary object",Supervise,"MINE JEEP,KERSEY,JITNEY",AMPUTATION OR ENUCLEATION,LOWER LEG/TIBIA/FIBULA,0,1,"Load-haul-dump, Scoop tram, Transloader, Unitrac, S&S Battery",True,2,"[""fracturing""]",True,False,"The employee was positioned at the rear of the section feeder observing a stalled feeder chain. A parked coal hauler rolled down a grade, catching the EE between feeder & hauler resulting in injuries requiring amputation of right foot & ankle & fracturing the left leg. The accident is still under investigation.",52,"The employee was positioned at the rear of the section feeder observing a stalled feeder chain. A parked coal hauler rolled down a grade, catching the EE between feeder & hauler resulting in injuries requiring amputation of right foot & ankle & fracturing the left leg. The accident is still under investigation.",False,,,,train_candidate
msha_003396,msha,no_injury_event,00,ACCIDENT ONLY,2022-05-05,2022,4608645,C,"STRIP, QUARY, OPEN PIT",ELECTRICAL,"Accident type, without injuries",NO VALUE FOUND,NO VALUE FOUND,NO VALUE FOUND,NO VALUE FOUND,,0,NO VALUE FOUND,False,0,[],False,False,"High voltage line broke, dropped to ground and caught grass and hills on fire.",14,"High voltage line broke, dropped to ground and caught grass and hills on fire.",False,,,,train_candidate
msha_003401,msha,fatal,01,FATALITY,2026-07-29,2026,4800155,M,SURFACE AT UNDERGROUND,SLIP OR FALL OF PERSON,"Fall to lower level, NEC",Supervise,"FLOOR,WALKING SURF-NOT UG",CRUSHING,"HEAD, MULTIPLE PARTS",,1,NO VALUE FOUND,False,0,[],True,True,Fall from height from 5th floor to 4th floor through open hatch. Employee was Canadian National and does not have social security number.,23,Fall from height from 5th floor to 4th floor through open hatch. Employee was Canadian National and does not have social security number.,False,,,,train_candidate
msha_003404,msha,no_injury_event,00,ACCIDENT ONLY,2023-09-23,2023,4800977,C,"STRIP, QUARY, OPEN PIT",FIRE,"Accident type, without injuries",NO VALUE FOUND,NO VALUE FOUND,NO VALUE FOUND,NO VALUE FOUND,,0,NO VALUE FOUND,False,0,[],False,False,"An area was seen smoldering at the top of an 85-foot coal wall. Dozers were used to push an access ramp in, so a water truck with surfactant could be applied to the area and extinguish it. The area burned for over 30 minutes.",44,"An area was seen smoldering at the top of an 85-foot coal wall. Dozers were used to push an access ramp in, so a water truck with surfactant could be applied to the area and extinguish it. The area burned for over 30 minutes.",False,,,,train_candidate
msha_003407,msha,no_injury_event,00,ACCIDENT ONLY,2022-09-06,2022,4801200,C,"STRIP, QUARY, OPEN PIT",FIRE,"Accident type, without injuries",NO VALUE FOUND,NO VALUE FOUND,NO VALUE FOUND,NO VALUE FOUND,,0,NO VALUE FOUND,False,0,[],False,False,"Coal fines started on fire at the toe of the A-1/2 bench from wind gust, working on covering the fire with dirt to put it out.",26,"Coal fines started on fire at the toe of the A-1/2 bench from wind gust, working on covering the fire with dirt to put it out.",False,,,,train_candidate
msha_003409,msha,no_injury_event,00,ACCIDENT ONLY,2022-07-25,2022,0100851,C,SURFACE AT UNDERGROUND,HOISTING,"Accident type, without injuries",NO VALUE FOUND,NO VALUE FOUND,NO VALUE FOUND,NO VALUE FOUND,,0,"Elevator, Skip, Cage, Buckets, Mancage, Slope car ",False,0,[],False,False,"The SP elevator was taken out of service due to the ropes jumping out of time. The ropes were repaired, the elevator was tested, and the elevator was placed back into service. MSHA was notified via the hotline.",38,"The SP elevator was taken out of service due to the ropes jumping out of time. The ropes were repaired, the elevator was tested, and the elevator was placed back into service. MSHA was notified via the hotline.",False,,,,train_candidate
msha_003410,msha,no_injury_event,00,ACCIDENT ONLY,2022-09-12,2022,0100851,C,SURFACE AT UNDERGROUND,HOISTING,"Accident type, without injuries",NO VALUE FOUND,NO VALUE FOUND,NO VALUE FOUND,NO VALUE FOUND,,0,"Elevator, Skip, Cage, Buckets, Mancage, Slope car ",False,0,[],False,False,"The SP Material Hoist was taken out of service due to it knocking the breaker. After troubleshooting there was an issue with a limit switch. This switch was repaired, the hoist tested, and placed back into service. MSHA was notified on the surface and the hotline was called.",48,"The SP Material Hoist was taken out of service due to it knocking the breaker. After troubleshooting there was an issue with a limit switch. This switch was repaired, the hoist tested, and placed back into service. MSHA was notified on the surface and the hotline was called.",False,,,,train_candidate
msha_003411,msha,no_injury_event,00,ACCIDENT ONLY,2022-09-28,2022,0100851,C,SURFACE AT UNDERGROUND,HOISTING,"Accident type, without injuries",NO VALUE FOUND,NO VALUE FOUND,NO VALUE FOUND,NO VALUE FOUND,,0,"Elevator, Skip, Cage, Buckets, Mancage, Slope car ",False,0,[],False,False,"The SP Material Hoist was taken out of service due to a blown coupler on an oil line for the brake system. The coupler was replaced, the hoist tested, and placed back into service. MSHA was notified via the hotline and in person at the mine.",46,"The SP Material Hoist was taken out of service due to a blown coupler on an oil line for the brake system. The coupler was replaced, the hoist tested, and placed back into service. MSHA was notified via the hotline and in person at the mine.",False,,,,train_candidate
msha_003412,msha,no_injury_event,00,ACCIDENT ONLY,2026-07-29,2026,0101138,M,"STRIP, QUARY, OPEN PIT",POWERED HAULAGE,"Accident type, without injuries",NO VALUE FOUND,NO VALUE FOUND,NO VALUE FOUND,NO VALUE FOUND,,0,Ore haulage trucks -  on highway trucks,False,0,[],False,False,Customer driver misjudged a turn leaving the load out area at the plant and rolled EE's loaded trailer over on its side. Cab did not roll over. No injuries occurred.,30,Customer driver misjudged a turn leaving the load out area at the plant and rolled EE's loaded trailer over on its side. Cab did not roll over. No injuries occurred.,False,,,,train_candidate
msha_003416,msha,no_injury_event,00,ACCIDENT ONLY,2025-02-10,2025,0400034,M,MILL OPERATION/PREPARATION PLANT,HOISTING,"Accident type, without injuries",NO VALUE FOUND,NO VALUE FOUND,NO VALUE FOUND,NO VALUE FOUND,,0,"Elevator, Skip, Cage, Buckets, Mancage, Slope car ",False,0,[],False,False,"Contractor was painting an electrical box on 3rd floor of F Area. EE needed a paint brush, so EE entered the elevator going down. Contractor became lodged between floors, 911 was called and tech for elevator was called also. Contractor was retrieved from elevator without injury.",46,"Contractor was painting an electrical box on 3rd floor of F Area. EE needed a paint brush, so EE entered the elevator going down. Contractor became lodged between floors, 911 was called and tech for elevator was called also. Contractor was retrieved from elevator without injury.",False,,,,train_candidate
msha_003424,msha,no_injury_event,00,ACCIDENT ONLY,2020-08-24,2020,0503672,C,SURFACE AT UNDERGROUND,HOISTING,"Accident type, without injuries",NO VALUE FOUND,NO VALUE FOUND,NO VALUE FOUND,NO VALUE FOUND,,0,"Elevator, Skip, Cage, Buckets, Mancage, Slope car ",False,0,[],False,False,"Hoist lost communication with AMS. Upon investigation, it was found to have tripped power and would not reset the hoist safety system. The safety system was reset and the hoist became operational at 4:49 pm.",35,"Hoist lost communication with AMS. Upon investigation, it was found to have tripped power and would not reset the hoist safety system. The safety system was reset and the hoist became operational at 4:49 pm.",False,,,,train_candidate
msha_003425,msha,permanent_impairment,02,PERM TOT OR PERM PRTL DISABLTY,2025-11-19,2025,0800046,M,MILL OPERATION/PREPARATION PLANT,HANDLING OF MATERIALS,"Caught in, under or between a moving and a stationary object",Handling supplies or material,METAL COVERS & GUARDS,AMPUTATION OR ENUCLEATION,FINGER(S)/THUMB,,1,NO VALUE FOUND,False,0,[],True,False,"Victim was working on unloading material that had been cleaned from the silo. Routine work for USA. They took a guard off saw a rock was lodged in a rotary gate, and decided to save time and effort used a finger to dislodge the rock instead of picking up the bar. The rock had moved allowing the rotary gate to rotate, and they couldn't move their finger fast enough.",69,"Victim was working on unloading material that had been cleaned from the silo. Routine work for USA. They took a guard off saw a rock was lodged in a rotary gate, and decided to save time and effort used a finger to dislodge the rock instead of picking up the bar. The rock had moved allowing the rotary gate to rotate, and they couldn't move their finger fast enough.",False,,,,train_candidate
msha_003426,msha,fatal,01,FATALITY,2025-10-28,2025,0800519,M,"STRIP, QUARY, OPEN PIT",POWERED HAULAGE,Struck against a moving object,Haulage or Dump truck,"HGHWY ORE CARIER,LRGE TRK",CRUSHING,MULTIPLE PARTS (MORE THAN ONE MAJOR),,1,Ore haulage trucks - off highway trucks,False,0,[],True,True,"For unknown reason, haul truck veered over the berm and into quarry lake.",13,"For unknown reason, haul truck veered over the berm and into quarry lake.",False,,,,train_candidate
msha_003434,msha,no_injury_event,00,ACCIDENT ONLY,2020-08-17,2020,1000088,M,SURFACE AT UNDERGROUND,HOISTING,"Accident type, without injuries",NO VALUE FOUND,NO VALUE FOUND,NO VALUE FOUND,NO VALUE FOUND,,0,"Elevator, Skip, Cage, Buckets, Mancage, Slope car ",False,0,[],False,False,While pulling muck from 5970 pocket the Silver Shaft hoist tripped with an error code 59 (dump switch south). The hoist man contacted the electrical department where it was determined that a relay had went out.,36,While pulling muck from 5970 pocket the Silver Shaft hoist tripped with an error code 59 (dump switch south). The hoist man contacted the electrical department where it was determined that a relay had went out.,False,,,,train_candidate
msha_003441,msha,no_injury_event,00,ACCIDENT ONLY,2020-08-03,2020,1202388,C,SURFACE AT UNDERGROUND,HOISTING,"Accident type, without injuries",NO VALUE FOUND,NO VALUE FOUND,NO VALUE FOUND,NO VALUE FOUND,,0,"Elevator, Skip, Cage, Buckets, Mancage, Slope car ",False,0,[],False,False,"On August 3, 2020 at 9:47AM, a proud strand was discovered during the regular inspection of the hoist. The hoist was immediately taken out of service and reported to MSHA via hotline.",32,"On August 3, 2020 at 9:47AM, a proud strand was discovered during the regular inspection of the hoist. The hoist was immediately taken out of service and reported to MSHA via hotline.",False,,,,train_candidate
msha_003456,msha,no_injury_event,00,ACCIDENT ONLY,2022-08-14,2022,2601089,M,"STRIP, QUARY, OPEN PIT",FIRE,"Accident type, without injuries",NO VALUE FOUND,NO VALUE FOUND,NO VALUE FOUND,NO VALUE FOUND,,0,NO VALUE FOUND,False,0,[],False,False,A fire occurred at the Goldstrike tire laydown which involved numerous used tires. A set of damaged tires that were removed from a piece of equipment were placed in the used tire laydown. The tires are believed to have been damaged and hot enough to self-ignite causing the fire.,49,A fire occurred at the Goldstrike tire laydown which involved numerous used tires. A set of damaged tires that were removed from a piece of equipment were placed in the used tire laydown. The tires are believed to have been damaged and hot enough to self-ignite causing the fire.,False,,,,train_candidate
msha_003459,msha,no_injury_event,00,ACCIDENT ONLY,2023-10-04,2023,2602711,M,SURFACE AT UNDERGROUND,HOISTING,"Accident type, without injuries",NO VALUE FOUND,NO VALUE FOUND,NO VALUE FOUND,NO VALUE FOUND,,0,"Elevator, Skip, Cage, Buckets, Mancage, Slope car ",False,0,[],False,False,Employee was offloading materials in the service cage at the shaft collar. Forklift made contact with the door causing it to dislodge from track. Unable to fix within 30 minutes. Damage didn't interfere with the use of the equipment which is designated for materials. Operator is filing this under duress due to the ambiguous regulatory interpretation by District leadership.,59,Employee was offloading materials in the service cage at the shaft collar. Forklift made contact with the door causing it to dislodge from track. Unable to fix within 30 minutes. Damage didn't interfere with the use of the equipment which is designated for materials. Operator is filing this under duress due to the ambiguous regulatory interpretation by District leadership.,False,,,,train_candidate
msha_003467,msha,no_injury_event,00,ACCIDENT ONLY,2023-05-27,2023,3000663,M,SURFACE AT UNDERGROUND,HOISTING,"Accident type, without injuries",NO VALUE FOUND,NO VALUE FOUND,NO VALUE FOUND,NO VALUE FOUND,,0,"Elevator, Skip, Cage, Buckets, Mancage, Slope car ",False,0,[],False,False,"#3 hoist stopped due to a brake fault. The solenoid connector shorted out on one of the brake manifolds. Upon investigation it was found that in the PLC board, a rack output had shorted out which led to the shorted out solenoid connector.",43,"#3 hoist stopped due to a brake fault. The solenoid connector shorted out on one of the brake manifolds. Upon investigation it was found that in the PLC board, a rack output had shorted out which led to the shorted out solenoid connector.",False,,,,train_candidate
msha_003476,msha,no_injury_event,00,ACCIDENT ONLY,2025-07-25,2025,3400023,M,MILL OPERATION/PREPARATION PLANT,FIRE,"Accident type, without injuries",NO VALUE FOUND,NO VALUE FOUND,NO VALUE FOUND,NO VALUE FOUND,,0,NO VALUE FOUND,False,0,[],False,False,A fire developed under a alternative fuel (shredded tires) conveyor due to a piece of rebar accidently being added into hoppers and causing friction at the scavenger conveyor.,28,A fire developed under a alternative fuel (shredded tires) conveyor due to a piece of rebar accidently being added into hoppers and causing friction at the scavenger conveyor.,False,,,,train_candidate
msha_003477,msha,no_injury_event,00,ACCIDENT ONLY,2022-07-15,2022,3400266,M,"STRIP, QUARY, OPEN PIT",FIRE,"Accident type, without injuries",NO VALUE FOUND,NO VALUE FOUND,NO VALUE FOUND,NO VALUE FOUND,,0,NO VALUE FOUND,False,0,[],False,False,"A wildfire that started near Hitchcock (Blaine County 720 Fire) burned onto USG property. When it reached the property, we notified MSHA. It burned several acres on the mine site. No personnel were injured and no equipment was damaged.",39,"A wildfire that started near Hitchcock (Blaine County 720 Fire) burned onto USG property. When it reached the property, we notified MSHA. It burned several acres on the mine site. No personnel were injured and no equipment was damaged.",False,,,,train_candidate
msha_003489,msha,no_injury_event,00,ACCIDENT ONLY,2024-11-27,2024,3800013,M,"STRIP, QUARY, OPEN PIT",FIRE,"Accident type, without injuries",NO VALUE FOUND,NO VALUE FOUND,NO VALUE FOUND,NO VALUE FOUND,,0,NO VALUE FOUND,False,0,[],False,False,Two contract employees of G & H Mechanical Services welded a 3.5 X 6 inch patch on the outside of the collection chute between the 3A Screen tub and the flume around 7:30 pm. The contractor stated somewhere around 8:10 pm they noticed flames on the 3A wash screen.,49,Two contract employees of G & H Mechanical Services welded a 3.5 X 6 inch patch on the outside of the collection chute between the 3A Screen tub and the flume around 7:30 pm. The contractor stated somewhere around 8:10 pm they noticed flames on the 3A wash screen.,False,,,,train_candidate
msha_003491,msha,no_injury_event,00,ACCIDENT ONLY,2025-09-25,2025,4000103,M,"STRIP, QUARY, OPEN PIT",FIRE,"Accident type, without injuries",NO VALUE FOUND,NO VALUE FOUND,NO VALUE FOUND,NO VALUE FOUND,,0,Ore haulage trucks - off highway trucks,False,0,[],False,False,"4,000psi burst pressure Supply hose to the Brake Valve. Heat shield was still on the turbo however where this hose came out it wasn't blocking any fluid as it sprayed towards the rear of the turbo. All other hoses intact around the area.",43,"4,000psi burst pressure Supply hose to the Brake Valve. Heat shield was still on the turbo however where this hose came out it wasn't blocking any fluid as it sprayed towards the rear of the turbo. All other hoses intact around the area.",False,,,,train_candidate
msha_003495,msha,no_injury_event,00,ACCIDENT ONLY,2024-04-19,2024,4104176,M,OFFICE WORKERS AT MINE SITE,ELECTRICAL,"Accident type, without injuries",NO VALUE FOUND,NO VALUE FOUND,NO VALUE FOUND,NO VALUE FOUND,,0,NO VALUE FOUND,False,0,[],False,False,"At approximately 10:30 am, employee noticed smoke coming out of the scale house at the Pawelekville pit. Ee attempted to put the fire out with extinguisher and was unable to. EE then called 911 and safety. Falls City fire department arrived fire was extinguished. After further investigation, it appears that it was an electrical fire. No injuries occurred due to the fire.",62,"At approximately 10:30 am, employee noticed smoke coming out of the scale house at the Pawelekville pit. Ee attempted to put the fire out with extinguisher and was unable to. EE then called 911 and safety. Falls City fire department arrived fire was extinguished. After further investigation, it appears that it was an electrical fire. No injuries occurred due to the fire.",False,,,,train_candidate
msha_003497,msha,no_injury_event,00,ACCIDENT ONLY,2023-06-22,2023,4202153,M,"STRIP, QUARY, OPEN PIT",MACHINERY,"Accident type, without injuries",NO VALUE FOUND,NO VALUE FOUND,NO VALUE FOUND,NO VALUE FOUND,,0,"Bulldozer, Dozer, Crawler tractor, Push cat",False,0,[],False,False,D-9 dozer was pushing material when the operator turned the machine and pushed off the side of the cut. The machine went too close to the edge and the machine rolled off the embankment. It turned over completely to its right side and down a 20' embankment landing on its tracks. The operator was unharmed except a couple of bumps.,60,D-9 dozer was pushing material when the operator turned the machine and pushed off the side of the cut. The machine went too close to the edge and the machine rolled off the embankment. It turned over completely to its right side and down a 20' embankment landing on its tracks. The operator was unharmed except a couple of bumps.,False,,,,train_candidate
msha_003500,msha,no_injury_event,00,ACCIDENT ONLY,2024-11-29,2024,4404856,C,SURFACE AT UNDERGROUND,HOISTING,"Accident type, without injuries",NO VALUE FOUND,NO VALUE FOUND,NO VALUE FOUND,NO VALUE FOUND,,0,"Elevator, Skip, Cage, Buckets, Mancage, Slope car ",False,0,[],False,False,The Brake Solenoid would not release and had to replace 2 analog input cards on the PLC controller and reprogram.,20,The Brake Solenoid would not release and had to replace 2 analog input cards on the PLC controller and reprogram.,False,,,,train_candidate
msha_003515,msha,fatal,01,FATALITY,2024-05-16,2024,4609062,C,"STRIP, QUARY, OPEN PIT",MACHINERY,Struck against stationary object,"Power shovel, Dragline",GROUND,"UNCLASSIFIED,NOT DETERMED",UNCLASSIFIED,,1,"Shovel, Power shovel, Backhoe, Trackhoe, Dragline - Big Muskie",False,0,[],True,True,Employee was operating an Excavator assisting Dozer operator in removing a big rock on the DC8A pit area. Excavator was between the rock and the top of highwall. Excavator went over the highwall ejecting the employee.,36,Employee was operating an Excavator assisting Dozer operator in removing a big rock on the DC8A pit area. Excavator was between the rock and the top of highwall. Excavator went over the highwall ejecting the employee.,False,,,,train_candidate
msha_003518,msha,no_injury_event,00,ACCIDENT ONLY,2022-07-21,2022,4800992,C,"STRIP, QUARY, OPEN PIT",FIRE,"Accident type, without injuries",NO VALUE FOUND,NO VALUE FOUND,NO VALUE FOUND,NO VALUE FOUND,,0,"Carriage-mounted drills, Rail, Rubber-tired, Jumbo, Air-track drill",False,0,[],False,False,Coal shot started a fire on an unoccupied Coal Drill. No injuries. Fire was put out in 40 minutes.,19,Coal shot started a fire on an unoccupied Coal Drill. No injuries. Fire was put out in 40 minutes.,False,,,,train_candidate
msha_003519,msha,no_injury_event,00,ACCIDENT ONLY,2025-05-22,2025,4801034,C,"STRIP, QUARY, OPEN PIT",FIRE,"Accident type, without injuries",NO VALUE FOUND,NO VALUE FOUND,NO VALUE FOUND,NO VALUE FOUND,,0,NO VALUE FOUND,False,0,[],False,False,Smoker identified in A6 Coal bottom. No personnel or resources at risk.,12,Smoker identified in A6 Coal bottom. No personnel or resources at risk.,False,,,,train_candidate
msha_003525,msha,permanent_impairment,02,PERM TOT OR PERM PRTL DISABLTY,2024-03-05,2024,0200024,M,MILL OPERATION/PREPARATION PLANT,POWERED HAULAGE,"Caught in, under or between a moving and a stationary object","Spot rail cars, Trip riding","STD G RAIL CR,MTR-SURF EQ",AMPUTATION OR ENUCLEATION,FOREARM/ULNAR/RADIUS,173,1,"Locomotive, (motor) - rail-mounted (Battery, Steam, Electric, Air)",False,0,[],True,False,Employee was standing on steps of locomotive to dismount and switch rails when employee fell off train and received severe injury to arm,23,Employee was standing on steps of locomotive to dismount and switch rails when employee fell off train and received severe injury to arm,False,,,,train_candidate
msha_003530,msha,permanent_impairment,02,PERM TOT OR PERM PRTL DISABLTY,2024-03-15,2024,0201221,M,"STRIP, QUARY, OPEN PIT",POWERED HAULAGE,"Caught in, under or between running or meshing objects","Crusher, Breaker",BELT CONVEYORS,AMPUTATION OR ENUCLEATION,FINGER(S)/THUMB,14,1,"Conveyor, Belt feeder, Stage loader, Hopper shaker, Belt structure",False,0,[],True,False,Employee was cleaning mud off a moving conveyor when EE's right middle finger got stuck in the conveyor severing it above the top knuckle.,24,Employee was cleaning mud off a moving conveyor when EE's right middle finger got stuck in the conveyor severing it above the top knuckle.,False,,,,train_candidate
msha_003531,msha,permanent_impairment,02,PERM TOT OR PERM PRTL DISABLTY,2025-04-10,2025,0301730,M,"STRIP, QUARY, OPEN PIT",POWERED HAULAGE,"Caught in, under or between running or meshing objects",Machine maintenance,"DRUM,PULY,SHEAVE-NT CONVY",AMPUTATION OR ENUCLEATION,FINGER(S)/THUMB,11,1,"Conveyor, Belt feeder, Stage loader, Hopper shaker, Belt structure",False,0,[],True,False,"Injured EE(1) instructed EE(2)(Tower Operator) to bump the conveyor on to dislodge a rock. EE(1) had gone back to the tail-pulley and after the ""bump"" saw a rock and reached in to remove it, at that moment EE(2) ""bumped"" the conveyor again, pinching EE(1)'s left index finger in the pulley.",50,"Injured EE(1) instructed EE(2)(Tower Operator) to bump the conveyor on to dislodge a rock. EE(1) had gone back to the tail-pulley and after the ""bump"" saw a rock and reached in to remove it, at that moment EE(2) ""bumped"" the conveyor again, pinching EE(1)'s left index finger in the pulley.",False,,,,train_candidate
msha_003535,msha,permanent_impairment,02,PERM TOT OR PERM PRTL DISABLTY,2024-03-21,2024,0801336,M,"STRIP, QUARY, OPEN PIT",POWERED HAULAGE,Struck by... NEC,Handling supplies or material,"METAL,NEC(PIPE,WIRE,NAIL)",AMPUTATION OR ENUCLEATION,FINGER(S)/THUMB,20,1,"Conveyor, Belt feeder, Stage loader, Hopper shaker, Belt structure",False,0,[],True,False,"Employee was using a piece of rebar in an attempt to dislodge a rock that was wedged between the conveyor frame and the head pulley of the VSI crusher feed conveyor. In doing this, the rebar got between the head pulley and the belt while it was running. This caused the rebar to strike both of EE's hands resulting in the amputation of the left thumb and the tip of the right thumb.",73,"Employee was using a piece of rebar in an attempt to dislodge a rock that was wedged between the conveyor frame and the head pulley of the VSI crusher feed conveyor. In doing this, the rebar got between the head pulley and the belt while it was running. This caused the rebar to strike both of EE's hands resulting in the amputation of the left thumb and the tip of the right thumb.",False,,,,train_candidate
msha_003542,msha,no_injury_event,00,ACCIDENT ONLY,2021-04-24,2021,1100066,M,MILL OPERATION/PREPARATION PLANT,FIRE,"Accident type, without injuries",NO VALUE FOUND,NO VALUE FOUND,NO VALUE FOUND,NO VALUE FOUND,,0,"Conveyor, Belt feeder, Stage loader, Hopper shaker, Belt structure",False,0,[],False,False,A fire in the Mill at #4 Bucket Elevator/4 Unit conveyors was not extinguished within 30 minutes of discovery. No injuries were sustained by Miners because of the fire. The fire started from Hot Work being done to make repairs to the #4 Bucket Elevator. Miners were unsuccessful in their attempts to put out the fire using portable fire extinguishers and 911 was called.,64,A fire in the Mill at #4 Bucket Elevator/4 Unit conveyors was not extinguished within 30 minutes of discovery. No injuries were sustained by Miners because of the fire. The fire started from Hot Work being done to make repairs to the #4 Bucket Elevator. Miners were unsuccessful in their attempts to put out the fire using portable fire extinguishers and 911 was called.,False,,,,train_candidate
msha_003546,msha,no_injury_event,00,ACCIDENT ONLY,2022-09-27,2022,1103203,C,SURFACE AT UNDERGROUND,POWERED HAULAGE,"Accident type, without injuries",NO VALUE FOUND,NO VALUE FOUND,NO VALUE FOUND,NO VALUE FOUND,,0,"Mine car, Ore or coal car, Boxcar, Hopper car",False,0,[],False,False,"The Hoistman was sending down a longwall shield loaded on a shield car that was attached to the Frontier-Kemper Brakeman Car. As the shield car and the brakeman car traveled through the top switch above the slope collar, the brakeman cars front wheels off tracked and hit a track guide rail, causing damage to the brakeman cars front wheels.",59,"The Hoistman was sending down a longwall shield loaded on a shield car that was attached to the Frontier-Kemper Brakeman Car. As the shield car and the brakeman car traveled through the top switch above the slope collar, the brakeman cars front wheels off tracked and hit a track guide rail, causing damage to the brakeman cars front wheels.",False,,,,train_candidate
msha_003547,msha,no_injury_event,00,ACCIDENT ONLY,2025-10-27,2025,1103203,C,SURFACE AT UNDERGROUND,HOISTING,"Accident type, without injuries",NO VALUE FOUND,NO VALUE FOUND,NO VALUE FOUND,NO VALUE FOUND,,0,"Elevator, Skip, Cage, Buckets, Mancage, Slope car ",False,0,[],False,False,The Magnetic brakes on the back set of rail trucks on the brakeman car were damaged. A bolt was found broken on the brake bracket.,25,The Magnetic brakes on the back set of rail trucks on the brakeman car were damaged. A bolt was found broken on the brake bracket.,False,,,,train_candidate
msha_003550,msha,no_injury_event,00,ACCIDENT ONLY,2022-02-19,2022,1301617,M,MILL OPERATION/PREPARATION PLANT,FIRE,"Accident type, without injuries",NO VALUE FOUND,NO VALUE FOUND,NO VALUE FOUND,NO VALUE FOUND,,0,"Conveyor, Belt feeder, Stage loader, Hopper shaker, Belt structure",False,0,[],False,False,"A belt heater malfunctioned causing the C90 conveyor belt to catch on fire. A miner noticed the fire and tried to extinguish it. Once two extinguishers were used the miner could not put the fire out, so EE proceeded to call for someone on the radio to get the fire department on site. The Buffalo fire department came and extinguished the fire.",62,"A belt heater malfunctioned causing the C90 conveyor belt to catch on fire. A miner noticed the fire and tried to extinguish it. Once two extinguishers were used the miner could not put the fire out, so EE proceeded to call for someone on the radio to get the fire department on site. The Buffalo fire department came and extinguished the fire.",False,,,,train_candidate
msha_003551,msha,no_injury_event,00,ACCIDENT ONLY,2023-04-12,2023,1500062,M,SURFACE AT UNDERGROUND,FIRE,"Accident type, without injuries",NO VALUE FOUND,NO VALUE FOUND,NO VALUE FOUND,NO VALUE FOUND,,0,NO VALUE FOUND,False,0,[],False,False,Management was made aware at approximately 9:10 a.m. on 4/12/2023 that there was coal on fire in # 3 storage silo. MSHA was notified at 9:39 a.m. The fire was determined to be out on 4/13/2023 and the K Order was modified by the MSHA inspector. An update was given to the 800 number on 4/13/2023 @ 1:45 p.m.,59,Management was made aware at approximately 9:10 a.m. on 4/12/2023 that there was coal on fire in # 3 storage silo. MSHA was notified at 9:39 a.m. The fire was determined to be out on 4/13/2023 and the K Order was modified by the MSHA inspector. An update was given to the 800 number on 4/13/2023 @ 1:45 p.m.,False,,,,train_candidate
msha_003579,msha,no_injury_event,00,ACCIDENT ONLY,2022-03-01,2022,3000663,M,UNDERGROUND,POWERED HAULAGE,"Accident type, without injuries",NO VALUE FOUND,NO VALUE FOUND,NO VALUE FOUND,NO VALUE FOUND,,0,"Man lift, Lift basket, Basket scaler, Self-propelled hydraulic boom",False,0,[],False,False,"Employee was performing rehab work to the roof in U86 by running a Smag tram scaler. While doing so, a portion of the roof fell next to the machine and partially onto the machine. There was no injury.",38,"Employee was performing rehab work to the roof in U86 by running a Smag tram scaler. While doing so, a portion of the roof fell next to the machine and partially onto the machine. There was no injury.",False,,,,train_candidate
msha_003585,msha,permanent_impairment,02,PERM TOT OR PERM PRTL DISABLTY,2025-01-28,2025,3401970,M,"STRIP, QUARY, OPEN PIT",HANDLING OF MATERIALS,"Caught in, under or between a moving and a stationary object","Handling coal, Rock, Ore","BROKEN ROCK,COAL,ORE,WSTE",AMPUTATION OR ENUCLEATION,FINGER(S)/THUMB,22,1,NO VALUE FOUND,False,0,[],True,False,"Employee was stacking 8x8xRandom tumbled material. While an employee was stacking the rocks, one slipped catching employee's index finger and smashing it and almost tore it completely off. The remaining part of the index finger was surgically removed. The employee was not hospitalized. There was no equipment involved.",48,"Employee was stacking 8x8xRandom tumbled material. While an employee was stacking the rocks, one slipped catching employee's index finger and smashing it and almost tore it completely off. The remaining part of the index finger was surgically removed. The employee was not hospitalized. There was no equipment involved.",False,,,,train_candidate
msha_003589,msha,permanent_impairment,02,PERM TOT OR PERM PRTL DISABLTY,2024-04-02,2024,3603460,M,MILL OPERATION/PREPARATION PLANT,MACHINERY,"Caught in, under or between running or meshing objects",Machine maintenance,"MACHINE-MILL,CLEANING PLT",AMPUTATION OR ENUCLEATION,FINGER(S)/THUMB,30,1,"Milling machinery, Block press, Ballast machine",False,0,[],True,False,EE removed a cover on a slide reached inside and had a finger struck by a rotary feeder.,18,EE removed a cover on a slide reached inside and had a finger struck by a rotary feeder.,False,,,,train_candidate
msha_003595,msha,no_injury_event,00,ACCIDENT ONLY,2023-04-12,2023,4102885,M,MILL OPERATION/PREPARATION PLANT,FIRE,"Accident type, without injuries",NO VALUE FOUND,NO VALUE FOUND,NO VALUE FOUND,NO VALUE FOUND,,0,NO VALUE FOUND,False,0,[],False,False,Tires in the tire station of K1 Preheat Tower caught on fire.,12,Tires in the tire station of K1 Preheat Tower caught on fire.,False,,,,train_candidate
msha_003599,msha,permanent_impairment,02,PERM TOT OR PERM PRTL DISABLTY,2024-02-29,2024,4105440,M,"STRIP, QUARY, OPEN PIT",HANDLING OF MATERIALS,"Caught in, under or between a moving and a stationary object",Machine maintenance,"METAL,NEC(PIPE,WIRE,NAIL)",AMPUTATION OR ENUCLEATION,FINGER(S)/THUMB,,1,"Front-end loader, Tractor-shovel, Payloader, Highlift, Skip loader",False,0,[],True,False,Changing out cylinder in JD 824 employee got tips of fingers between the mount and the cylinder cutting off tips of ring finger and middle finger.,26,Changing out cylinder in JD 824 employee got tips of fingers between the mount and the cylinder cutting off tips of ring finger and middle finger.,False,,,,train_candidate
msha_003600,msha,fatal,01,FATALITY,2026-03-03,2026,4105470,M,MILL OPERATION/PREPARATION PLANT,FALLING/SLIDING/ROLLING MATERIALS,Struck by falling object,"Cement work, Gunite crew","BROKEN ROCK,COAL,ORE,WSTE",CRUSHING,MULTIPLE PARTS (MORE THAN ONE MAJOR),0,1,NO VALUE FOUND,False,0,[],True,True,A contractor died after a concrete retaining wall collapsed into the excavated trench below crushing EE.,16,A contractor died after a concrete retaining wall collapsed into the excavated trench below crushing EE.,False,,,,train_candidate
msha_003601,msha,no_injury_event,00,ACCIDENT ONLY,2023-02-09,2023,4200147,M,SURFACE AT UNDERGROUND,HOISTING,"Accident type, without injuries",NO VALUE FOUND,NO VALUE FOUND,NO VALUE FOUND,NO VALUE FOUND,,0,"Elevator, Skip, Cage, Buckets, Mancage, Slope car ",False,0,[],False,False,The site lost feed power from the electric provider. This rendered the secondary escape hoist inoperable. We evacuated the mine until power was restored.,24,The site lost feed power from the electric provider. This rendered the secondary escape hoist inoperable. We evacuated the mine until power was restored.,False,,,,train_candidate
msha_003607,msha,no_injury_event,00,ACCIDENT ONLY,2023-06-02,2023,4404982,C,MILL OPERATION/PREPARATION PLANT,FIRE,"Accident type, without injuries",NO VALUE FOUND,NO VALUE FOUND,NO VALUE FOUND,NO VALUE FOUND,,0,NO VALUE FOUND,False,0,[],False,False,The #3 clean Coal belt line caught fire from the take up to the head drive. The fire could not be extinguished within 30 minutes.,25,The #3 clean Coal belt line caught fire from the take up to the head drive. The fire could not be extinguished within 30 minutes.,False,,,,train_candidate
msha_003609,msha,no_injury_event,00,ACCIDENT ONLY,2022-01-01,2022,4600015,M,MILL OPERATION/PREPARATION PLANT,FIRE,"Accident type, without injuries",NO VALUE FOUND,NO VALUE FOUND,NO VALUE FOUND,NO VALUE FOUND,,0,"Milling machinery, Block press, Ballast machine",False,0,[],False,False,The guard was removed from the ring gear and the cause of the fire was determined to be from oil leaking onto the hot kiln causing the oil to reach flash point and catch fire. The fire was discovered at approx. 5:50 AM during shift change and fire extinguishers were used to control and put out the fire.,58,The guard was removed from the ring gear and the cause of the fire was determined to be from oil leaking onto the hot kiln causing the oil to reach flash point and catch fire. The fire was discovered at approx. 5:50 AM during shift change and fire extinguishers were used to control and put out the fire.,False,,,,train_candidate
msha_003617,msha,fatal,01,FATALITY,2025-08-07,2025,4703973,M,"STRIP, QUARY, OPEN PIT",POWERED HAULAGE,Struck against a moving object,Front-end loader,SURFACE MINING MACHINES,CRUSHING,MULTIPLE PARTS (MORE THAN ONE MAJOR),,1,"Front-end loader, Tractor-shovel, Payloader, Highlift, Skip loader",False,0,[],True,True,UNKNOWN AT TIME OF REPORT. A miner died when the front-end loader EE was operating went over a highwall and fell approximately 70 feet.,24,UNKNOWN AT TIME OF REPORT. A miner died when the front-end loader EE was operating went over a highwall and fell approximately 70 feet.,False,,,,train_candidate
msha_003622,msha,no_injury_event,00,ACCIDENT ONLY,2005-06-23,2005,4801353,C,"STRIP, QUARY, OPEN PIT",FIRE,"Accident type, without injuries",NO VALUE FOUND,NO VALUE FOUND,NO VALUE FOUND,NO VALUE FOUND,0,0,NO VALUE FOUND,True,2,"[""oilwell""]",False,False,A fire was started by spontaneous combustion on top of shot coal in the east oilwell pit. The wind spread the fire preventing it from being extinguished immediately. The fire was cooled by applying water and the coal was dozed up and buried in overburden.,45,A fire was started by spontaneous combustion on top of shot coal in the east oilwell pit. The wind spread the fire preventing it from being extinguished immediately. The fire was cooled by applying water and the coal was dozed up and buried in overburden.,False,,,,train_candidate
msha_003628,msha,no_injury_event,00,ACCIDENT ONLY,2025-02-17,2025,0100851,C,SURFACE AT UNDERGROUND,HOISTING,"Accident type, without injuries",NO VALUE FOUND,NO VALUE FOUND,NO VALUE FOUND,NO VALUE FOUND,,0,"Elevator, Skip, Cage, Buckets, Mancage, Slope car ",False,0,[],False,False,"The SP Material Hoist was taken out of service after finding broken strands in the rope. The broke strands made the rope meet is retirement criteria. The rope was changed, the hoist tested, and placed back into service.",38,"The SP Material Hoist was taken out of service after finding broken strands in the rope. The broke strands made the rope meet is retirement criteria. The rope was changed, the hoist tested, and placed back into service.",False,,,,train_candidate
msha_003629,msha,no_injury_event,00,ACCIDENT ONLY,2026-03-11,2026,0101401,C,SURFACE AT UNDERGROUND,HOISTING,"Accident type, without injuries",NO VALUE FOUND,NO VALUE FOUND,NO VALUE FOUND,NO VALUE FOUND,,0,"Elevator, Skip, Cage, Buckets, Mancage, Slope car ",False,0,[],False,False,"A non-injury accident occurred involving 7-10 hoist, Employee put a drop deck supply car on the elevator and the car was mis-aligned on the elevator causing the draw head of the car to strike the west side of the shaft resulting in elevator to be removed from service for approx. 3 hours.",52,"A non-injury accident occurred involving 7-10 hoist, Employee put a drop deck supply car on the elevator and the car was mis-aligned on the elevator causing the draw head of the car to strike the west side of the shaft resulting in elevator to be removed from service for approx. 3 hours.",False,,,,train_candidate
msha_003630,msha,no_injury_event,00,ACCIDENT ONLY,2023-08-07,2023,0102901,C,SURFACE AT UNDERGROUND,HOISTING,"Accident type, without injuries",NO VALUE FOUND,NO VALUE FOUND,NO VALUE FOUND,NO VALUE FOUND,,0,"Elevator, Skip, Cage, Buckets, Mancage, Slope car ",False,0,[],False,False,Lost power to surface areas causing the main hoist to be down.,12,Lost power to surface areas causing the main hoist to be down.,False,,,,train_candidate
msha_003636,msha,fatal,01,FATALITY,2025-07-29,2025,0400231,M,"STRIP, QUARY, OPEN PIT",MACHINERY,Struck against a moving object,"Power shovel, Dragline",SURFACE MINING MACHINES,MULTIPLE INJURIES,MULTIPLE PARTS (MORE THAN ONE MAJOR),,1,"Shovel, Power shovel, Backhoe, Trackhoe, Dragline - Big Muskie",False,0,[],True,True,"Operator was backing up close to the edge at a berm and was facing the opposite way. Operator was pulled backwards by the counter weight, operator attempted to turn the machine to stop it from rolling into the ditch.",39,"Operator was backing up close to the edge at a berm and was facing the opposite way. Operator was pulled backwards by the counter weight, operator attempted to turn the machine to stop it from rolling into the ditch.",False,,,,train_candidate
msha_003642,msha,fatal,01,FATALITY,2024-03-01,2024,0800798,M,"STRIP, QUARY, OPEN PIT",MACHINERY,Struck by... NEC,Hand tools (powered),"METAL,NEC(PIPE,WIRE,NAIL)",MULTIPLE INJURIES,MULTIPLE PARTS (MORE THAN ONE MAJOR),,1,"Front-end loader, Tractor-shovel, Payloader, Highlift, Skip loader",False,0,[],True,True,"During a pipe breaking operation by the float crew on the #5 Matrix line near the #8 Lift Pump, the Leaderman was struck by a pipe and suffered fatal injuries. The investigation of the accident by MSHA and the company is ongoing. Autopsy results are also pending.",47,"During a pipe breaking operation by the float crew on the #5 Matrix line near the #8 Lift Pump, the Leaderman was struck by a pipe and suffered fatal injuries. The investigation of the accident by MSHA and the company is ongoing. Autopsy results are also pending.",False,,,,train_candidate
msha_003643,msha,no_injury_event,00,ACCIDENT ONLY,2026-05-12,2026,0800931,M,"STRIP, QUARY, OPEN PIT",FIRE,"Accident type, without injuries",NO VALUE FOUND,NO VALUE FOUND,NO VALUE FOUND,NO VALUE FOUND,,0,"Shovel, Power shovel, Backhoe, Trackhoe, Dragline - Big Muskie",False,0,[],False,False,"The excavator was parked 20-25 ft from an energized 13.8 kV overhead power line. During inspection, the boom entered the unsafe proximity zone and contacted the energized line, causing an electrical fault. Sparks and hot particles ignited nearby dry vegetation.",40,"The excavator was parked 20-25 ft from an energized 13.8 kV overhead power line. During inspection, the boom entered the unsafe proximity zone and contacted the energized line, causing an electrical fault. Sparks and hot particles ignited nearby dry vegetation.",False,,,,train_candidate
msha_003649,msha,fatal,01,FATALITY,2025-03-05,2025,1100111,M,"STRIP, QUARY, OPEN PIT",EXPLOSIVES AND BREAKING AGENTS,Struck by flying object,Supervise,"BROKEN ROCK,COAL,ORE,WSTE",CRUSHING,"HEAD, MULTIPLE PARTS",,1,NO VALUE FOUND,False,0,[],True,True,"The detonator had a dead battery. In order to set off the shot, employee brought up a loader. The loader battery was used to set the shot off. Employee was unable to be inside the shelter provided for blasting.",39,"The detonator had a dead battery. In order to set off the shot, employee brought up a loader. The loader battery was used to set the shot off. Employee was unable to be inside the shelter provided for blasting.",False,,,,train_candidate
msha_003653,msha,no_injury_event,00,ACCIDENT ONLY,2022-07-15,2022,1103143,C,MILL OPERATION/PREPARATION PLANT,FIRE,"Accident type, without injuries",NO VALUE FOUND,NO VALUE FOUND,NO VALUE FOUND,NO VALUE FOUND,,0,NO VALUE FOUND,False,0,[],False,False,A hot spot was discovered on the West side of the PEEP raw coal pad. No one was injured. The affected material was moved into the feeder by a dozer to be washed.,33,A hot spot was discovered on the West side of the PEEP raw coal pad. No one was injured. The affected material was moved into the feeder by a dozer to be washed.,False,,,,train_candidate
msha_003656,msha,no_injury_event,00,ACCIDENT ONLY,2021-05-25,2021,1202394,C,SURFACE AT UNDERGROUND,HOISTING,"Accident type, without injuries",NO VALUE FOUND,NO VALUE FOUND,NO VALUE FOUND,NO VALUE FOUND,,0,"Elevator, Skip, Cage, Buckets, Mancage, Slope car ",False,0,[],False,False,The emergency hoist was being inspected during the quarterly exam and when the examiner engaged the down function on the hoist the hoist malfunctioned and started unwinding while still sitting on the surface platform. During the investigation it was discovered that the cage rest sensor was bad.,47,The emergency hoist was being inspected during the quarterly exam and when the examiner engaged the down function on the hoist the hoist malfunctioned and started unwinding while still sitting on the surface platform. During the investigation it was discovered that the cage rest sensor was bad.,False,,,,train_candidate
msha_003668,msha,permanent_impairment,02,PERM TOT OR PERM PRTL DISABLTY,2025-10-24,2025,1700938,M,"STRIP, QUARY, OPEN PIT",POWERED HAULAGE,Struck by powered moving object,Inspect equipment or mine,SURFACE MINING MACHINES,AMPUTATION OR ENUCLEATION,"LEG, NEC",,1,"Front-end loader, Tractor-shovel, Payloader, Highlift, Skip loader",False,0,[],True,False,"Excavator Operator got out of the machine, went down to stock pile coming off the conveyor of a screen to check material they were screening. The Loader Operator went into stock pile not seeing the man and started to take a bucket out and hit the man on the ground. I believe sun caused blindness.",55,"Excavator Operator got out of the machine, went down to stock pile coming off the conveyor of a screen to check material they were screening. The Loader Operator went into stock pile not seeing the man and started to take a bucket out and hit the man on the ground. I believe sun caused blindness.",False,,,,train_candidate
msha_003669,msha,no_injury_event,00,ACCIDENT ONLY,2024-09-30,2024,2000038,M,MILL OPERATION/PREPARATION PLANT,HOISTING,"Accident type, without injuries",NO VALUE FOUND,NO VALUE FOUND,NO VALUE FOUND,NO VALUE FOUND,,0,"Elevator, Skip, Cage, Buckets, Mancage, Slope car ",False,0,[],False,False,Contractor was going up in the finish and adjusted backpack resulting in the safety trip to engage in elevator.,19,Contractor was going up in the finish and adjusted backpack resulting in the safety trip to engage in elevator.,False,,,,train_candidate
msha_003673,msha,no_injury_event,00,ACCIDENT ONLY,2019-08-25,2019,2400839,C,"STRIP, QUARY, OPEN PIT",FIRE,"Accident type, without injuries",NO VALUE FOUND,NO VALUE FOUND,NO VALUE FOUND,NO VALUE FOUND,,0,NO VALUE FOUND,False,0,[],False,False,"All evidence indicates that a bird got into a 34,500 kV overhead power line near the West Decker prill silos. The resulting incineration of the bird resulted in approximately 50 acres of native rangeland being burned. Other than 2 power poles being charred, no structures or equipment were near the fire.",51,"All evidence indicates that a bird got into a 34,500 kV overhead power line near the West Decker prill silos. The resulting incineration of the bird resulted in approximately 50 acres of native rangeland being burned. Other than 2 power poles being charred, no structures or equipment were near the fire.",False,,,,train_candidate
msha_003677,msha,no_injury_event,00,ACCIDENT ONLY,2021-08-03,2021,2601962,M,"STRIP, QUARY, OPEN PIT",FIRE,"Accident type, without injuries",NO VALUE FOUND,NO VALUE FOUND,NO VALUE FOUND,NO VALUE FOUND,,0,"Trucks, Service truck, Utility truck, Pickup, Water truck, Fuel truck",False,0,[],False,False,Water truck was traveling down a grade fully loaded when the operator noticed flames coming from the right rear wheels. Operator safely stopped the truck and exited the cab after initiating a Mayday call.,34,Water truck was traveling down a grade fully loaded when the operator noticed flames coming from the right rear wheels. Operator safely stopped the truck and exited the cab after initiating a Mayday call.,False,,,,train_candidate
msha_003681,msha,no_injury_event,00,ACCIDENT ONLY,2023-10-31,2023,2602711,M,SURFACE AT UNDERGROUND,HOISTING,"Accident type, without injuries",NO VALUE FOUND,NO VALUE FOUND,NO VALUE FOUND,NO VALUE FOUND,,0,"Elevator, Skip, Cage, Buckets, Mancage, Slope car ",False,0,[],False,False,During use the materials hoist stopped due to the brakes locking to the hoist drum. After investigation it was found that a failed brake control sensor caused the brakes to engage.,31,During use the materials hoist stopped due to the brakes locking to the hoist drum. After investigation it was found that a failed brake control sensor caused the brakes to engage.,False,,,,train_candidate
msha_003691,msha,no_injury_event,00,ACCIDENT ONLY,2019-12-06,2019,3000663,M,SURFACE AT UNDERGROUND,HOISTING,"Accident type, without injuries",NO VALUE FOUND,NO VALUE FOUND,NO VALUE FOUND,NO VALUE FOUND,,0,"Elevator, Skip, Cage, Buckets, Mancage, Slope car ",False,0,[],False,False,"Skip parked at landing (estop engaged), hydraulic pumps started. The hoist operator saw that faults came up & wouldn't clear. We troubleshot, but no fix. Called our elec. eng. & manufacturer. Manufacturer ran troubleshooting but wouldn't reset. Called MSHA at 615pm, started evacuation. Manufacturer got online & figured out what breaker was tripped, we reset, ran test trips, fixed.",59,"Skip parked at landing (estop engaged), hydraulic pumps started. The hoist operator saw that faults came up & wouldn't clear. We troubleshot, but no fix. Called our elec. eng. & manufacturer. Manufacturer ran troubleshooting but wouldn't reset. Called MSHA at 615pm, started evacuation. Manufacturer got online & figured out what breaker was tripped, we reset, ran test trips, fixed.",False,,,,train_candidate
msha_003692,msha,no_injury_event,00,ACCIDENT ONLY,2022-03-09,2022,3000663,M,SURFACE AT UNDERGROUND,HOISTING,"Accident type, without injuries",NO VALUE FOUND,NO VALUE FOUND,NO VALUE FOUND,NO VALUE FOUND,,0,"Elevator, Skip, Cage, Buckets, Mancage, Slope car ",False,0,[],False,False,"Fuse in drive cabinet blew for #2 hoist, evac called, everyone out of mine. Fuse was replaced, hoist back up and operating at 12:00am",24,"Fuse in drive cabinet blew for #2 hoist, evac called, everyone out of mine. Fuse was replaced, hoist back up and operating at 12:00am",False,,,,train_candidate
msha_003701,msha,no_injury_event,00,ACCIDENT ONLY,2019-03-26,2019,3606468,M,MILL OPERATION/PREPARATION PLANT,FIRE,"Accident type, without injuries",NO VALUE FOUND,NO VALUE FOUND,NO VALUE FOUND,NO VALUE FOUND,,0,"Milling machinery, Block press, Ballast machine",False,0,[],False,False,"Oil from the Kiln 6 drive gear sump contacted the kiln shell, exceeding the oil's flashpoint and started a fire. The kiln was shut down for 36 hours to replace the guard, which had buckled due to the heat of the fire.",42,"Oil from the Kiln 6 drive gear sump contacted the kiln shell, exceeding the oil's flashpoint and started a fire. The kiln was shut down for 36 hours to replace the guard, which had buckled due to the heat of the fire.",False,,,,train_candidate
msha_003716,msha,fatal,01,FATALITY,2025-12-22,2025,4400081,M,MILL OPERATION/PREPARATION PLANT,EXPLODING VESSELS UNDER PRESSURE,Contact with hot objects or substances,Welding or cutting,"FLAME,FIRE,SMOKE,NEC",BURN OR SCALD (HEAT),"HEAD, MULTIPLE PARTS",,1,"Crusher, Breaker, Mills (ball and rod), Feeder breaker",False,0,[],True,True,The injured employee was performing maintenance on a rock crusher using a cutting torch when a fire occurred. The injured employee received burns to EE's body and which ultimately proved fatal.,31,The injured employee was performing maintenance on a rock crusher using a cutting torch when a fire occurred. The injured employee received burns to EE's body and which ultimately proved fatal.,False,,,,train_candidate
msha_003717,msha,no_injury_event,00,ACCIDENT ONLY,2022-08-24,2022,4400101,M,"STRIP, QUARY, OPEN PIT",EXPLOSIVES AND BREAKING AGENTS,"Accident type, without injuries",NO VALUE FOUND,NO VALUE FOUND,NO VALUE FOUND,NO VALUE FOUND,,0,NO VALUE FOUND,False,0,[],False,False,"Hanson Front Royal quarry contracted with Austin Powder. Austin Powder fired a routine blast in the Front Royal quarry. During the blast, fly rock escaped the quarry exiting onto a four lane highway and striking a business and individual across the street.",42,"Hanson Front Royal quarry contracted with Austin Powder. Austin Powder fired a routine blast in the Front Royal quarry. During the blast, fly rock escaped the quarry exiting onto a four lane highway and striking a business and individual across the street.",False,,,,train_candidate
msha_003721,msha,no_injury_event,00,ACCIDENT ONLY,2024-03-19,2024,4605252,C,SURFACE AT UNDERGROUND,HOISTING,"Accident type, without injuries",NO VALUE FOUND,NO VALUE FOUND,NO VALUE FOUND,NO VALUE FOUND,,0,"Elevator, Skip, Cage, Buckets, Mancage, Slope car ",False,0,[],False,False,The cord to the elevator door switch was damaged. This caused the elevator to not work from 11:30PM until 1:35AM on the 20th. There were no employees when this occurred.,30,The cord to the elevator door switch was damaged. This caused the elevator to not work from 11:30PM until 1:35AM on the 20th. There were no employees when this occurred.,False,,,,train_candidate
msha_003726,msha,no_injury_event,00,ACCIDENT ONLY,2023-01-04,2023,4609522,C,SURFACE AT UNDERGROUND,HOISTING,"Accident type, without injuries",NO VALUE FOUND,NO VALUE FOUND,NO VALUE FOUND,NO VALUE FOUND,,0,"Elevator, Skip, Cage, Buckets, Mancage, Slope car ",False,0,[],False,False,"During a routine required check, the emergency hoist did not operate properly due to a malfunction of a limit switch. All personnel were immediately evacuated from the mine until repairs were made. NO persons were injured or trapped during this event. The alternate escapeway was still available. The repairs were completed that evening, the hoist tested and performed as required.",60,"During a routine required check, the emergency hoist did not operate properly due to a malfunction of a limit switch. All personnel were immediately evacuated from the mine until repairs were made. NO persons were injured or trapped during this event. The alternate escapeway was still available. The repairs were completed that evening, the hoist tested and performed as required.",False,,,,train_candidate
msha_003730,msha,no_injury_event,00,ACCIDENT ONLY,2019-07-28,2019,4801200,C,"STRIP, QUARY, OPEN PIT",FIRE,"Accident type, without injuries",NO VALUE FOUND,NO VALUE FOUND,NO VALUE FOUND,NO VALUE FOUND,,0,NO VALUE FOUND,False,0,[],False,False,There was not a specific incident and no structural fires. Buckskin had several coal smokers in the pit that were causing smoke to hang over the west portion of the mine and then drift toward some homes located west of the mine. Due to the smell of the smoking coal a home owner called in to MSHA.,57,There was not a specific incident and no structural fires. Buckskin had several coal smokers in the pit that were causing smoke to hang over the west portion of the mine and then drift toward some homes located west of the mine. Due to the smell of the smoking coal a home owner called in to MSHA.,False,,,,train_candidate
msha_003731,msha,no_injury_event,00,ACCIDENT ONLY,2020-07-27,2020,4801337,C,"STRIP, QUARY, OPEN PIT",FIRE,"Accident type, without injuries",NO VALUE FOUND,NO VALUE FOUND,NO VALUE FOUND,NO VALUE FOUND,,0,NO VALUE FOUND,False,0,[],False,False,Hot coal was discovered on a highwall creating smoke. No flame observed. No miners were working in the area. The hot coal was covered with dirt eliminating the issue.,29,Hot coal was discovered on a highwall creating smoke. No flame observed. No miners were working in the area. The hot coal was covered with dirt eliminating the issue.,False,,,,train_candidate
msha_003734,msha,no_injury_event,00,ACCIDENT ONLY,2026-04-16,2026,5001642,M,UNDERGROUND,FIRE,"Accident type, without injuries",NO VALUE FOUND,NO VALUE FOUND,NO VALUE FOUND,NO VALUE FOUND,,0,"Mucking machine, Overshot loader, Cryderman",False,0,[],False,False,"The loader operator observed smoke in the loader engine. The IP discovered a minor fire, then extinguished the fire, called an emergency, the mine was evacuated, Mine Rescue team verified the fire was out, the IP was taken from refuge chamber to the surface, cleared medically from the onsite clinic, then released to return to work with no restrictions.",59,"The loader operator observed smoke in the loader engine. The IP discovered a minor fire, then extinguished the fire, called an emergency, the mine was evacuated, Mine Rescue team verified the fire was out, the IP was taken from refuge chamber to the surface, cleared medically from the onsite clinic, then released to return to work with no restrictions.",False,,,,train_candidate
msha_003735,msha,no_injury_event,00,ACCIDENT ONLY,2025-10-10,2025,0100851,C,SURFACE AT UNDERGROUND,HOISTING,"Accident type, without injuries",NO VALUE FOUND,NO VALUE FOUND,NO VALUE FOUND,NO VALUE FOUND,,0,"Elevator, Skip, Cage, Buckets, Mancage, Slope car ",False,0,[],False,False,The #5 Escape Capsule was taken out of service after the hydraulics failed to release. It was found that there was a failure inside the hydraulic pump and it needed rebuilt.,31,The #5 Escape Capsule was taken out of service after the hydraulics failed to release. It was found that there was a failure inside the hydraulic pump and it needed rebuilt.,False,,,,train_candidate
msha_003740,msha,no_injury_event,00,ACCIDENT ONLY,2020-01-24,2020,0103285,C,"STRIP, QUARY, OPEN PIT",FIRE,"Accident type, without injuries",NO VALUE FOUND,NO VALUE FOUND,NO VALUE FOUND,NO VALUE FOUND,,0,"Bulldozer, Dozer, Crawler tractor, Push cat",False,0,[],False,False,"While moving the Cat bulldozer off of the spoil to have maintenance work preformed, a fire was discovered under the operators cab floor board. The operator immediately shut down the equipment and fire extinguishers were used to try and extinguish the fire. fire department was called to finish putting out the fire.",52,"While moving the Cat bulldozer off of the spoil to have maintenance work preformed, a fire was discovered under the operators cab floor board. The operator immediately shut down the equipment and fire extinguishers were used to try and extinguish the fire. fire department was called to finish putting out the fire.",False,,,,train_candidate
msha_003743,msha,permanent_impairment,02,PERM TOT OR PERM PRTL DISABLTY,2025-05-06,2025,0302090,M,"STRIP, QUARY, OPEN PIT",MACHINERY,"Caught in, under or between running or meshing objects",Machine maintenance,"MACHINE-MILL,CLEANING PLT",AMPUTATION OR ENUCLEATION,"ARM,NEC",371,1,"Crusher, Breaker, Mills (ball and rod), Feeder breaker",False,0,[],True,False,"Guard on Cone was removed to replace skirt rubber, after employee adjusting conveyor while the guard was off for better visibility. Small amount of material was noticed inside the belt and tried to remove it with their crescent wrench, when the wrench became caught in the tail pulley, the employee's left arm was removed as a result of the entanglement within the tail pulley.",64,"Guard on Cone was removed to replace skirt rubber, after employee adjusting conveyor while the guard was off for better visibility. Small amount of material was noticed inside the belt and tried to remove it with their crescent wrench, when the wrench became caught in the tail pulley, the employee's left arm was removed as a result of the entanglement within the tail pulley.",False,,,,train_candidate
msha_003749,msha,fatal,01,FATALITY,2023-01-27,2023,0900143,M,"STRIP, QUARY, OPEN PIT",ELECTRICAL,Contact with electrical current,Getting on or off equipment,"ELECTRICAL APPARATUS,NEC","ELECT SHOCK,ELECTROCUTION",BODY SYSTEMS,,2,Ore haulage trucks - off highway trucks,False,0,[],True,True,"Investigation is still under way and an autopsy is being performed to determine cause. *Per the prelim: Two contractors were electrocuted when a 14,400-volt overhead power line came in contact with their off-road dump trucks, and the contractors exited their trucks and contacted the ground.",45,"Investigation is still under way and an autopsy is being performed to determine cause. *Per the prelim: Two contractors were electrocuted when a 14,400-volt overhead power line came in contact with their off-road dump trucks, and the contractors exited their trucks and contacted the ground.",False,,,,train_candidate
msha_003751,msha,no_injury_event,00,ACCIDENT ONLY,2020-01-21,2020,1000082,M,SURFACE AT UNDERGROUND,HOISTING,"Accident type, without injuries",NO VALUE FOUND,NO VALUE FOUND,NO VALUE FOUND,NO VALUE FOUND,,0,"Elevator, Skip, Cage, Buckets, Mancage, Slope car ",False,0,[],False,False,"No. 3 Hoist - limit switch was out of adjustment on south brake track; was readjusted; during night muck hoisting limit switch was again out of adjustment due to expansion of brake track, computer shut hoist down.",37,"No. 3 Hoist - limit switch was out of adjustment on south brake track; was readjusted; during night muck hoisting limit switch was again out of adjustment due to expansion of brake track, computer shut hoist down.",False,,,,train_candidate
msha_003758,msha,no_injury_event,00,ACCIDENT ONLY,2019-11-01,2019,1103143,C,MILL OPERATION/PREPARATION PLANT,FIRE,"Accident type, without injuries",NO VALUE FOUND,NO VALUE FOUND,NO VALUE FOUND,NO VALUE FOUND,,0,NO VALUE FOUND,False,0,[],False,False,Smoke was observed coming from the North East side of the raw coal pile located near the Prairie Eagle East Portal. Actions were taken to treat and remove the affected material.,31,Smoke was observed coming from the North East side of the raw coal pile located near the Prairie Eagle East Portal. Actions were taken to treat and remove the affected material.,False,,,"[""msha_004094""]",train_candidate
msha_003767,msha,no_injury_event,00,ACCIDENT ONLY,2023-04-15,2023,1519106,M,"STRIP, QUARY, OPEN PIT",ELECTRICAL,"Accident type, without injuries",NO VALUE FOUND,NO VALUE FOUND,NO VALUE FOUND,NO VALUE FOUND,,0,NO VALUE FOUND,False,0,[],False,False,We believe the conveyor belt was hit by lightening causing the belt to catch fire.,15,We believe the conveyor belt was hit by lightening causing the belt to catch fire.,False,,,,train_candidate
msha_003769,msha,no_injury_event,00,ACCIDENT ONLY,2025-07-27,2025,2000038,M,MILL OPERATION/PREPARATION PLANT,HOISTING,"Accident type, without injuries",NO VALUE FOUND,NO VALUE FOUND,NO VALUE FOUND,NO VALUE FOUND,,0,"Elevator, Skip, Cage, Buckets, Mancage, Slope car ",False,0,[],False,False,Employee was using the elevator to go up to the 12 pack when the elevator stopped due to a limit switch failing.,22,Employee was using the elevator to go up to the 12 pack when the elevator stopped due to a limit switch failing.,False,,,,train_candidate
msha_003770,msha,fatal,01,FATALITY,2002-12-09,2002,2000041,M,"STRIP, QUARY, OPEN PIT",MACHINERY,Struck by falling object,Welding or cutting,"SCAFFOLDS,STAGING,ETC",MULTIPLE INJURIES,CHEST (RIBS/BREAST BONE/CHEST ORGNS),,1,"Conveyor, Belt feeder, Stage loader, Hopper shaker, Belt structure",False,1,"[""catwalk""]",True,True,"Employee was removing a section of catwalk. He crawled under the catwalk and cut the support bolts, allowing the section to fall on him.",24,"Employee was removing a section of catwalk. He crawled under the catwalk and cut the support bolts, allowing the section to fall on him.",False,,,,train_candidate
msha_003774,msha,fatal,01,FATALITY,2025-08-25,2025,2302459,M,"STRIP, QUARY, OPEN PIT",POWERED HAULAGE,Struck against a moving object,Haulage or Dump truck,"HGHWY ORE CARIER,LRGE TRK",MULTIPLE INJURIES,MULTIPLE PARTS (MORE THAN ONE MAJOR),,1,Ore haulage trucks - off highway trucks,False,0,[],True,True,"Haul truck driver was going to pit to get loaded, traveled over berm, truck landed on cab in water",19,"Haul truck driver was going to pit to get loaded, traveled over berm, truck landed on cab in water",False,,,,train_candidate
msha_003782,msha,no_injury_event,00,ACCIDENT ONLY,2019-07-22,2019,2602697,M,MILL OPERATION/PREPARATION PLANT,ELECTRICAL,"Accident type, without injuries",NO VALUE FOUND,NO VALUE FOUND,NO VALUE FOUND,NO VALUE FOUND,,0,NO VALUE FOUND,False,0,[],False,False,"A lightning strike 1/2 mile from Emigrant CIC plant initiated a small wild land fire. This location is within the POO boundary of the Emigrant mine site. As this fire was small, the location was quite inaccessible and before the MERT members that had been dispatched to Emigrant for an unrelated event could access the fire an air attack plane extinguished the fire.",63,"A lightning strike 1/2 mile from Emigrant CIC plant initiated a small wild land fire. This location is within the POO boundary of the Emigrant mine site. As this fire was small, the location was quite inaccessible and before the MERT members that had been dispatched to Emigrant for an unrelated event could access the fire an air attack plane extinguished the fire.",False,,,,train_candidate
msha_003789,msha,no_injury_event,00,ACCIDENT ONLY,2023-04-27,2023,3001291,M,"STRIP, QUARY, OPEN PIT",FIRE,"Accident type, without injuries",NO VALUE FOUND,NO VALUE FOUND,NO VALUE FOUND,NO VALUE FOUND,,0,NO VALUE FOUND,False,0,[],False,False,Unplanned fire on the property was observed at 8:30pm. Fire dpt was dispatched at 8:30pm. Site personnel confirmed dry tower area/belting was on fire at 9:15pm. Fire was extinguished by local fire dpt around 9:30pm. Hot work activities that occurred on the dry tower area around 7:30pm are believed to be a contributing factor. Last employee left the site around 7:53pm.,61,Unplanned fire on the property was observed at 8:30pm. Fire dpt was dispatched at 8:30pm. Site personnel confirmed dry tower area/belting was on fire at 9:15pm. Fire was extinguished by local fire dpt around 9:30pm. Hot work activities that occurred on the dry tower area around 7:30pm are believed to be a contributing factor. Last employee left the site around 7:53pm.,False,,,,train_candidate
msha_003803,msha,no_injury_event,00,ACCIDENT ONLY,2020-08-08,2020,3800007,M,MILL OPERATION/PREPARATION PLANT,FIRE,"Accident type, without injuries",NO VALUE FOUND,NO VALUE FOUND,NO VALUE FOUND,NO VALUE FOUND,,0,NO VALUE FOUND,False,0,[],False,False,"The conveyor, 471-DB-01, had been sprayed with used oil on 08/07/2020. On 08/08/2020 the kiln/cooler system became upset and caused unusually hot material to reach the conveyor. Once the hot material reached the conveyor, the oil that had been sprayed on the conveyor ignited. The fire was extinguished in approximately 35 minutes. There were no injuries associated with this event.",60,"The conveyor, 471-DB-01, had been sprayed with used oil on 08/07/2020. On 08/08/2020 the kiln/cooler system became upset and caused unusually hot material to reach the conveyor. Once the hot material reached the conveyor, the oil that had been sprayed on the conveyor ignited. The fire was extinguished in approximately 35 minutes. There were no injuries associated with this event.",False,,,,train_candidate
msha_003804,msha,no_injury_event,00,ACCIDENT ONLY,2026-03-22,2026,3800007,M,MILL OPERATION/PREPARATION PLANT,FIRE,"Accident type, without injuries",NO VALUE FOUND,NO VALUE FOUND,NO VALUE FOUND,NO VALUE FOUND,,0,NO VALUE FOUND,False,0,[],False,False,A fire was observed at the northeast corner of the clinker cooler. Oil that leaked from the hydraulic system was ignited by hot material (approximately 1500F) that came from an undetected hole in the wall of the clinker cooler,39,A fire was observed at the northeast corner of the clinker cooler. Oil that leaked from the hydraulic system was ignited by hot material (approximately 1500F) that came from an undetected hole in the wall of the clinker cooler,False,,,,train_candidate
msha_003805,msha,no_injury_event,00,ACCIDENT ONLY,2024-04-26,2024,3800600,M,SURFACE AT UNDERGROUND,FIRE,"Accident type, without injuries",NO VALUE FOUND,NO VALUE FOUND,NO VALUE FOUND,NO VALUE FOUND,,0,"Shovel, Power shovel, Backhoe, Trackhoe, Dragline - Big Muskie",False,0,[],False,False,A Cat 349 excavator caught fire while placing logs on a fire when the excavator caught fire. The operator exited the cab and moved away from the machine unharmed. The fire department responded but was unable to extinguish the fire due to the location of the excavator. The excavator was a total loss.,53,A Cat 349 excavator caught fire while placing logs on a fire when the excavator caught fire. The operator exited the cab and moved away from the machine unharmed. The fire department responded but was unable to extinguish the fire due to the location of the excavator. The excavator was a total loss.,False,,,,train_candidate
msha_003806,msha,permanent_impairment,02,PERM TOT OR PERM PRTL DISABLTY,2023-08-10,2023,4000170,M,SURFACE AT UNDERGROUND,POWERED HAULAGE,"Caught in, under or between running or meshing objects",Handling supplies or material,"FORKLIFTS,STACKERS,TRCTR",AMPUTATION OR ENUCLEATION,FINGER(S)/THUMB,0,1,"Forklift, Plant cat, Telehandler, Hyster, Lift truck, Skid steer ",False,0,[],True,False,An employee's right pinky finger was amputated at the tip while adjusting telehandler forks for an operator who was moving a load. The operator had tilted the forks back without warning before the employee had completed the adjustments.,38,An employee's right pinky finger was amputated at the tip while adjusting telehandler forks for an operator who was moving a load. The operator had tilted the forks back without warning before the employee had completed the adjustments.,False,,,,train_candidate
msha_003809,msha,no_injury_event,00,ACCIDENT ONLY,2026-07-20,2026,4100026,M,MILL OPERATION/PREPARATION PLANT,HOISTING,"Accident type, without injuries",NO VALUE FOUND,NO VALUE FOUND,NO VALUE FOUND,NO VALUE FOUND,,0,"Elevator, Skip, Cage, Buckets, Mancage, Slope car ",False,0,[],False,False,"Contractor was using the clinker silo passenger elevator when it stopped in the middle of going to the top. They immediately called the Control Room to let them know, and an electrician was called to assist. After 35 minutes the car was lowered to the ground and the contractor was able to get out safely.",55,"Contractor was using the clinker silo passenger elevator when it stopped in the middle of going to the top. They immediately called the Control Room to let them know, and an electrician was called to assist. After 35 minutes the car was lowered to the ground and the contractor was able to get out safely.",False,,,,train_candidate
msha_003815,msha,no_injury_event,00,ACCIDENT ONLY,2019-06-27,2019,4407384,C,"STRIP, QUARY, OPEN PIT",FIRE,"Accident type, without injuries",NO VALUE FOUND,NO VALUE FOUND,NO VALUE FOUND,NO VALUE FOUND,,0,"Bulldozer, Dozer, Crawler tractor, Push cat",False,0,[],False,False,"D8T Cat dozer was on fire when day shift foreman arrived on job, approx. 4:46 AM. Dozer was parked at time of fire. No 3rd shift at our mines. Local Fire Dept was called out.",35,"D8T Cat dozer was on fire when day shift foreman arrived on job, approx. 4:46 AM. Dozer was parked at time of fire. No 3rd shift at our mines. Local Fire Dept was called out.",False,,,,train_candidate
msha_003826,msha,no_injury_event,00,ACCIDENT ONLY,2022-02-14,2022,4608878,C,SURFACE AT UNDERGROUND,HOISTING,"Accident type, without injuries",NO VALUE FOUND,NO VALUE FOUND,NO VALUE FOUND,NO VALUE FOUND,,0,"Elevator, Skip, Cage, Buckets, Mancage, Slope car ",False,0,[],False,False,Lost Main Power to the Mine site. Power Loss was on the AEP side. Blown Transformer. No one Hurt No one Injured No Power on the Service hoist.,28,Lost Main Power to the Mine site. Power Loss was on the AEP side. Blown Transformer. No one Hurt No one Injured No Power on the Service hoist.,False,,,,train_candidate
msha_003833,msha,no_injury_event,00,ACCIDENT ONLY,2026-01-19,2026,4800977,C,"STRIP, QUARY, OPEN PIT",FIRE,"Accident type, without injuries",NO VALUE FOUND,NO VALUE FOUND,NO VALUE FOUND,NO VALUE FOUND,,0,NO VALUE FOUND,False,0,[],False,False,A coal fire was located in the 5 west pit that could not be extinguished within 30 minutes,18,A coal fire was located in the 5 west pit that could not be extinguished within 30 minutes,False,,,,train_candidate
msha_003835,msha,no_injury_event,00,ACCIDENT ONLY,2023-12-30,2023,4801353,C,"STRIP, QUARY, OPEN PIT",FIRE,"Accident type, without injuries",NO VALUE FOUND,NO VALUE FOUND,NO VALUE FOUND,NO VALUE FOUND,,0,Ore haulage trucks - off highway trucks,False,0,[],False,False,A haul truck tire fire was reported and not extinguished within 30 minutes.,13,A haul truck tire fire was reported and not extinguished within 30 minutes.,False,,,,train_candidate
msha_003838,msha,no_injury_event,00,ACCIDENT ONLY,2020-05-22,2020,0100851,C,SURFACE AT UNDERGROUND,HOISTING,"Accident type, without injuries",NO VALUE FOUND,NO VALUE FOUND,NO VALUE FOUND,NO VALUE FOUND,,0,"Elevator, Skip, Cage, Buckets, Mancage, Slope car ",False,0,[],False,False,"The slope car was going in the mine with a personnel carrier attached to it and the carrier de-railed. The cars were pulled to the top, rerailed, and inspected. A kink was found in the rope, the hoist was took out of service, the rope shortened, and examined before putting back into service. MSHA was notified when hoist was took out of service and when it was put back into service.",71,"The slope car was going in the mine with a personnel carrier attached to it and the carrier de-railed. The cars were pulled to the top, rerailed, and inspected. A kink was found in the rope, the hoist was took out of service, the rope shortened, and examined before putting back into service. MSHA was notified when hoist was took out of service and when it was put back into service.",False,,,,train_candidate
msha_003839,msha,no_injury_event,00,ACCIDENT ONLY,2021-01-20,2021,0100851,C,SURFACE AT UNDERGROUND,HOISTING,"Accident type, without injuries",NO VALUE FOUND,NO VALUE FOUND,NO VALUE FOUND,NO VALUE FOUND,,0,"Elevator, Skip, Cage, Buckets, Mancage, Slope car ",False,0,[],False,False,"There was a strand found to be broken on the hoist rope. The hoist was taken out of service, the rope shortened, tested, and put back into service. MSHA was notified on property when the strand was found.",38,"There was a strand found to be broken on the hoist rope. The hoist was taken out of service, the rope shortened, tested, and put back into service. MSHA was notified on property when the strand was found.",False,,,,train_candidate
msha_003840,msha,no_injury_event,00,ACCIDENT ONLY,2022-02-28,2022,0100851,C,SURFACE AT UNDERGROUND,HOISTING,"Accident type, without injuries",NO VALUE FOUND,NO VALUE FOUND,NO VALUE FOUND,NO VALUE FOUND,,0,"Elevator, Skip, Cage, Buckets, Mancage, Slope car ",False,0,[],False,False,The SP Elevator was taken out of service to change the guide wheels on the NW side of the elevator. MSHA was notified via the hotline. The elevator was test ran and placed back into service.,36,The SP Elevator was taken out of service to change the guide wheels on the NW side of the elevator. MSHA was notified via the hotline. The elevator was test ran and placed back into service.,False,,,,train_candidate
msha_003845,msha,permanent_impairment,02,PERM TOT OR PERM PRTL DISABLTY,2022-07-13,2022,0201049,M,"STRIP, QUARY, OPEN PIT",HANDLING OF MATERIALS,"Caught in, under or between a moving and a stationary object",Machine maintenance,"METAL,NEC(PIPE,WIRE,NAIL)",AMPUTATION OR ENUCLEATION,FINGER(S)/THUMB,4,1,"Carriage-mounted drills, Rail, Rubber-tired, Jumbo, Air-track drill",False,1,"[""casing""]",True,False,"Installing 16"" casing and employee's finger was caught between mainline and bolt on elevator dog ear latch.",17,"Installing 16"" casing and employee's finger was caught between mainline and bolt on elevator dog ear latch.",False,,,,train_candidate
msha_003846,msha,permanent_impairment,02,PERM TOT OR PERM PRTL DISABLTY,2007-04-16,2007,0201049,M,MILL OPERATION/PREPARATION PLANT,MACHINERY,"Caught in, under or between a moving and a stationary object",Machine maintenance,CRIBBING,AMPUTATION OR ENUCLEATION,FINGER(S)/THUMB,0,1,"Crane, Cherry picker, Lift basket, Scissor truck, Boom truck",False,1,"[""casing""]",True,False,Employee was placing the dishcarge trunion bearing into place on Mill #6. He was trying to remove a piece of cribbing when the cribbing shifted pinching fingers on his right hand between the cribbing (wood) and the casing on the mill. Resulted in laceration and partial amputation of mid and ring fingers of right hand.,55,Employee was placing the dishcarge trunion bearing into place on Mill #6. He was trying to remove a piece of cribbing when the cribbing shifted pinching fingers on his right hand between the cribbing (wood) and the casing on the mill. Resulted in laceration and partial amputation of mid and ring fingers of right hand.,False,,,,train_candidate
msha_003854,msha,no_injury_event,00,ACCIDENT ONLY,2023-10-22,2023,1000088,M,SURFACE AT UNDERGROUND,HOISTING,"Accident type, without injuries",NO VALUE FOUND,NO VALUE FOUND,NO VALUE FOUND,NO VALUE FOUND,,0,"Elevator, Skip, Cage, Buckets, Mancage, Slope car ",False,0,[],False,False,Hoistman had a fault on the Service Hoist which would not allow the hoist to operate. Electricians found a faulty brake gap sensor and replaced it.,26,Hoistman had a fault on the Service Hoist which would not allow the hoist to operate. Electricians found a faulty brake gap sensor and replaced it.,False,,,,train_candidate
msha_003857,msha,no_injury_event,00,ACCIDENT ONLY,2019-09-16,2019,1103141,C,UNDERGROUND,HOISTING,"Accident type, without injuries",NO VALUE FOUND,NO VALUE FOUND,NO VALUE FOUND,NO VALUE FOUND,,0,"Elevator, Skip, Cage, Buckets, Mancage, Slope car ",False,0,[],False,False,"During testing and inspection of the North Mains escape facility, the escape capsule was found to be damaged.",18,"During testing and inspection of the North Mains escape facility, the escape capsule was found to be damaged.",False,,,,train_candidate
msha_003858,msha,no_injury_event,00,ACCIDENT ONLY,2019-12-21,2019,1103143,C,MILL OPERATION/PREPARATION PLANT,FIRE,"Accident type, without injuries",NO VALUE FOUND,NO VALUE FOUND,NO VALUE FOUND,NO VALUE FOUND,,0,NO VALUE FOUND,False,0,[],False,False,Smoke was observed coming from areas of the raw coal pile located near the Prairie Eagle East Portal. Actions are being taken to remove affected material from area.,28,Smoke was observed coming from areas of the raw coal pile located near the Prairie Eagle East Portal. Actions are being taken to remove affected material from area.,False,,,,train_candidate
msha_003861,msha,no_injury_event,00,ACCIDENT ONLY,2020-08-26,2020,1200426,M,MILL OPERATION/PREPARATION PLANT,FIRE,"Accident type, without injuries",NO VALUE FOUND,NO VALUE FOUND,NO VALUE FOUND,NO VALUE FOUND,,0,NO VALUE FOUND,False,0,[],False,False,"At 7:45am the main Innofuel storage bin doors were opened to investigate the cause of a CO2 system discharge. When doors were opened, smoke was observed and fire department was contacted. No injuries or damage occurred.",36,"At 7:45am the main Innofuel storage bin doors were opened to investigate the cause of a CO2 system discharge. When doors were opened, smoke was observed and fire department was contacted. No injuries or damage occurred.",False,,,,train_candidate
msha_003862,msha,no_injury_event,00,ACCIDENT ONLY,2020-09-24,2020,1202394,C,SURFACE AT UNDERGROUND,HOISTING,"Accident type, without injuries",NO VALUE FOUND,NO VALUE FOUND,NO VALUE FOUND,NO VALUE FOUND,,0,"Elevator, Skip, Cage, Buckets, Mancage, Slope car ",False,0,[],False,False,During an inspection of the Emergency hoist it was discovered that the brake pad for the drum had pulled through the rivets and caused the pad to break in two. This was the only braking system for the drum as there is no secondary system. The hoist was immediately taken out of service and repairs started.,56,During an inspection of the Emergency hoist it was discovered that the brake pad for the drum had pulled through the rivets and caused the pad to break in two. This was the only braking system for the drum as there is no secondary system. The hoist was immediately taken out of service and repairs started.,False,,,,train_candidate
msha_003865,msha,permanent_impairment,02,PERM TOT OR PERM PRTL DISABLTY,2024-08-14,2024,1500072,M,MILL OPERATION/PREPARATION PLANT,HANDTOOLS (NONPOWERED),"Caught in, under or between a moving and a stationary object",Hand tools (not powered),METAL COVERS & GUARDS,AMPUTATION OR ENUCLEATION,FINGER(S)/THUMB,17,1,Hand tools (not powered),False,0,[],True,False,"Employee was in the process of changing screens. When EE tried to loosen the screen hold down clamp with a pry bar, EE mashed the end of EE's left ring finger on the frame edge, amputating the end of it.",40,"Employee was in the process of changing screens. When EE tried to loosen the screen hold down clamp with a pry bar, EE mashed the end of EE's left ring finger on the frame edge, amputating the end of it.",False,,,,train_candidate
msha_003872,msha,no_injury_event,00,ACCIDENT ONLY,2020-11-06,2020,1600358,M,SURFACE AT UNDERGROUND,HOISTING,"Accident type, without injuries",NO VALUE FOUND,NO VALUE FOUND,NO VALUE FOUND,NO VALUE FOUND,,0,"Elevator, Skip, Cage, Buckets, Mancage, Slope car ",False,0,[],False,False,The 16 ft. was out of service to do a combination of loose pin connections on the MDA driver module.,20,The 16 ft. was out of service to do a combination of loose pin connections on the MDA driver module.,False,,,,train_candidate
msha_003875,msha,no_injury_event,00,ACCIDENT ONLY,2023-07-07,2023,2100790,M,"STRIP, QUARY, OPEN PIT",FIRE,"Accident type, without injuries",NO VALUE FOUND,NO VALUE FOUND,NO VALUE FOUND,NO VALUE FOUND,,0,NO VALUE FOUND,False,0,[],False,False,"An anonymous member of the public reported a grass fire along County Road 23 that is not part of the active mining area. Sherriff and Fire Department arrived on scene at approximately 4:30pm, which is the time mine personnel were made aware. The cause of the fire is unknown. The fire department cleared the scene at 5:19pm. MSHA was called at 4:50pm.",62,"An anonymous member of the public reported a grass fire along County Road 23 that is not part of the active mining area. Sherriff and Fire Department arrived on scene at approximately 4:30pm, which is the time mine personnel were made aware. The cause of the fire is unknown. The fire department cleared the scene at 5:19pm. MSHA was called at 4:50pm.",False,,,,train_candidate
msha_003878,msha,no_injury_event,00,ACCIDENT ONLY,2026-04-01,2026,2600500,M,MILL OPERATION/PREPARATION PLANT,FIRE,"Accident type, without injuries",NO VALUE FOUND,NO VALUE FOUND,NO VALUE FOUND,NO VALUE FOUND,,0,NO VALUE FOUND,True,2,"[""refinery""]",False,False,"At approximately 10:35 PM on 4/1/26 smoke was observed inside the refinery via camera feed in the AARL Control Room. Security was notified. By 10:50 PM the affected cells were fully engulfed. Fire suppression was activated at 11:01 PM, and the fire was fully extinguished by 12:25 AM. No personnel were inside the refinery, and no injuries occurred during incident.",60,"At approximately 10:35 PM on 4/1/26 smoke was observed inside the refinery via camera feed in the AARL Control Room. Security was notified. By 10:50 PM the affected cells were fully engulfed. Fire suppression was activated at 11:01 PM, and the fire was fully extinguished by 12:25 AM. No personnel were inside the refinery, and no injuries occurred during incident.",False,,,,train_candidate
msha_003880,msha,no_injury_event,00,ACCIDENT ONLY,2023-02-03,2023,2600827,M,"STRIP, QUARY, OPEN PIT",FIRE,"Accident type, without injuries",NO VALUE FOUND,NO VALUE FOUND,NO VALUE FOUND,NO VALUE FOUND,,0,Ore haulage trucks - off highway trucks,False,0,[],False,False,"While traveling to the dump, the operator of HT304 noticed smoke coming from the truck. Operator hit the emergency stop and the fire suppression. Operator exited the cab and went down the ladder to the ground safely. At this point the truck was actively burning.",45,"While traveling to the dump, the operator of HT304 noticed smoke coming from the truck. Operator hit the emergency stop and the fire suppression. Operator exited the cab and went down the ladder to the ground safely. At this point the truck was actively burning.",False,,,,train_candidate
msha_003886,msha,no_injury_event,00,ACCIDENT ONLY,2019-02-27,2019,2902170,C,SURFACE AT UNDERGROUND,FIRE,"Accident type, without injuries",NO VALUE FOUND,NO VALUE FOUND,NO VALUE FOUND,NO VALUE FOUND,,0,NO VALUE FOUND,False,0,[],False,False,A surface operator reported seeing smoke rising from near the reclamation area and ash dump. Foreman found that some spontaneous combustion of some coal material in the spoil had occurred and sent dozer to extinguish the fire. Fire was not extinguished within 30 minutes so MSHA was called. Fire was extinguished at 08:53.,53,A surface operator reported seeing smoke rising from near the reclamation area and ash dump. Foreman found that some spontaneous combustion of some coal material in the spoil had occurred and sent dozer to extinguish the fire. Fire was not extinguished within 30 minutes so MSHA was called. Fire was extinguished at 08:53.,False,,,,train_candidate
msha_003888,msha,no_injury_event,00,ACCIDENT ONLY,2022-02-28,2022,3003255,M,SURFACE AT UNDERGROUND,HOISTING,"Accident type, without injuries",NO VALUE FOUND,NO VALUE FOUND,NO VALUE FOUND,NO VALUE FOUND,,0,"Elevator, Skip, Cage, Buckets, Mancage, Slope car ",False,0,[],False,False,"The Production Hoist motor would not operate. The motor had to be replaced for the hoist. The hoist became operational at 7:30 a.m. on March 1, 2022. The Production Shaft is the second way out of the mine.",38,"The Production Hoist motor would not operate. The motor had to be replaced for the hoist. The hoist became operational at 7:30 a.m. on March 1, 2022. The Production Shaft is the second way out of the mine.",False,,,,train_candidate
msha_003895,msha,fatal,01,FATALITY,2023-12-14,2023,3402093,M,"STRIP, QUARY, OPEN PIT",MACHINERY,"Caught in, under or between a moving and a stationary object",Machine maintenance,"METAL,NEC(PIPE,WIRE,NAIL)",CRUSHING,"TRUNK, MULTIPLE PARTS",,1,Washers,False,0,[],True,True,Miner was moving a rinse bucket to access a piece of metal that needed to be repaired and welded. As EE pulled the pin from the rinse bucket somehow the hydraulic cylinder gave way pinning the miner in between the bucket and a handrail. Resulting in the death of the miner.,51,Miner was moving a rinse bucket to access a piece of metal that needed to be repaired and welded. As EE pulled the pin from the rinse bucket somehow the hydraulic cylinder gave way pinning the miner in between the bucket and a handrail. Resulting in the death of the miner.,False,,,,train_candidate
msha_003900,msha,no_injury_event,00,ACCIDENT ONLY,2024-12-10,2024,3800525,M,"STRIP, QUARY, OPEN PIT",ELECTRICAL,"Accident type, without injuries",NO VALUE FOUND,NO VALUE FOUND,NO VALUE FOUND,NO VALUE FOUND,,0,NO VALUE FOUND,False,0,[],False,False,"Upon arrival to mine site, employee noticed a broken electrical coop power pole was on fire. Coop deenergized line and fire went out.",23,"Upon arrival to mine site, employee noticed a broken electrical coop power pole was on fire. Coop deenergized line and fire went out.",False,,,,train_candidate
msha_003909,msha,no_injury_event,00,ACCIDENT ONLY,2019-06-11,2019,4103658,C,"STRIP, QUARY, OPEN PIT",FIRE,"Accident type, without injuries",NO VALUE FOUND,NO VALUE FOUND,NO VALUE FOUND,NO VALUE FOUND,,0,"Trucks, Service truck, Utility truck, Pickup, Water truck, Fuel truck",False,0,[],False,False,"F-150 got stuck in the mud. Ignition was shut off and materials were gathered to put under the tires for traction when crew noticed smoke under the truck. They used the fire extinguisher and made phone calls to notify Luminant and 911. At this time, fire started on the truck between the bed and the cab of the truck. Fire Department arrived to extinguish the fire.",66,"F-150 got stuck in the mud. Ignition was shut off and materials were gathered to put under the tires for traction when crew noticed smoke under the truck. They used the fire extinguisher and made phone calls to notify Luminant and 911. At this time, fire started on the truck between the bed and the cab of the truck. Fire Department arrived to extinguish the fire.",False,,,,train_candidate
msha_003911,msha,permanent_impairment,02,PERM TOT OR PERM PRTL DISABLTY,2024-07-18,2024,4104292,M,"STRIP, QUARY, OPEN PIT",MACHINERY,"Caught in, under or between running or meshing objects",Machine maintenance,"PUMPS,FANS,COMP,ENG,NEC",AMPUTATION OR ENUCLEATION,HAND (NOT WRIST OR FINGERS),,1,"Machine, NEC - Wheelbarrow, Well drilling Rig, Post hole auger",False,0,[],True,False,EE made contact with an exposed fan blade on a generator motor as EE was diagnosing the engine for repairs. Guarding had been removed prior to the day of incident.,30,EE made contact with an exposed fan blade on a generator motor as EE was diagnosing the engine for repairs. Guarding had been removed prior to the day of incident.,False,,,,train_candidate
msha_003917,msha,permanent_impairment,02,PERM TOT OR PERM PRTL DISABLTY,2026-08-24,2026,4202399,M,"STRIP, QUARY, OPEN PIT",MACHINERY,Struck by falling object,Machine maintenance,"METAL,NEC(PIPE,WIRE,NAIL)",AMPUTATION OR ENUCLEATION,FINGER(S)/THUMB,,1,"Welding machine, Torch, Cutting torch, Arc welder, Air arc",False,0,[],True,False,Miner was reaching under a suspended load when it fell on their fingers.,13,Miner was reaching under a suspended load when it fell on their fingers.,False,,,,train_candidate
msha_003926,msha,no_injury_event,00,ACCIDENT ONLY,2023-11-17,2023,4608878,C,SURFACE AT UNDERGROUND,HOISTING,"Accident type, without injuries",NO VALUE FOUND,NO VALUE FOUND,NO VALUE FOUND,NO VALUE FOUND,,0,"Elevator, Skip, Cage, Buckets, Mancage, Slope car ",False,0,[],False,False,Had a fault for rope slip. after trouble shooting a damaged cable was found for the speed encoder sensor. Replaced speed encoder and repaired damaged cable. when powered back up another fault showed but was able to be cleared. hoist back up and running at 10:50AM,46,Had a fault for rope slip. after trouble shooting a damaged cable was found for the speed encoder sensor. Replaced speed encoder and repaired damaged cable. when powered back up another fault showed but was able to be cleared. hoist back up and running at 10:50AM,False,,,,train_candidate
msha_003927,msha,no_injury_event,00,ACCIDENT ONLY,2025-01-27,2025,4609028,C,SURFACE AT UNDERGROUND,HOISTING,"Accident type, without injuries",NO VALUE FOUND,NO VALUE FOUND,NO VALUE FOUND,NO VALUE FOUND,,0,"Elevator, Skip, Cage, Buckets, Mancage, Slope car ",False,0,[],False,False,"Elevator was not called in due to troubleshooting. MSHA inspector said that this needed to be called in, so we did.",21,"Elevator was not called in due to troubleshooting. MSHA inspector said that this needed to be called in, so we did.",False,,,,train_candidate
msha_003933,msha,no_injury_event,00,ACCIDENT ONLY,2023-10-10,2023,4800154,M,SURFACE AT UNDERGROUND,HOISTING,"Accident type, without injuries",NO VALUE FOUND,NO VALUE FOUND,NO VALUE FOUND,NO VALUE FOUND,,0,"Elevator, Skip, Cage, Buckets, Mancage, Slope car ",False,0,[],False,False,Lost incoming power from local utility which created a loss of power throughout the facility. We were able to run our main escape hoist with back up generator but the other 2 escape hoists were down. We brought all personal to the surface from the mine. Power was restored at 3:10pm.,51,Lost incoming power from local utility which created a loss of power throughout the facility. We were able to run our main escape hoist with back up generator but the other 2 escape hoists were down. We brought all personal to the surface from the mine. Power was restored at 3:10pm.,False,,,,train_candidate
msha_003935,msha,no_injury_event,00,ACCIDENT ONLY,2024-12-29,2024,4800977,C,"STRIP, QUARY, OPEN PIT",FIRE,"Accident type, without injuries",NO VALUE FOUND,NO VALUE FOUND,NO VALUE FOUND,NO VALUE FOUND,,0,NO VALUE FOUND,False,0,[],False,False,"bottom of a coal pit, discovered a small coal fire burning at toe of coal wall.",16,"bottom of a coal pit, discovered a small coal fire burning at toe of coal wall.",False,,,,train_candidate
msha_003938,msha,no_injury_event,00,ACCIDENT ONLY,2022-10-10,2022,4801200,C,"STRIP, QUARY, OPEN PIT",FIRE,"Accident type, without injuries",NO VALUE FOUND,NO VALUE FOUND,NO VALUE FOUND,NO VALUE FOUND,,0,NO VALUE FOUND,False,0,[],False,False,"Smoker/fire was noticed during the morning pit tour between the Anderson (A-Seam) and the IB-1 Dirt Seam. The location was challenging to access safely, so the fire took approx. 4hrs to put out. Track Dozer buried the fire with parting material pushed down from the OB-1 bench.",47,"Smoker/fire was noticed during the morning pit tour between the Anderson (A-Seam) and the IB-1 Dirt Seam. The location was challenging to access safely, so the fire took approx. 4hrs to put out. Track Dozer buried the fire with parting material pushed down from the OB-1 bench.",False,,,,train_candidate
msha_003939,msha,no_injury_event,00,ACCIDENT ONLY,2024-10-20,2024,4801200,C,"STRIP, QUARY, OPEN PIT",FIRE,"Accident type, without injuries",NO VALUE FOUND,NO VALUE FOUND,NO VALUE FOUND,NO VALUE FOUND,,0,"Road grader, Motor grader, Motor patrol, Grader, Road scraper",False,0,[],False,False,"Contractor left their master switch on and it caused a fire to their motorgrader. No one was operating the machine and it was away from anything that could burn. No one was hurt, the blade was burnt up. They took it off site.",43,"Contractor left their master switch on and it caused a fire to their motorgrader. No one was operating the machine and it was away from anything that could burn. No one was hurt, the blade was burnt up. They took it off site.",False,,,,train_candidate
msha_003943,msha,no_injury_event,00,ACCIDENT ONLY,2026-04-23,2026,4801429,C,"STRIP, QUARY, OPEN PIT",FIRE,"Accident type, without injuries",NO VALUE FOUND,NO VALUE FOUND,NO VALUE FOUND,NO VALUE FOUND,,0,NO VALUE FOUND,False,0,[],False,False,"Truck driver noticed some smoke coming from behind the truck dump. Plant Technician and supervisor responded and did not see a fire but noticed a hot spot in the roof area of the building behind the truck dump. The decision was made to notify the local fire department. An area of hot coal was identified by the fire department, and they washed out the area.",65,"Truck driver noticed some smoke coming from behind the truck dump. Plant Technician and supervisor responded and did not see a fire but noticed a hot spot in the roof area of the building behind the truck dump. The decision was made to notify the local fire department. An area of hot coal was identified by the fire department, and they washed out the area.",False,,,,train_candidate
msha_003946,msha,no_injury_event,00,ACCIDENT ONLY,2021-12-11,2021,0100851,C,SURFACE AT UNDERGROUND,HOISTING,"Accident type, without injuries",NO VALUE FOUND,NO VALUE FOUND,NO VALUE FOUND,NO VALUE FOUND,,0,"Elevator, Skip, Cage, Buckets, Mancage, Slope car ",False,0,[],False,False,The South Portal Elevator was taken out of service after the examination. The elevator ropes were found to be out of time. The ropes were put back in time and the tension adjusted on them. MSHA hotline was notified.,39,The South Portal Elevator was taken out of service after the examination. The elevator ropes were found to be out of time. The ropes were put back in time and the tension adjusted on them. MSHA hotline was notified.,False,,,,train_candidate
msha_003947,msha,no_injury_event,00,ACCIDENT ONLY,2021-04-26,2021,0102901,C,SURFACE AT UNDERGROUND,HOISTING,"Accident type, without injuries",NO VALUE FOUND,NO VALUE FOUND,NO VALUE FOUND,NO VALUE FOUND,,0,"Elevator, Skip, Cage, Buckets, Mancage, Slope car ",False,0,[],False,False,The Camp Creek portal main hoist was taken out of service for the drum brake test failing and the gate interlock not functioning on April 26th at 3:15 pm.,29,The Camp Creek portal main hoist was taken out of service for the drum brake test failing and the gate interlock not functioning on April 26th at 3:15 pm.,False,,,,train_candidate
msha_003949,msha,no_injury_event,00,ACCIDENT ONLY,2019-12-12,2019,0200024,M,"STRIP, QUARY, OPEN PIT",FIRE,"Accident type, without injuries",NO VALUE FOUND,NO VALUE FOUND,NO VALUE FOUND,NO VALUE FOUND,,0,NO VALUE FOUND,False,0,[],False,False,"Two maintenance employees and a designated fire watch were tasked with patch welding holes on the Rougher Tail Discharge Box A&B. After realizing the hole was larger than anticipated, they left the area to get a larger patch for the hole. They proceeded to weld a small portion of the hole located on a rubber lined pipe and it caught fire.",61,"Two maintenance employees and a designated fire watch were tasked with patch welding holes on the Rougher Tail Discharge Box A&B. After realizing the hole was larger than anticipated, they left the area to get a larger patch for the hole. They proceeded to weld a small portion of the hole located on a rubber lined pipe and it caught fire.",False,,,,train_candidate
msha_003953,msha,permanent_impairment,02,PERM TOT OR PERM PRTL DISABLTY,2025-10-28,2025,0203131,M,MILL OPERATION/PREPARATION PLANT,MACHINERY,"Caught in, under or between a moving and a stationary object",Machine maintenance,"METAL,NEC(PIPE,WIRE,NAIL)",AMPUTATION OR ENUCLEATION,FINGER(S)/THUMB,7,1,"Crane, Cherry picker, Lift basket, Scissor truck, Boom truck",False,0,[],True,False,Employee was adjusting lifting shackle and overhead crane hook during lifting operations. The employee's right index finger was pinched between lifting shackle and overhead crane hook. The employee suffered partial traumatic transphalangeal amputation of right index finger with nailbed involvement.,40,Employee was adjusting lifting shackle and overhead crane hook during lifting operations. The employee's right index finger was pinched between lifting shackle and overhead crane hook. The employee suffered partial traumatic transphalangeal amputation of right index finger with nailbed involvement.,False,,,,train_candidate
msha_003955,msha,no_injury_event,00,ACCIDENT ONLY,2022-03-07,2022,0400157,M,"STRIP, QUARY, OPEN PIT",MACHINERY,"Accident type, without injuries",NO VALUE FOUND,NO VALUE FOUND,NO VALUE FOUND,NO VALUE FOUND,,0,"Machine, NEC - Wheelbarrow, Well drilling Rig, Post hole auger",False,0,[],False,False,"The control room monitored a variation in temperature within a bin which was handled by normal procedures, consistent with design capacity. There was no injury or illness resulting from this condition. This pressure excursion does not constitute an ""accident"" as set out at 30 C.F.R �50.2(h). The ""blast gate"" which is designed to relieve pressure in this type of situation did open.",62,"The control room monitored a variation in temperature within a bin which was handled by normal procedures, consistent with design capacity. There was no injury or illness resulting from this condition. This pressure excursion does not constitute an ""accident"" as set out at 30 C.F.R �50.2(h). The ""blast gate"" which is designed to relieve pressure in this type of situation did open.",False,,,,train_candidate
msha_003968,msha,no_injury_event,00,ACCIDENT ONLY,2020-10-20,2020,1000088,M,SURFACE AT UNDERGROUND,HOISTING,"Accident type, without injuries",NO VALUE FOUND,NO VALUE FOUND,NO VALUE FOUND,NO VALUE FOUND,,0,"Elevator, Skip, Cage, Buckets, Mancage, Slope car ",False,0,[],False,False,A transformer kicked out causing us to lose power to the Silver Shaft Hoist.,14,A transformer kicked out causing us to lose power to the Silver Shaft Hoist.,False,,,,train_candidate
msha_003969,msha,no_injury_event,00,ACCIDENT ONLY,2021-08-06,2021,1000088,M,SURFACE AT UNDERGROUND,HOISTING,"Accident type, without injuries",NO VALUE FOUND,NO VALUE FOUND,NO VALUE FOUND,NO VALUE FOUND,,0,"Elevator, Skip, Cage, Buckets, Mancage, Slope car ",False,0,[],False,False,The south brake controller on the Silver Shaft Hoist was tripped and would not reset. Electricians diagnosed a failed UPS unit and replaced the unit.,25,The south brake controller on the Silver Shaft Hoist was tripped and would not reset. Electricians diagnosed a failed UPS unit and replaced the unit.,False,,,,train_candidate
msha_003970,msha,no_injury_event,00,ACCIDENT ONLY,2021-12-28,2021,1000088,M,SURFACE AT UNDERGROUND,HOISTING,"Accident type, without injuries",NO VALUE FOUND,NO VALUE FOUND,NO VALUE FOUND,NO VALUE FOUND,,0,"Elevator, Skip, Cage, Buckets, Mancage, Slope car ",False,0,[],False,False,The ESS cooling motor fan failed causing the hoist to lose power. This was due to heat buildup.,18,The ESS cooling motor fan failed causing the hoist to lose power. This was due to heat buildup.,False,,,,train_candidate
msha_004005,msha,no_injury_event,00,ACCIDENT ONLY,2021-07-19,2021,3000663,M,SURFACE AT UNDERGROUND,HOISTING,"Accident type, without injuries",NO VALUE FOUND,NO VALUE FOUND,NO VALUE FOUND,NO VALUE FOUND,,0,"Elevator, Skip, Cage, Buckets, Mancage, Slope car ",False,0,[],False,False,"Power brown out from NYSEG power supply, they were updating their system and power to our local grid was affected. #3 skip kicked out, reset, men brought to surface, ran test trips, all tested good.",35,"Power brown out from NYSEG power supply, they were updating their system and power to our local grid was affected. #3 skip kicked out, reset, men brought to surface, ran test trips, all tested good.",False,,,,train_candidate
msha_004007,msha,no_injury_event,00,ACCIDENT ONLY,2025-03-24,2025,3100063,M,"STRIP, QUARY, OPEN PIT",FIRE,"Accident type, without injuries",NO VALUE FOUND,NO VALUE FOUND,NO VALUE FOUND,NO VALUE FOUND,,0,NO VALUE FOUND,False,0,[],False,False,"A tree fell on mine property due to high wind, causing it to fall on a powerline, causing it to arc. This resulted in two brush fires to start burning on the mine property.",34,"A tree fell on mine property due to high wind, causing it to fall on a powerline, causing it to arc. This resulted in two brush fires to start burning on the mine property.",False,,,,train_candidate
msha_004010,msha,no_injury_event,00,ACCIDENT ONLY,2021-06-24,2021,3300156,M,MILL OPERATION/PREPARATION PLANT,FIRE,"Accident type, without injuries",NO VALUE FOUND,NO VALUE FOUND,NO VALUE FOUND,NO VALUE FOUND,,0,NO VALUE FOUND,False,0,[],False,False,Dumped hot fines onto hot skip and belt causing the belt to catch fire.,14,Dumped hot fines onto hot skip and belt causing the belt to catch fire.,False,,,,train_candidate
msha_004025,msha,no_injury_event,00,ACCIDENT ONLY,2020-08-07,2020,3800305,M,MILL OPERATION/PREPARATION PLANT,FIRE,"Accident type, without injuries",NO VALUE FOUND,NO VALUE FOUND,NO VALUE FOUND,NO VALUE FOUND,,0,NO VALUE FOUND,False,0,[],False,False,"Clinker belt 5BC660 transporting clinker into Clinker Silo 42 caught fire required local fire department assistance to extinguish. FD on site at 09:40, MSHA notified 09:58, fire extinguished 10:16.",29,"Clinker belt 5BC660 transporting clinker into Clinker Silo 42 caught fire required local fire department assistance to extinguish. FD on site at 09:40, MSHA notified 09:58, fire extinguished 10:16.",False,,,,train_candidate
msha_004027,msha,permanent_impairment,02,PERM TOT OR PERM PRTL DISABLTY,2023-09-23,2023,4000840,M,"STRIP, QUARY, OPEN PIT",HANDLING OF MATERIALS,Over-exertion in pulling or pushing objects,Machine maintenance,"MCH PWR TRNSMSN APPR,NEC",HERNIA;RUPTURE,ABDOMEN/INTERNAL ORGANS,0,1,NO VALUE FOUND,False,0,[],True,False,Maintenance Mechanic was pulling on gearbox during removal and shortly after noticed a bulge in their stomach area.,18,Maintenance Mechanic was pulling on gearbox during removal and shortly after noticed a bulge in their stomach area.,False,,,,train_candidate
msha_004032,msha,no_injury_event,00,ACCIDENT ONLY,2001-10-29,2001,4103164,C,"STRIP, QUARY, OPEN PIT",FIRE,"Accident type, without injuries",NO VALUE FOUND,NO VALUE FOUND,NO VALUE FOUND,NO VALUE FOUND,,0,NO VALUE FOUND,False,1,"[""pipeline""]",False,False,"At approx 1150 on 10-29, a contractor ee noticed smoke in area b. Upon investigating, he found dfire burning out of control. He notified the CO. Who contacted local fire depts. To respond. At approx 1345, the fire was contained on the right-of-way. A pipeline clearing contractor had been attending brush pile fires on the right-of-way when the fires got out of control.",63,"At approx 1150 on 10-29, a contractor ee noticed smoke in area b. Upon investigating, he found dfire burning out of control. He notified the CO. Who contacted local fire depts. To respond. At approx 1345, the fire was contained on the right-of-way. A pipeline clearing contractor had been attending brush pile fires on the right-of-way when the fires got out of control.",False,,,,train_candidate
msha_004034,msha,no_injury_event,00,ACCIDENT ONLY,2022-06-15,2022,4105490,M,"STRIP, QUARY, OPEN PIT",POWERED HAULAGE,"Accident type, without injuries",NO VALUE FOUND,NO VALUE FOUND,NO VALUE FOUND,NO VALUE FOUND,,0,"Front-end loader, Tractor-shovel, Payloader, Highlift, Skip loader",False,0,[],False,False,Employee was in a piece of equipment working material and backed into another employee's parked truck. The vehicle was damaged but no damage to equipment. No one was injured.,29,Employee was in a piece of equipment working material and backed into another employee's parked truck. The vehicle was damaged but no damage to equipment. No one was injured.,False,,,,train_candidate
msha_004046,msha,no_injury_event,00,ACCIDENT ONLY,2021-05-13,2021,4608374,C,MILL OPERATION/PREPARATION PLANT,FIRE,"Accident type, without injuries",NO VALUE FOUND,NO VALUE FOUND,NO VALUE FOUND,NO VALUE FOUND,,0,"Conveyor, Belt feeder, Stage loader, Hopper shaker, Belt structure",False,0,[],False,False,A fire occurred in the conveyor reclaim tunnel under the raw coal piles. No injuries were reported.,17,A fire occurred in the conveyor reclaim tunnel under the raw coal piles. No injuries were reported.,False,,,,train_candidate
msha_004051,msha,no_injury_event,00,ACCIDENT ONLY,2020-02-16,2020,4700587,M,MILL OPERATION/PREPARATION PLANT,FIRE,"Accident type, without injuries",NO VALUE FOUND,NO VALUE FOUND,NO VALUE FOUND,NO VALUE FOUND,,0,NO VALUE FOUND,False,0,[],False,False,Smoldering coal fire started in coal yard. No structures or employees were affected. Contacted MSHA. Used D9 dozer to extinguish. Continued to monitor over the next week.,27,Smoldering coal fire started in coal yard. No structures or employees were affected. Contacted MSHA. Used D9 dozer to extinguish. Continued to monitor over the next week.,False,,,,train_candidate
msha_004054,msha,no_injury_event,00,ACCIDENT ONLY,2024-06-16,2024,4800154,M,SURFACE AT UNDERGROUND,FIRE,"Accident type, without injuries",NO VALUE FOUND,NO VALUE FOUND,NO VALUE FOUND,NO VALUE FOUND,,0,NO VALUE FOUND,False,0,[],False,False,"On 6/16/24, at 2:00pm 7K01 Kiln rotation tripped. CBO notified Field Operator to inspect the trip. Field Operator noticed the bull gear had flames coming from the area. Utilized a fire extinguisher and the fire brigade was notified. The fire brigade finished extinguishing the fire. The fire was extinguished by 2:40pm. MSHA was notified.",54,"On 6/16/24, at 2:00pm 7K01 Kiln rotation tripped. CBO notified Field Operator to inspect the trip. Field Operator noticed the bull gear had flames coming from the area. Utilized a fire extinguisher and the fire brigade was notified. The fire brigade finished extinguishing the fire. The fire was extinguished by 2:40pm. MSHA was notified.",False,,,,train_candidate
msha_004059,msha,no_injury_event,00,ACCIDENT ONLY,2022-06-01,2022,4801295,M,MILL OPERATION/PREPARATION PLANT,FIRE,"Accident type, without injuries",NO VALUE FOUND,NO VALUE FOUND,NO VALUE FOUND,NO VALUE FOUND,,0,NO VALUE FOUND,False,0,[],False,False,"A field operator noted a fire on CE-15. All soda ash employees helped to extinguish the fire. The fire was extinguished at 2:25am. No one was injured, only equipment damage occurred.",31,"A field operator noted a fire on CE-15. All soda ash employees helped to extinguish the fire. The fire was extinguished at 2:25am. No one was injured, only equipment damage occurred.",False,,,,train_candidate
msha_004064,msha,no_injury_event,00,ACCIDENT ONLY,2021-02-17,2021,0100851,C,SURFACE AT UNDERGROUND,HOISTING,"Accident type, without injuries",NO VALUE FOUND,NO VALUE FOUND,NO VALUE FOUND,NO VALUE FOUND,,0,"Elevator, Skip, Cage, Buckets, Mancage, Slope car ",False,0,[],False,False,"The axle on the SP Material Hoist was changed as a preventative measure due to the sound the rebuilt axle was making. The hoist was taken out of service, the axle changed, tested, and placed back into service. MSHA was notified when the hoist was taken out of service and when placed back into service.",55,"The axle on the SP Material Hoist was changed as a preventative measure due to the sound the rebuilt axle was making. The hoist was taken out of service, the axle changed, tested, and placed back into service. MSHA was notified when the hoist was taken out of service and when placed back into service.",False,,,,train_candidate
msha_004069,msha,permanent_impairment,02,PERM TOT OR PERM PRTL DISABLTY,2025-02-05,2025,0200137,M,"STRIP, QUARY, OPEN PIT",MACHINERY,"Caught in, under or between a moving and a stationary object",Machine maintenance,"METAL,NEC(PIPE,WIRE,NAIL)",AMPUTATION OR ENUCLEATION,FINGER(S)/THUMB,10,1,"Crane, Cherry picker, Lift basket, Scissor truck, Boom truck",False,0,[],True,False,Employee's right index fingertip was amputated inside the pin hole of the Tube Press 6 ram when the Overhead Crane raised the yolk out of the candle eye.,28,Employee's right index fingertip was amputated inside the pin hole of the Tube Press 6 ram when the Overhead Crane raised the yolk out of the candle eye.,False,,,,train_candidate
msha_004074,msha,no_injury_event,00,ACCIDENT ONLY,2026-03-19,2026,0203398,M,SURFACE AT UNDERGROUND,HOISTING,"Accident type, without injuries",NO VALUE FOUND,NO VALUE FOUND,NO VALUE FOUND,NO VALUE FOUND,,0,"Elevator, Skip, Cage, Buckets, Mancage, Slope car ",False,0,[],False,False,"At approximately 12:54 am, an electrical component failure caused a power outage at the shaft pad.",16,"At approximately 12:54 am, an electrical component failure caused a power outage at the shaft pad.",False,,,,train_candidate
msha_004075,msha,no_injury_event,00,ACCIDENT ONLY,2023-04-30,2023,0300256,M,MILL OPERATION/PREPARATION PLANT,FIRE,"Accident type, without injuries",NO VALUE FOUND,NO VALUE FOUND,NO VALUE FOUND,NO VALUE FOUND,,0,NO VALUE FOUND,False,0,[],False,False,Approximately 06:00am a smolder in the coal storage area was discovered. The smolder was extinguished at 10:53am. No injuries or entrapments.,21,Approximately 06:00am a smolder in the coal storage area was discovered. The smolder was extinguished at 10:53am. No injuries or entrapments.,False,,,,train_candidate
msha_004081,msha,no_injury_event,00,ACCIDENT ONLY,2019-12-14,2019,0405701,M,MILL OPERATION/PREPARATION PLANT,FIRE,"Accident type, without injuries",NO VALUE FOUND,NO VALUE FOUND,NO VALUE FOUND,NO VALUE FOUND,,0,NO VALUE FOUND,False,0,[],False,False,Coal was observed to start smoldering on the coal pad. We immediately began looking for the source. We began digging the large pile and compacting it to smother any smoldering. It took approx. 8hrs to dig out the source that was centrally located at the base of the pile. Called in as soon as we were confident there was no smoldering,61,Coal was observed to start smoldering on the coal pad. We immediately began looking for the source. We began digging the large pile and compacting it to smother any smoldering. It took approx. 8hrs to dig out the source that was centrally located at the base of the pile. Called in as soon as we were confident there was no smoldering,False,,,,train_candidate
msha_004087,msha,permanent_impairment,02,PERM TOT OR PERM PRTL DISABLTY,2026-05-07,2026,0901224,M,"STRIP, QUARY, OPEN PIT",MACHINERY,Struck by... NEC,"Surface equipment, NEC","MACHINE,NEC-WELDR,OFC MAC",AMPUTATION OR ENUCLEATION,MULTIPLE PARTS (MORE THAN ONE MAJOR),,1,"Dimension stone machinery, Gangwire saw, Guillotine, Hydrosplit ",False,0,[],True,False,An EE was in the process of cutting a vertical wall cut using a Sky stone wire saw. The saw had been running at normal startup amps. During this time the employee walked behind the saw at the exact time the diamond wire failed and struck the employee on EE's right leg. Causing a laceration to the mid thigh. After physician consultation amputation near the knee was completed.,68,An EE was in the process of cutting a vertical wall cut using a Sky stone wire saw. The saw had been running at normal startup amps. During this time the employee walked behind the saw at the exact time the diamond wire failed and struck the employee on EE's right leg. Causing a laceration to the mid thigh. After physician consultation amputation near the knee was completed.,False,,,,train_candidate
msha_004090,msha,no_injury_event,00,ACCIDENT ONLY,2021-12-01,2021,1000088,M,SURFACE AT UNDERGROUND,HOISTING,"Accident type, without injuries",NO VALUE FOUND,NO VALUE FOUND,NO VALUE FOUND,NO VALUE FOUND,,0,"Elevator, Skip, Cage, Buckets, Mancage, Slope car ",False,0,[],False,False,At approximately 8:05 the electricians hit the E-Stop Button on the KA1 PLC as part of their weekly testing. The hoistman tried to reset the E-Stop but the hoist would not reset and a error code was displayed on the ABB hoist system screen. Electricians diagnosed the problem and cleared the error. The hoist was operational at 9:35am.,58,At approximately 8:05 the electricians hit the E-Stop Button on the KA1 PLC as part of their weekly testing. The hoistman tried to reset the E-Stop but the hoist would not reset and a error code was displayed on the ABB hoist system screen. Electricians diagnosed the problem and cleared the error. The hoist was operational at 9:35am.,False,,,,train_candidate
msha_004091,msha,no_injury_event,00,ACCIDENT ONLY,2026-07-29,2026,1000088,M,SURFACE AT UNDERGROUND,HOISTING,"Accident type, without injuries",NO VALUE FOUND,NO VALUE FOUND,NO VALUE FOUND,NO VALUE FOUND,,0,"Elevator, Skip, Cage, Buckets, Mancage, Slope car ",False,0,[],False,False,Hoistman was signaled to move north conveyance into position for weekly cage inspections at the #2 shaft top station and the hoist tripped out on YA1 Converter fault. Electricians and an ABB technician performed troubleshooting and identified the cause to be a faulty breaker.,44,Hoistman was signaled to move north conveyance into position for weekly cage inspections at the #2 shaft top station and the hoist tripped out on YA1 Converter fault. Electricians and an ABB technician performed troubleshooting and identified the cause to be a faulty breaker.,False,,,,train_candidate
msha_004097,msha,no_injury_event,00,ACCIDENT ONLY,2020-08-15,2020,1200426,M,MILL OPERATION/PREPARATION PLANT,FIRE,"Accident type, without injuries",NO VALUE FOUND,NO VALUE FOUND,NO VALUE FOUND,NO VALUE FOUND,,0,NO VALUE FOUND,False,0,[],False,False,"At approximately 11:32am on Saturday 08/15/2020, BU cooler belt (5 belt) ignited. Plant personnel attempted to extinguish the fire using portable extinguishers and the GFD was contacted for assistance. Fire was extinguished at approximately 12:40pm. Damage to equipment was limited and no injuries resulted from the incident.",47,"At approximately 11:32am on Saturday 08/15/2020, BU cooler belt (5 belt) ignited. Plant personnel attempted to extinguish the fire using portable extinguishers and the GFD was contacted for assistance. Fire was extinguished at approximately 12:40pm. Damage to equipment was limited and no injuries resulted from the incident.",False,,,,train_candidate
msha_004120,msha,no_injury_event,00,ACCIDENT ONLY,2023-03-28,2023,2600672,M,"STRIP, QUARY, OPEN PIT",IMPOUNDMENT,"Accident type, without injuries",NO VALUE FOUND,NO VALUE FOUND,NO VALUE FOUND,NO VALUE FOUND,,0,NO VALUE FOUND,False,0,[],False,False,"At approximately 3:00am a ground failure occurred at the HB pit on the east side access road. Ground failure was approximately 150 in length and approximately 46 feet in width, blocking access to the pit via the east access road. Extremely wet conditions, coupled with freeze/thaw episodes contributed to the failure. No persons were injured or trapped during this ground failure.",61,"At approximately 3:00am a ground failure occurred at the HB pit on the east side access road. Ground failure was approximately 150 in length and approximately 46 feet in width, blocking access to the pit via the east access road. Extremely wet conditions, coupled with freeze/thaw episodes contributed to the failure. No persons were injured or trapped during this ground failure.",False,,,,train_candidate
msha_004132,msha,no_injury_event,00,ACCIDENT ONLY,2024-02-23,2024,3000663,M,SURFACE AT UNDERGROUND,HOISTING,"Accident type, without injuries",NO VALUE FOUND,NO VALUE FOUND,NO VALUE FOUND,NO VALUE FOUND,,0,"Elevator, Skip, Cage, Buckets, Mancage, Slope car ",False,0,[],False,False,The #4 hoist operator noticed that the cable for the back up bell line communication system had become detached and spooled up on the top of the cage.,28,The #4 hoist operator noticed that the cable for the back up bell line communication system had become detached and spooled up on the top of the cage.,False,,,,train_candidate
msha_004135,msha,no_injury_event,00,ACCIDENT ONLY,2023-10-10,2023,3304657,M,"STRIP, QUARY, OPEN PIT",POWERED HAULAGE,"Accident type, without injuries",NO VALUE FOUND,NO VALUE FOUND,NO VALUE FOUND,NO VALUE FOUND,,0,Ore haulage trucks - off highway trucks,False,0,[],False,False,"Haul truck veered off road and rolled onto its side. No injury to operator, only damage to haul truck.",19,"Haul truck veered off road and rolled onto its side. No injury to operator, only damage to haul truck.",False,,,,train_candidate
msha_004144,msha,no_injury_event,00,ACCIDENT ONLY,2024-08-30,2024,3800014,M,MILL OPERATION/PREPARATION PLANT,FIRE,"Accident type, without injuries",NO VALUE FOUND,NO VALUE FOUND,NO VALUE FOUND,NO VALUE FOUND,,0,"Milling machinery, Block press, Ballast machine",False,0,[],False,False,Fire occurred on 8/30/2024 at approx 3:30am but was contained quickly(approx 25 minutes). Our local MSHA Office recommended we report the incident via 7000-1. Buildup of hot material in the Clinker Cooler resulted in the hydraulic seal to the equipment melting and hot material caused a hydraulic oil fire in a small piston compartment on the South side.,58,Fire occurred on 8/30/2024 at approx 3:30am but was contained quickly(approx 25 minutes). Our local MSHA Office recommended we report the incident via 7000-1. Buildup of hot material in the Clinker Cooler resulted in the hydraulic seal to the equipment melting and hot material caused a hydraulic oil fire in a small piston compartment on the South side.,False,,,,train_candidate
msha_004145,msha,permanent_impairment,02,PERM TOT OR PERM PRTL DISABLTY,2024-09-29,2024,3800014,M,MILL OPERATION/PREPARATION PLANT,HANDLING OF MATERIALS,"Caught in, under or between a moving and a stationary object",Machine maintenance,METAL COVERS & GUARDS,AMPUTATION OR ENUCLEATION,FINGER(S)/THUMB,0,1,NO VALUE FOUND,False,0,[],True,False,"Employee was reinstalling a port cover to an access port on the 565-SC1 screw conveyor (which was locked out), and the employee reported that the cover sucked in quickly, pinching EE's finger between the port cover and the port opening.",40,"Employee was reinstalling a port cover to an access port on the 565-SC1 screw conveyor (which was locked out), and the employee reported that the cover sucked in quickly, pinching EE's finger between the port cover and the port opening.",False,,,,train_candidate
msha_004147,msha,fatal,01,FATALITY,2023-01-04,2023,4000115,M,MILL OPERATION/PREPARATION PLANT,MACHINERY,"Caught in, under or between a moving and a stationary object",Machine maintenance,"MACHINE-MILL,CLEANING PLT",CRUSHING,"TRUNK, MULTIPLE PARTS",,1,"Crusher, Breaker, Mills (ball and rod), Feeder breaker",False,0,[],True,True,Employee was assisting repair/replace toggle plate and toggle plate bearings on the jaw crusher when they suffered a pinning type injury.,21,Employee was assisting repair/replace toggle plate and toggle plate bearings on the jaw crusher when they suffered a pinning type injury.,False,,,,train_candidate
msha_004151,msha,no_injury_event,00,ACCIDENT ONLY,2023-04-13,2023,4102885,M,MILL OPERATION/PREPARATION PLANT,FIRE,"Accident type, without injuries",NO VALUE FOUND,NO VALUE FOUND,NO VALUE FOUND,NO VALUE FOUND,,0,NO VALUE FOUND,False,0,[],False,False,A fire broke out on the K1 burner floor coal system when a spark ignited a wooden shed that had accumulated coal.,22,A fire broke out on the K1 burner floor coal system when a spark ignited a wooden shed that had accumulated coal.,False,,,,train_candidate
msha_004153,msha,no_injury_event,00,ACCIDENT ONLY,2026-05-03,2026,4201881,M,"STRIP, QUARY, OPEN PIT",FIRE,"Accident type, without injuries",NO VALUE FOUND,NO VALUE FOUND,NO VALUE FOUND,NO VALUE FOUND,,0,"Crusher, Breaker, Mills (ball and rod), Feeder breaker",False,0,[],False,False,"At approximately 12:35 PM, a fire occurred at the TR Bolinder Crusher. Prior to the incident, maintenance activities were being performed on the guarding for the cone feed, during which a torch was used to clear bolt holes for installation of the guard. Upon completion of the task, three bolinder employees left the work area and returned to their trailer for a scheduled break.",64,"At approximately 12:35 PM, a fire occurred at the TR Bolinder Crusher. Prior to the incident, maintenance activities were being performed on the guarding for the cone feed, during which a torch was used to clear bolt holes for installation of the guard. Upon completion of the task, three bolinder employees left the work area and returned to their trailer for a scheduled break.",False,,,,train_candidate
msha_004155,msha,permanent_impairment,02,PERM TOT OR PERM PRTL DISABLTY,2024-01-04,2024,4404856,C,UNDERGROUND,POWERED HAULAGE,"Caught in, under or between a moving and a stationary object","Crawling, Kneeling","MINE JEEP,KERSEY,JITNEY",AMPUTATION OR ENUCLEATION,LOWER LEG/TIBIA/FIBULA,298,1,"Load-haul-dump, Scoop tram, Transloader, Unitrac, S&S Battery",False,0,[],True,False,"Employee was pinned against the rib with a Fairchild scoop # 414 at crosscut #52 in the #2 entry of 15 East development section, amputating EE's right Leg blow the knee.",31,"Employee was pinned against the rib with a Fairchild scoop # 414 at crosscut #52 in the #2 entry of 15 East development section, amputating EE's right Leg blow the knee.",False,,,,train_candidate
msha_004160,msha,no_injury_event,00,ACCIDENT ONLY,2022-03-28,2022,4607985,C,MILL OPERATION/PREPARATION PLANT,FIRE,"Accident type, without injuries",NO VALUE FOUND,NO VALUE FOUND,NO VALUE FOUND,NO VALUE FOUND,,0,NO VALUE FOUND,False,0,[],False,False,"At approximately 1:30am, the security guard was making rounds at the plant smelled a sulfur smell at the road above the clean coal silos. EE contacted the foreman who came and found a black steam coming out of the top vents of the #4 silo. After a plan approval the coal was removed from the silo through a stacking tube, spread out and water was applied to cool the heated coal.",71,"At approximately 1:30am, the security guard was making rounds at the plant smelled a sulfur smell at the road above the clean coal silos. EE contacted the foreman who came and found a black steam coming out of the top vents of the #4 silo. After a plan approval the coal was removed from the silo through a stacking tube, spread out and water was applied to cool the heated coal.",False,,,,train_candidate
msha_004168,msha,no_injury_event,00,ACCIDENT ONLY,2022-04-07,2022,4800977,C,"STRIP, QUARY, OPEN PIT",FIRE,"Accident type, without injuries",NO VALUE FOUND,NO VALUE FOUND,NO VALUE FOUND,NO VALUE FOUND,,0,NO VALUE FOUND,False,0,[],False,False,A large coal wall was found burning in a pit that was not currently being mined.,16,A large coal wall was found burning in a pit that was not currently being mined.,False,,,,train_candidate
msha_004169,msha,no_injury_event,00,ACCIDENT ONLY,2024-07-14,2024,4800977,C,"STRIP, QUARY, OPEN PIT",FIRE,"Accident type, without injuries",NO VALUE FOUND,NO VALUE FOUND,NO VALUE FOUND,NO VALUE FOUND,,0,NO VALUE FOUND,False,0,[],False,False,"A grass fire started under the powerlines and burned for over 30 minutes. Five dead black birds were found at the ignition point, indicating they had caused a phase-to-phase arc flash.",31,"A grass fire started under the powerlines and burned for over 30 minutes. Five dead black birds were found at the ignition point, indicating they had caused a phase-to-phase arc flash.",False,,,,train_candidate
msha_004170,msha,no_injury_event,00,ACCIDENT ONLY,2019-11-23,2019,4800993,C,"STRIP, QUARY, OPEN PIT",FIRE,"Accident type, without injuries",NO VALUE FOUND,NO VALUE FOUND,NO VALUE FOUND,NO VALUE FOUND,,0,NO VALUE FOUND,False,0,[],False,False,"Smoker was identified in the West Pit, bull dozer was deployed to area and is working to extinguish.",18,"Smoker was identified in the West Pit, bull dozer was deployed to area and is working to extinguish.",False,,,,train_candidate
msha_004173,msha,no_injury_event,00,ACCIDENT ONLY,2019-11-26,2019,0100851,C,SURFACE AT UNDERGROUND,HOISTING,"Accident type, without injuries",NO VALUE FOUND,NO VALUE FOUND,NO VALUE FOUND,NO VALUE FOUND,,0,"Elevator, Skip, Cage, Buckets, Mancage, Slope car ",False,0,[],False,False,The South Portal Material Hoist had a planned outage. This was to removed 500 feet of excess cable because it would not track right on the drum and would cause excess wear. The excess cable was removed and the hoist was put back in service.,45,The South Portal Material Hoist had a planned outage. This was to removed 500 feet of excess cable because it would not track right on the drum and would cause excess wear. The excess cable was removed and the hoist was put back in service.,False,,,,train_candidate
msha_004174,msha,no_injury_event,00,ACCIDENT ONLY,2023-03-23,2023,0100851,C,SURFACE AT UNDERGROUND,HOISTING,"Accident type, without injuries",NO VALUE FOUND,NO VALUE FOUND,NO VALUE FOUND,NO VALUE FOUND,,0,"Elevator, Skip, Cage, Buckets, Mancage, Slope car ",False,0,[],False,False,"The SP elevator was taken out of service due a bent linkage on the inside door. The linkage was removed and straightened before it was reinstalled, the elevator tested, and the elevator was placed back into service.",37,"The SP elevator was taken out of service due a bent linkage on the inside door. The linkage was removed and straightened before it was reinstalled, the elevator tested, and the elevator was placed back into service.",False,,,,train_candidate
msha_004186,msha,no_injury_event,00,ACCIDENT ONLY,2019-12-15,2019,0801395,M,"STRIP, QUARY, OPEN PIT",POWERED HAULAGE,"Accident type, without injuries",NO VALUE FOUND,NO VALUE FOUND,NO VALUE FOUND,NO VALUE FOUND,,0,"Front-end loader, Tractor-shovel, Payloader, Highlift, Skip loader",False,0,[],False,False,Operator was cleaning out from around the 89 conveyor when EE accidently hit the conveyor with the loader. There was no injuries.,22,Operator was cleaning out from around the 89 conveyor when EE accidently hit the conveyor with the loader. There was no injuries.,False,,,,train_candidate
msha_004187,msha,fatal,01,FATALITY,2024-04-13,2024,0901126,M,"STRIP, QUARY, OPEN PIT",OTHER,Drowning,Handling supplies or material,WATER,"SUFFOC,SMOK INHILAT,DROWN",BODY SYSTEMS,0,1,NO VALUE FOUND,False,0,[],True,True,"Based on investigation to date, employee suffered a personal medical event (cardiac arrest). ""Per Prelim: After washing a concrete pad, a miner drowned in a two-foot-deep pool of water.""",29,"Based on investigation to date, employee suffered a personal medical event (cardiac arrest). ""Per Prelim: After washing a concrete pad, a miner drowned in a two-foot-deep pool of water.""",False,,,,train_candidate
msha_004217,msha,no_injury_event,00,ACCIDENT ONLY,2022-09-05,2022,2302171,M,SURFACE AT UNDERGROUND,FIRE,"Accident type, without injuries",NO VALUE FOUND,NO VALUE FOUND,NO VALUE FOUND,NO VALUE FOUND,,0,NO VALUE FOUND,False,0,[],False,False,West end of raw fuel storage pile caught on fire. Unknown cause of fire. No one working in the area and no one affected by the fire. Heat warped tin roof and burned paint from support columns.,37,West end of raw fuel storage pile caught on fire. Unknown cause of fire. No one working in the area and no one affected by the fire. Heat warped tin roof and burned paint from support columns.,False,,,,train_candidate
msha_004225,msha,no_injury_event,00,ACCIDENT ONLY,2023-04-28,2023,3000840,M,"STRIP, QUARY, OPEN PIT",ELECTRICAL,"Accident type, without injuries",NO VALUE FOUND,NO VALUE FOUND,NO VALUE FOUND,NO VALUE FOUND,,0,"Machine, NEC - Wheelbarrow, Well drilling Rig, Post hole auger",False,0,[],False,False,"Switch gear shorted out and caught fire that was being fed by Cat 3512 genset. Fire lasted longer than 30 min so contacted 1-800-746-1553 Immediately reportable accidents, Called field office too. MSHA on site in 20 min. No injuries",39,"Switch gear shorted out and caught fire that was being fed by Cat 3512 genset. Fire lasted longer than 30 min so contacted 1-800-746-1553 Immediately reportable accidents, Called field office too. MSHA on site in 20 min. No injuries",False,,,,train_candidate
msha_004233,msha,no_injury_event,00,ACCIDENT ONLY,2025-06-28,2025,3301994,M,SURFACE AT UNDERGROUND,FIRE,"Accident type, without injuries",NO VALUE FOUND,NO VALUE FOUND,NO VALUE FOUND,NO VALUE FOUND,,0,"Mancar, Mantrip, Personnel carrier, Porta bus, Jeep, Jitney, ATV",False,0,[],False,False,An employee observed an electrician's golf cart that was parked near the Phoist control room was on fire and notified their supervisor. The supervisor contacted CFD and verified that the EVAC system was activated. The supervisor immediately traveled to the location of the golf cart and found that the fire had been extinguished by employees using fire extinguishers.,58,An employee observed an electrician's golf cart that was parked near the Phoist control room was on fire and notified their supervisor. The supervisor contacted CFD and verified that the EVAC system was activated. The supervisor immediately traveled to the location of the golf cart and found that the fire had been extinguished by employees using fire extinguishers.,False,,,,train_candidate
msha_004236,msha,no_injury_event,00,ACCIDENT ONLY,2021-03-26,2021,3601966,C,MILL OPERATION/PREPARATION PLANT,FIRE,"Accident type, without injuries",NO VALUE FOUND,NO VALUE FOUND,NO VALUE FOUND,NO VALUE FOUND,,0,NO VALUE FOUND,False,0,[],False,False,Brush fire on mine property. No employees or structures were in danger. Fire department responded. It took over 30 minutes to extinguish the fire.,24,Brush fire on mine property. No employees or structures were in danger. Fire department responded. It took over 30 minutes to extinguish the fire.,False,,,,train_candidate
msha_004241,msha,no_injury_event,00,ACCIDENT ONLY,2022-12-18,2022,3608871,C,CULM BANK/REFUSE PILE,FIRE,"Accident type, without injuries",NO VALUE FOUND,NO VALUE FOUND,NO VALUE FOUND,NO VALUE FOUND,,0,NO VALUE FOUND,False,0,[],False,False,There was a fire discovered on the one bank on the job site.,13,There was a fire discovered on the one bank on the job site.,False,,,,train_candidate
msha_004242,msha,no_injury_event,00,ACCIDENT ONLY,2023-11-25,2023,3800007,M,MILL OPERATION/PREPARATION PLANT,FIRE,"Accident type, without injuries",NO VALUE FOUND,NO VALUE FOUND,NO VALUE FOUND,NO VALUE FOUND,,0,"Crusher, Breaker, Mills (ball and rod), Feeder breaker",False,0,[],False,False,A fire was observed in the coal mill. It is likely that the slinger arms broke off in the coal mill equipment causing sparks and increased friction resulting in coal being heated and starting to combust.,36,A fire was observed in the coal mill. It is likely that the slinger arms broke off in the coal mill equipment causing sparks and increased friction resulting in coal being heated and starting to combust.,False,,,,train_candidate
msha_004244,msha,no_injury_event,00,ACCIDENT ONLY,2025-03-24,2025,3800146,M,"STRIP, QUARY, OPEN PIT",FIRE,"Accident type, without injuries",NO VALUE FOUND,NO VALUE FOUND,NO VALUE FOUND,NO VALUE FOUND,,0,NO VALUE FOUND,False,0,[],False,False,Upon arrival at the mine site a brush fire was located on the back side of the property between the pit and rail line. This area is away from the plant and consequently did not expose miners to the hazard. 800 number called. Fire extinguished and monitored by local fire department.,51,Upon arrival at the mine site a brush fire was located on the back side of the property between the pit and rail line. This area is away from the plant and consequently did not expose miners to the hazard. 800 number called. Fire extinguished and monitored by local fire department.,False,,,,train_candidate
msha_004260,msha,no_injury_event,00,ACCIDENT ONLY,2023-12-09,2023,4604168,C,SURFACE AT UNDERGROUND,HOISTING,"Accident type, without injuries",NO VALUE FOUND,NO VALUE FOUND,NO VALUE FOUND,NO VALUE FOUND,,0,"Elevator, Skip, Cage, Buckets, Mancage, Slope car ",False,0,[],False,False,Main Slope hoist hoisting cable showed enough wear that it was time to replace. Hoist was down until 6:00pm that day.,21,Main Slope hoist hoisting cable showed enough wear that it was time to replace. Hoist was down until 6:00pm that day.,False,,,,train_candidate
msha_004262,msha,no_injury_event,00,ACCIDENT ONLY,2023-09-24,2023,4605437,C,SURFACE AT UNDERGROUND,HOISTING,"Accident type, without injuries",NO VALUE FOUND,NO VALUE FOUND,NO VALUE FOUND,NO VALUE FOUND,,0,"Elevator, Skip, Cage, Buckets, Mancage, Slope car ",False,0,[],False,False,At approx. 9:20pm it was found that the Coal Fork elevator was not operating. Once electricians arrived they determined there was a ground that caused the contactor to go bad. At approx. 1:15am the elevator was back in full operation.,40,At approx. 9:20pm it was found that the Coal Fork elevator was not operating. Once electricians arrived they determined there was a ground that caused the contactor to go bad. At approx. 1:15am the elevator was back in full operation.,False,,,,train_candidate
msha_004268,msha,no_injury_event,00,ACCIDENT ONLY,2019-05-13,2019,4703675,M,"STRIP, QUARY, OPEN PIT",FIRE,"Accident type, without injuries",NO VALUE FOUND,NO VALUE FOUND,NO VALUE FOUND,NO VALUE FOUND,,0,"Locomotive, (motor) - rail-mounted (Battery, Steam, Electric, Air)",False,0,[],False,False,Dry spring grass was ignited by sparking from carbon build up in locomotive exhaust stack. Damage was limited to grass on property. No equipment or other asset damage. No injuries.,30,Dry spring grass was ignited by sparking from carbon build up in locomotive exhaust stack. Damage was limited to grass on property. No equipment or other asset damage. No injuries.,False,,,,train_candidate
msha_004270,msha,no_injury_event,00,ACCIDENT ONLY,2025-10-23,2025,4800977,C,"STRIP, QUARY, OPEN PIT",FIRE,"Accident type, without injuries",NO VALUE FOUND,NO VALUE FOUND,NO VALUE FOUND,NO VALUE FOUND,,0,NO VALUE FOUND,False,0,[],False,False,A coal fire was discovered in the 5 west pit that could not be extinguished within 30 minutes,18,A coal fire was discovered in the 5 west pit that could not be extinguished within 30 minutes,False,,,,train_candidate
msha_004271,msha,permanent_impairment,02,PERM TOT OR PERM PRTL DISABLTY,2026-04-19,2026,4800977,C,"STRIP, QUARY, OPEN PIT",POWERED HAULAGE,Struck by... NEC,"Surface equipment, NEC","CRANES,DERRICKS",AMPUTATION OR ENUCLEATION,FINGER(S)/THUMB,18,1,"Crane, Cherry picker, Lift basket, Scissor truck, Boom truck",False,0,[],True,False,A millwright was moving parts with a knuckle boom when the controller was bumped resulting in an injury to the finger that required stitches.,24,A millwright was moving parts with a knuckle boom when the controller was bumped resulting in an injury to the finger that required stitches.,False,,,,train_candidate
msha_004272,msha,no_injury_event,00,ACCIDENT ONLY,2023-12-19,2023,4800992,C,"STRIP, QUARY, OPEN PIT",FIRE,"Accident type, without injuries",NO VALUE FOUND,NO VALUE FOUND,NO VALUE FOUND,NO VALUE FOUND,,0,"Bulldozer, Dozer, Crawler tractor, Push cat",False,0,[],False,False,D11 Track Dozer caught on fire while pushing in the Cast. No injuries. Fire was extinguished about the 30 min mark.,21,D11 Track Dozer caught on fire while pushing in the Cast. No injuries. Fire was extinguished about the 30 min mark.,False,,,,train_candidate
msha_004273,msha,no_injury_event,00,ACCIDENT ONLY,2024-05-16,2024,4801078,C,"STRIP, QUARY, OPEN PIT",FIRE,"Accident type, without injuries",NO VALUE FOUND,NO VALUE FOUND,NO VALUE FOUND,NO VALUE FOUND,,0,NO VALUE FOUND,False,0,[],False,False,A coal oxidizer was located in the top of Roland in West Cast pit area. The oxidizer is at the top of the coal seam under the cast wall and will require more than 30 minutes but are currently in the process of getting equipment into the area to extinguish.,50,A coal oxidizer was located in the top of Roland in West Cast pit area. The oxidizer is at the top of the coal seam under the cast wall and will require more than 30 minutes but are currently in the process of getting equipment into the area to extinguish.,False,,,,train_candidate
msha_004276,msha,no_injury_event,00,ACCIDENT ONLY,2022-04-03,2022,4801353,C,"STRIP, QUARY, OPEN PIT",FIRE,"Accident type, without injuries",NO VALUE FOUND,NO VALUE FOUND,NO VALUE FOUND,NO VALUE FOUND,,0,NO VALUE FOUND,False,0,[],False,False,A small coal fines fire was not extinguished within 30 minutes of discovery.,13,A small coal fines fire was not extinguished within 30 minutes of discovery.,False,,,,train_candidate
msha_004277,msha,no_injury_event,00,ACCIDENT ONLY,2022-03-20,2022,0100851,C,SURFACE AT UNDERGROUND,HOISTING,"Accident type, without injuries",NO VALUE FOUND,NO VALUE FOUND,NO VALUE FOUND,NO VALUE FOUND,,0,"Elevator, Skip, Cage, Buckets, Mancage, Slope car ",False,0,[],False,False,The SP Material Hoist was taken out of service for a planned outage. There was a spot in the cable that needed removed. There was 320' of cable removed. The hoist was tested and placed back into service. MSHA was notified via the hotline.,44,The SP Material Hoist was taken out of service for a planned outage. There was a spot in the cable that needed removed. There was 320' of cable removed. The hoist was tested and placed back into service. MSHA was notified via the hotline.,False,,,,train_candidate
msha_004279,msha,no_injury_event,00,ACCIDENT ONLY,2022-11-16,2022,0103544,M,"STRIP, QUARY, OPEN PIT",POWERED HAULAGE,"Accident type, without injuries",NO VALUE FOUND,NO VALUE FOUND,NO VALUE FOUND,NO VALUE FOUND,,0,Ore haulage trucks - off highway trucks,False,0,[],False,False,"Contractor haul truck over traveled berm. no injuries to miner, no damage to equipment",14,"Contractor haul truck over traveled berm. no injuries to miner, no damage to equipment",False,,,,train_candidate
msha_004282,msha,fatal,01,FATALITY,2023-01-17,2023,0400036,M,MILL OPERATION/PREPARATION PLANT,POWERED HAULAGE,Struck against a moving object,Travel ,"PASS CARS,PICKUP TRUCKS","UNCLASSIFIED,NOT DETERMED","HEAD,NEC",,1,"Trucks, Service truck, Utility truck, Pickup, Water truck, Fuel truck",False,0,[],True,True,EE was involved in a traffic accident on the road that leads to the plant. EE was extricated from the vehicle and transported to the hospital where EE later died.,30,EE was involved in a traffic accident on the road that leads to the plant. EE was extricated from the vehicle and transported to the hospital where EE later died.,False,,,,train_candidate
msha_004285,msha,permanent_impairment,02,PERM TOT OR PERM PRTL DISABLTY,2023-05-09,2023,0401878,M,"STRIP, QUARY, OPEN PIT",SLIP OR FALL OF PERSON,"Caught in, under or between NEC",Handling supplies or material,METAL COVERS & GUARDS,AMPUTATION OR ENUCLEATION,FINGER(S)/THUMB,,1,NO VALUE FOUND,False,0,[],True,False,"IW was hooking up a small water trailer to a pickup truck. In the process EE fell and reached out to catch self. EE's left pointer finger tip was caught in between the trailer hitch and ball. Approximately 1/2"" of the tip was amputated. Taken to ER where they performed surgery to properly close the wound.",56,"IW was hooking up a small water trailer to a pickup truck. In the process EE fell and reached out to catch self. EE's left pointer finger tip was caught in between the trailer hitch and ball. Approximately 1/2"" of the tip was amputated. Taken to ER where they performed surgery to properly close the wound.",False,,,,train_candidate
msha_004286,msha,no_injury_event,00,ACCIDENT ONLY,2024-03-26,2024,0405338,M,"STRIP, QUARY, OPEN PIT",FIRE,"Accident type, without injuries",NO VALUE FOUND,NO VALUE FOUND,NO VALUE FOUND,NO VALUE FOUND,,0,"Shovel, Power shovel, Backhoe, Trackhoe, Dragline - Big Muskie",False,0,[],False,False,Incident happened on the first day of running a brand new equipment (dragline). Operators were being tasked trained on a day when the plant was shut down and locked out. Fire broke out in engine compartment and damaged the engine. No one was hurt. Esparto Fire Department responded and eliminated the fire. The fire did not spread.,57,Incident happened on the first day of running a brand new equipment (dragline). Operators were being tasked trained on a day when the plant was shut down and locked out. Fire broke out in engine compartment and damaged the engine. No one was hurt. Esparto Fire Department responded and eliminated the fire. The fire did not spread.,False,,,,train_candidate
msha_004287,msha,no_injury_event,00,ACCIDENT ONLY,2023-12-21,2023,0405701,M,MILL OPERATION/PREPARATION PLANT,FIRE,"Accident type, without injuries",NO VALUE FOUND,NO VALUE FOUND,NO VALUE FOUND,NO VALUE FOUND,,0,NO VALUE FOUND,True,2,"[""oil tank""]",False,False,The step switch oil tank for raw mill caught fire likely due to the motor continuing to run after the command from the PLC was given to stop. The wound rotor leads flowed current to the high resistance contacts of the step switch which would generate considerable heat and eventually cause the oil in the tank to ignite.,58,The step switch oil tank for raw mill caught fire likely due to the motor continuing to run after the command from the PLC was given to stop. The wound rotor leads flowed current to the high resistance contacts of the step switch which would generate considerable heat and eventually cause the oil in the tank to ignite.,False,,,,train_candidate
msha_004296,msha,no_injury_event,00,ACCIDENT ONLY,2021-02-13,2021,1000082,M,SURFACE AT UNDERGROUND,HOISTING,"Accident type, without injuries",NO VALUE FOUND,NO VALUE FOUND,NO VALUE FOUND,NO VALUE FOUND,,0,"Elevator, Skip, Cage, Buckets, Mancage, Slope car ",False,0,[],False,False,"Snowing, tree along sand line road fell across power line, shutting down power to the mine",16,"Snowing, tree along sand line road fell across power line, shutting down power to the mine",False,,,,train_candidate
msha_004298,msha,no_injury_event,00,ACCIDENT ONLY,2020-01-07,2020,1000088,M,SURFACE AT UNDERGROUND,HOISTING,"Accident type, without injuries",NO VALUE FOUND,NO VALUE FOUND,NO VALUE FOUND,NO VALUE FOUND,,0,"Elevator, Skip, Cage, Buckets, Mancage, Slope car ",False,0,[],False,False,"Due to a power bump caused by a snow storm, a trip coil in the MG set contactor for the #2 hoist burned out. A replacement was found and the hoist was put back into service.",36,"Due to a power bump caused by a snow storm, a trip coil in the MG set contactor for the #2 hoist burned out. A replacement was found and the hoist was put back into service.",False,,,,train_candidate
msha_004306,msha,permanent_impairment,02,PERM TOT OR PERM PRTL DISABLTY,2023-10-16,2023,1103193,C,UNDERGROUND,POWERED HAULAGE,Struck by... NEC,Observe operations,"METAL,NEC(PIPE,WIRE,NAIL)",AMPUTATION OR ENUCLEATION,LOWER LEG/TIBIA/FIBULA,76,1,"Shuttle car, Buggy, Ram car, Young buggy, Teletram car ",False,0,[],True,False,Employee was outside of ram car in Entry 2 (12+60) in Unit 4. The tailgate of the ram car was sticking out into the intersection when it was struck by a battery scoop cab. This shifted the ram car and the tire rub rail stuck the employees right knee into the rib.,52,Employee was outside of ram car in Entry 2 (12+60) in Unit 4. The tailgate of the ram car was sticking out into the intersection when it was struck by a battery scoop cab. This shifted the ram car and the tire rub rail stuck the employees right knee into the rib.,False,,,,train_candidate
msha_004315,msha,no_injury_event,00,ACCIDENT ONLY,2025-01-12,2025,1800780,C,SURFACE AT UNDERGROUND,FIRE,"Accident type, without injuries",NO VALUE FOUND,NO VALUE FOUND,NO VALUE FOUND,NO VALUE FOUND,,0,NO VALUE FOUND,False,0,[],False,False,"Fire started in one of three buildings burning down the mantrip building, water shed, and the old shower house. There was no one at work during the time when the fire started.",32,"Fire started in one of three buildings burning down the mantrip building, water shed, and the old shower house. There was no one at work during the time when the fire started.",False,,,,train_candidate
msha_004320,msha,permanent_impairment,02,PERM TOT OR PERM PRTL DISABLTY,2022-08-23,2022,2302176,M,MILL OPERATION/PREPARATION PLANT,HANDLING OF MATERIALS,"Caught in, under or between two or more moving objects","Handling coal, Rock, Ore","BROKEN ROCK,COAL,ORE,WSTE",AMPUTATION OR ENUCLEATION,FINGER(S)/THUMB,0,1,"Dimension stone machinery, Gangwire saw, Guillotine, Hydrosplit ",False,0,[],True,False,EE was rolling stone back from splitter mouth when the material continued to roll back smashing EE's left thumb between multiple pieces of stone,24,EE was rolling stone back from splitter mouth when the material continued to roll back smashing EE's left thumb between multiple pieces of stone,False,,,,train_candidate
msha_004321,msha,no_injury_event,00,ACCIDENT ONLY,2025-05-19,2025,2302232,M,SURFACE AT UNDERGROUND,FIRE,"Accident type, without injuries",NO VALUE FOUND,NO VALUE FOUND,NO VALUE FOUND,NO VALUE FOUND,,0,"Shovel, Power shovel, Backhoe, Trackhoe, Dragline - Big Muskie",False,0,[],False,False,Employees arrived for the shift to find a backhoe on fire. Cause of fire was determined to be a lightning strike.,21,Employees arrived for the shift to find a backhoe on fire. Cause of fire was determined to be a lightning strike.,False,,,,train_candidate
msha_004327,msha,no_injury_event,00,ACCIDENT ONLY,2021-10-10,2021,2601942,M,MILL OPERATION/PREPARATION PLANT,POWERED HAULAGE,"Accident type, without injuries",NO VALUE FOUND,NO VALUE FOUND,NO VALUE FOUND,NO VALUE FOUND,,0,"Man lift, Lift basket, Basket scaler, Self-propelled hydraulic boom",False,0,[],False,False,"While performing a stack test, Business Partner employees raised the Genie man-lift to approximately 60' and began to have control problem. Inside the bucket, they tried to get the controls to work, unable to do so, the supervisor tried to get them down from the ground controls. They were unable to get the bucket lowered, NGM employees used a crane bucket to get them down safely.",66,"While performing a stack test, Business Partner employees raised the Genie man-lift to approximately 60' and began to have control problem. Inside the bucket, they tried to get the controls to work, unable to do so, the supervisor tried to get them down from the ground controls. They were unable to get the bucket lowered, NGM employees used a crane bucket to get them down safely.",False,,,,train_candidate
msha_004331,msha,no_injury_event,00,ACCIDENT ONLY,2020-09-06,2020,3000663,M,SURFACE AT UNDERGROUND,HOISTING,"Accident type, without injuries",NO VALUE FOUND,NO VALUE FOUND,NO VALUE FOUND,NO VALUE FOUND,,0,"Elevator, Skip, Cage, Buckets, Mancage, Slope car ",False,0,[],False,False,"Test trip of back up generator being performed, tranformer that powers hoist shorted out. Skip was surface level. There were zero men aboard the skip.",25,"Test trip of back up generator being performed, tranformer that powers hoist shorted out. Skip was surface level. There were zero men aboard the skip.",False,,,,train_candidate
msha_004343,msha,no_injury_event,00,ACCIDENT ONLY,2019-04-23,2019,3607416,C,SURFACE AT UNDERGROUND,HOISTING,"Accident type, without injuries",NO VALUE FOUND,NO VALUE FOUND,NO VALUE FOUND,NO VALUE FOUND,,0,"Elevator, Skip, Cage, Buckets, Mancage, Slope car ",False,0,[],False,False,While performing the weekly drum break accumulator test on the oak springs hoist. It was determined that the accumulator failed the test due to low nitrogen pressure. Nitrogen was added to pass the test.,34,While performing the weekly drum break accumulator test on the oak springs hoist. It was determined that the accumulator failed the test due to low nitrogen pressure. Nitrogen was added to pass the test.,False,,,,train_candidate
msha_004344,msha,no_injury_event,00,ACCIDENT ONLY,2025-06-18,2025,3607416,C,SURFACE AT UNDERGROUND,HOISTING,"Accident type, without injuries",NO VALUE FOUND,NO VALUE FOUND,NO VALUE FOUND,NO VALUE FOUND,,0,"Elevator, Skip, Cage, Buckets, Mancage, Slope car ",False,0,[],False,False,The hoist rope attached to the slope car at Oak Springs was found to be damaged 24ft from the car. The car was taken out of service and 24ft of cable was removed and the cable re-terminated by Ketchem on 6/18/2025.,41,The hoist rope attached to the slope car at Oak Springs was found to be damaged 24ft from the car. The car was taken out of service and 24ft of cable was removed and the cable re-terminated by Ketchem on 6/18/2025.,False,,,,train_candidate
msha_004345,msha,no_injury_event,00,ACCIDENT ONLY,2020-03-06,2020,3607805,C,MILL OPERATION/PREPARATION PLANT,POWERED HAULAGE,"Accident type, without injuries",NO VALUE FOUND,NO VALUE FOUND,NO VALUE FOUND,NO VALUE FOUND,,0,"Front-end loader, Tractor-shovel, Payloader, Highlift, Skip loader",False,0,[],False,False,operator error caused 988H loader to be toppled on its left side.,12,operator error caused 988H loader to be toppled on its left side.,False,,,,train_candidate
msha_004347,msha,no_injury_event,00,ACCIDENT ONLY,2025-11-15,2025,3900022,M,MILL OPERATION/PREPARATION PLANT,FIRE,"Accident type, without injuries",NO VALUE FOUND,NO VALUE FOUND,NO VALUE FOUND,NO VALUE FOUND,,0,NO VALUE FOUND,False,0,[],False,False,"Lost the kiln mcc and lost power to kiln draft, and the atox feed belt caught fire. Fire was controlled in about 15 minutes.",24,"Lost the kiln mcc and lost power to kiln draft, and the atox feed belt caught fire. Fire was controlled in about 15 minutes.",False,,,,train_candidate
msha_004358,msha,no_injury_event,00,ACCIDENT ONLY,2020-01-23,2020,4601544,C,SURFACE AT UNDERGROUND,HOISTING,"Accident type, without injuries",NO VALUE FOUND,NO VALUE FOUND,NO VALUE FOUND,NO VALUE FOUND,,0,"Elevator, Skip, Cage, Buckets, Mancage, Slope car ",False,0,[],False,False,A malfunction of a slope car part occurred. NO persons were injured as a result of this incident. Production had not yet started and all employees were recalled to the surface. The primary and alternate escapeways were still available. The car was repaired at 09:45am.,45,A malfunction of a slope car part occurred. NO persons were injured as a result of this incident. Production had not yet started and all employees were recalled to the surface. The primary and alternate escapeways were still available. The car was repaired at 09:45am.,False,,,,train_candidate
msha_004371,msha,fatal,01,FATALITY,2024-07-12,2024,4609627,C,"STRIP, QUARY, OPEN PIT",POWERED HAULAGE,Struck by powered moving object,"Walking, Running",SURFACE MINING MACHINES,CRUSHING,MULTIPLE PARTS (MORE THAN ONE MAJOR),,1,"Front-end loader, Tractor-shovel, Payloader, Highlift, Skip loader",False,0,[],True,True,Employee was out of their truck and on the pit floor while the 993 (LD270) Loader was being trouble shot trying to find a leaking hose. While walking to their 785 truck the employee traveled under the bucket of the 993 loader and was struck causing severe crushing injuries from their waist down.,53,Employee was out of their truck and on the pit floor while the 993 (LD270) Loader was being trouble shot trying to find a leaking hose. While walking to their 785 truck the employee traveled under the bucket of the 993 loader and was struck causing severe crushing injuries from their waist down.,False,,,,train_candidate
msha_004381,msha,no_injury_event,00,ACCIDENT ONLY,2025-06-06,2025,0100851,C,SURFACE AT UNDERGROUND,HOISTING,"Accident type, without injuries",NO VALUE FOUND,NO VALUE FOUND,NO VALUE FOUND,NO VALUE FOUND,,0,"Elevator, Skip, Cage, Buckets, Mancage, Slope car ",False,0,[],False,False,"The #5 Escape Capsule was taken out of service after a loss in hydraulic pressure would not allow the brakes to release. Debris was cleaned from the hydraulic system, the hoist was tested, and placed back in service",38,"The #5 Escape Capsule was taken out of service after a loss in hydraulic pressure would not allow the brakes to release. Debris was cleaned from the hydraulic system, the hoist was tested, and placed back in service",False,,,,train_candidate
msha_004391,msha,no_injury_event,00,ACCIDENT ONLY,2021-12-06,2021,0400119,M,"STRIP, QUARY, OPEN PIT",FIRE,"Accident type, without injuries",NO VALUE FOUND,NO VALUE FOUND,NO VALUE FOUND,NO VALUE FOUND,,0,NO VALUE FOUND,False,0,[],False,False,"Contractor was cutting an opening in a rubber lined chute when the rubber liner caught fire. Contractor attempted to extinguish the fire with a water hose. The plastic screen media above the chute proceeded to catch fire which then ignited a conveyor belt overhead, damaging the chute, screen, belt and nearby components.",52,"Contractor was cutting an opening in a rubber lined chute when the rubber liner caught fire. Contractor attempted to extinguish the fire with a water hose. The plastic screen media above the chute proceeded to catch fire which then ignited a conveyor belt overhead, damaging the chute, screen, belt and nearby components.",False,,,,train_candidate
msha_004395,msha,permanent_impairment,02,PERM TOT OR PERM PRTL DISABLTY,2025-07-24,2025,0901139,M,MILL OPERATION/PREPARATION PLANT,HANDTOOLS (NONPOWERED),"Caught in, under or between a moving and a stationary object",Hand tools (not powered),WRENCH,AMPUTATION OR ENUCLEATION,FINGER(S)/THUMB,34,1,Hand tools (not powered),False,0,[],True,False,Employee was installing drive belts on CV22. EE was adjusting the motor mounts when EE's right index finger tip was pinched between the wrench and the mount.,27,Employee was installing drive belts on CV22. EE was adjusting the motor mounts when EE's right index finger tip was pinched between the wrench and the mount.,False,,,,train_candidate
msha_004398,msha,no_injury_event,00,ACCIDENT ONLY,2020-01-23,2020,1000082,M,SURFACE AT UNDERGROUND,HOISTING,"Accident type, without injuries",NO VALUE FOUND,NO VALUE FOUND,NO VALUE FOUND,NO VALUE FOUND,,0,"Elevator, Skip, Cage, Buckets, Mancage, Slope car ",False,0,[],False,False,"No. 3 Hoist kicked out - computer showed ""brakes not set"" Consulted with Spencer Engineering - mechanics reset limit switch on south brake ring - ran safety checks and shaft run, back up and running.",35,"No. 3 Hoist kicked out - computer showed ""brakes not set"" Consulted with Spencer Engineering - mechanics reset limit switch on south brake ring - ran safety checks and shaft run, back up and running.",False,,,,train_candidate
msha_004400,msha,no_injury_event,00,ACCIDENT ONLY,2023-05-22,2023,1000088,M,SURFACE AT UNDERGROUND,HOISTING,"Accident type, without injuries",NO VALUE FOUND,NO VALUE FOUND,NO VALUE FOUND,NO VALUE FOUND,,0,"Elevator, Skip, Cage, Buckets, Mancage, Slope car ",False,0,[],False,False,"A breaker for the battery backup for the #2 hoist tripped during a severe weather event during the night. This caused the batteries to wear down because they could not charge due to the tripped breaker. Once the battery level got low enough, it tripped another breaker to the Grinnell System. This caused the hoist to shut down.",58,"A breaker for the battery backup for the #2 hoist tripped during a severe weather event during the night. This caused the batteries to wear down because they could not charge due to the tripped breaker. Once the battery level got low enough, it tripped another breaker to the Grinnell System. This caused the hoist to shut down.",False,,,,train_candidate
msha_004402,msha,no_injury_event,00,ACCIDENT ONLY,2024-10-14,2024,1200427,M,SURFACE AT UNDERGROUND,HOISTING,"Accident type, without injuries",NO VALUE FOUND,NO VALUE FOUND,NO VALUE FOUND,NO VALUE FOUND,,0,"Elevator, Skip, Cage, Buckets, Mancage, Slope car ",False,0,[],False,False,"During operation of hoisting rock, an encoder fault had occurred on the hoist, stopping operation. While trying to reset the fault by powering the system down per the instructions of the manufacturer, the drive would not power back on due to the plunger on the contacts not tripping, therefore not giving the reset feedback to the system.",57,"During operation of hoisting rock, an encoder fault had occurred on the hoist, stopping operation. While trying to reset the fault by powering the system down per the instructions of the manufacturer, the drive would not power back on due to the plunger on the contacts not tripping, therefore not giving the reset feedback to the system.",False,,,,train_candidate
msha_004416,msha,no_injury_event,00,ACCIDENT ONLY,2025-04-23,2025,1519374,C,SURFACE AT UNDERGROUND,HOISTING,"Accident type, without injuries",NO VALUE FOUND,NO VALUE FOUND,NO VALUE FOUND,NO VALUE FOUND,,0,"Elevator, Skip, Cage, Buckets, Mancage, Slope car ",False,0,[],False,False,Air compressor was down on the P3 shaft. This was not an accident. A 7000-1 form is being filled out to terminate citation 9760488.,24,Air compressor was down on the P3 shaft. This was not an accident. A 7000-1 form is being filled out to terminate citation 9760488.,False,,,,train_candidate
msha_004419,msha,no_injury_event,00,ACCIDENT ONLY,2025-11-10,2025,2100820,M,MILL OPERATION/PREPARATION PLANT,HOISTING,"Accident type, without injuries",NO VALUE FOUND,NO VALUE FOUND,NO VALUE FOUND,NO VALUE FOUND,,0,"Elevator, Skip, Cage, Buckets, Mancage, Slope car ",False,0,[],False,False,"Employee became entrapped in the Step 1, 2 Agglomerator basement elevator. The main gate was notified at 852 AM and the employee was able to safely exit the elevator 927 AM.",31,"Employee became entrapped in the Step 1, 2 Agglomerator basement elevator. The main gate was notified at 852 AM and the employee was able to safely exit the elevator 927 AM.",False,,,,train_candidate
msha_004427,msha,permanent_impairment,02,PERM TOT OR PERM PRTL DISABLTY,2022-09-08,2022,2301372,M,MILL OPERATION/PREPARATION PLANT,HANDLING OF MATERIALS,"Caught in, under or between a moving and a stationary object",Handling supplies or material,STORAGE TANKS AND BINS,AMPUTATION OR ENUCLEATION,FINGER(S)/THUMB,18,1,NO VALUE FOUND,False,0,[],True,False,"While dumping a 2 cubic yard hopper used to collect dust. The employee inadvertently put a hand between the base of the hopper and fork of the fork lift while releasing the lock. When disengaged, the weight transfer of the hopper caused the employee's hand to get pinched. The injury caused ring finger to break and partially severed the tip of middle finger.",63,"While dumping a 2 cubic yard hopper used to collect dust. The employee inadvertently put a hand between the base of the hopper and fork of the fork lift while releasing the lock. When disengaged, the weight transfer of the hopper caused the employee's hand to get pinched. The injury caused ring finger to break and partially severed the tip of middle finger.",False,,,,train_candidate
msha_004428,msha,permanent_impairment,02,PERM TOT OR PERM PRTL DISABLTY,2026-07-16,2026,2302157,M,MILL OPERATION/PREPARATION PLANT,HANDLING OF MATERIALS,Over-exertion in lifting objects,Machine maintenance,"BRICK,CERAMIC",HERNIA;RUPTURE,ABDOMEN/INTERNAL ORGANS,,1,"Crusher, Breaker, Mills (ball and rod), Feeder breaker",False,0,[],True,False,Injured was placing wear liners inside of impact crusher. The liner got caught on a ledge and the injured felt discomfort while freeing the liner. Injured was diagnosed with a hernia on 08/04/2026.,33,Injured was placing wear liners inside of impact crusher. The liner got caught on a ledge and the injured felt discomfort while freeing the liner. Injured was diagnosed with a hernia on 08/04/2026.,False,,,,train_candidate
msha_004430,msha,permanent_impairment,02,PERM TOT OR PERM PRTL DISABLTY,2000-09-06,2000,2600827,M,"STRIP, QUARY, OPEN PIT",MACHINERY,"Caught in, under or between NEC","Surface equipment, NEC",SURFACE MINING MACHINES,AMPUTATION OR ENUCLEATION,FINGER(S)/THUMB,,1,"Rock drill, Jackleg, Airleg, Drifter, Stoper, Buzzy, Jackhammer",False,1,"[""casing""]",True,False,The crew was preparing to put core casing in a previously drilled hole. Just as the first joint of casing was being hoisted into place the injured worker put his hand on the clamp holding the pipe his middle r finger became stuck between the clamp and lifting hook. The tip of the finger was pinched and separated from the hand.,61,The crew was preparing to put core casing in a previously drilled hole. Just as the first joint of casing was being hoisted into place the injured worker put his hand on the clamp holding the pipe his middle r finger became stuck between the clamp and lifting hook. The tip of the finger was pinched and separated from the hand.,False,,,,train_candidate
msha_004434,msha,no_injury_event,00,ACCIDENT ONLY,2023-02-02,2023,2602711,M,SURFACE AT UNDERGROUND,HOISTING,"Accident type, without injuries",NO VALUE FOUND,NO VALUE FOUND,NO VALUE FOUND,NO VALUE FOUND,,0,"Elevator, Skip, Cage, Buckets, Mancage, Slope car ",False,0,[],False,False,Electrical cable for the hoist track limit was damaged while removing equipment in preparation for striping the ventilation shaft.,19,Electrical cable for the hoist track limit was damaged while removing equipment in preparation for striping the ventilation shaft.,False,,,,train_candidate
msha_004437,msha,permanent_impairment,02,PERM TOT OR PERM PRTL DISABLTY,2024-03-29,2024,3000095,M,MILL OPERATION/PREPARATION PLANT,HANDTOOLS (NONPOWERED),Fall onto or against objects,Machine maintenance,"DRUM,PULY,SHEAVE-NT CONVY",AMPUTATION OR ENUCLEATION,FINGER(S)/THUMB,10,1,Hand tools (not powered),False,0,[],True,False,"EE was prying a conveyor head pulley in preparation for assembly, the pry bar slipped and EE fell into conveyor frame, pinching and lacerating the tip of their right index finger.",31,"EE was prying a conveyor head pulley in preparation for assembly, the pry bar slipped and EE fell into conveyor frame, pinching and lacerating the tip of their right index finger.",False,,,,train_candidate
msha_004442,msha,no_injury_event,00,ACCIDENT ONLY,2024-08-05,2024,3002678,M,"STRIP, QUARY, OPEN PIT",POWERED HAULAGE,"Accident type, without injuries",NO VALUE FOUND,NO VALUE FOUND,NO VALUE FOUND,NO VALUE FOUND,,0,"Front-end loader, Tractor-shovel, Payloader, Highlift, Skip loader",False,0,[],False,False,Miner was making road wider when loader tire went in deep hole and flipped over.,15,Miner was making road wider when loader tire went in deep hole and flipped over.,False,,,,train_candidate
msha_004451,msha,no_injury_event,00,ACCIDENT ONLY,2025-12-15,2025,3605430,C,INDEPENDENT SHOPS OR YARDS,HANDLING OF MATERIALS,Struck against stationary object,Handling supplies or material,"BOXES,CRATES,CARTONS","CUT,LACER,PUNCT-OPN WOUND",FINGER(S)/THUMB,0,1,NO VALUE FOUND,False,0,[],False,False,"Employee was lifting a metal box with approximately 25 pounds of welding rods inside, upon lifting the box slipped and they tried to catch it. Their finger went inside the opening of the box where you take the rods out of and the metal box sliced finger open. They returned to work after receiving 9 stitches in their finger.",59,"Employee was lifting a metal box with approximately 25 pounds of welding rods inside, upon lifting the box slipped and they tried to catch it. Their finger went inside the opening of the box where you take the rods out of and the metal box sliced finger open. They returned to work after receiving 9 stitches in their finger.",False,,,,train_candidate
msha_004465,msha,no_injury_event,00,ACCIDENT ONLY,2024-06-20,2024,4404856,C,SURFACE AT UNDERGROUND,HOISTING,"Accident type, without injuries",NO VALUE FOUND,NO VALUE FOUND,NO VALUE FOUND,NO VALUE FOUND,,0,"Elevator, Skip, Cage, Buckets, Mancage, Slope car ",False,0,[],False,False,Faulty Interlock door switch on the bottom inner elevator car. The faulty switch was located on the coal level,19,Faulty Interlock door switch on the bottom inner elevator car. The faulty switch was located on the coal level,False,,,,train_candidate
msha_004467,msha,no_injury_event,00,ACCIDENT ONLY,2023-08-25,2023,4406552,M,"STRIP, QUARY, OPEN PIT",FIRE,"Accident type, without injuries",NO VALUE FOUND,NO VALUE FOUND,NO VALUE FOUND,NO VALUE FOUND,,0,"Screen, Vibrator, Shaker, Rock screener, Scalper",False,0,[],False,False,"On the morning of 8/26/2023, employees arrived on site to run the plant. A small fire was discovered under the main feed hopper. Further investigation determined a larger fire had engulfed the entire plant overnight. Site security camera footage noted the fire broke out on the wet plant on 8/25/2023 at approximately 9:00 pm.",54,"On the morning of 8/26/2023, employees arrived on site to run the plant. A small fire was discovered under the main feed hopper. Further investigation determined a larger fire had engulfed the entire plant overnight. Site security camera footage noted the fire broke out on the wet plant on 8/25/2023 at approximately 9:00 pm.",False,,,,train_candidate
msha_004481,msha,no_injury_event,00,ACCIDENT ONLY,2026-05-11,2026,4609657,C,CULM BANK/REFUSE PILE,FIRE,"Accident type, without injuries",NO VALUE FOUND,NO VALUE FOUND,NO VALUE FOUND,NO VALUE FOUND,,0,"Shovel, Power shovel, Backhoe, Trackhoe, Dragline - Big Muskie",False,0,[],False,False,"An unplanned fire not extinguished within 30 minutes of discovery occurred on a Caterpillar 325c excavator on the course refuse disposal area of the preparation plant. The machine was owned and operated by Doss Enterprises, LLC. No injuries resulted from the incident.",42,"An unplanned fire not extinguished within 30 minutes of discovery occurred on a Caterpillar 325c excavator on the course refuse disposal area of the preparation plant. The machine was owned and operated by Doss Enterprises, LLC. No injuries resulted from the incident.",False,,,,train_candidate
msha_004483,msha,no_injury_event,00,ACCIDENT ONLY,2024-01-14,2024,4801034,C,"STRIP, QUARY, OPEN PIT",FIRE,"Accident type, without injuries",NO VALUE FOUND,NO VALUE FOUND,NO VALUE FOUND,NO VALUE FOUND,,0,NO VALUE FOUND,False,0,[],False,False,Steamers were identified in pit area and were addressed as soon as we got equipment running as it was -30 degrees.,21,Steamers were identified in pit area and were addressed as soon as we got equipment running as it was -30 degrees.,False,,,,train_candidate
msha_004484,msha,no_injury_event,00,ACCIDENT ONLY,2024-05-28,2024,4801353,C,"STRIP, QUARY, OPEN PIT",FIRE,"Accident type, without injuries",NO VALUE FOUND,NO VALUE FOUND,NO VALUE FOUND,NO VALUE FOUND,,0,NO VALUE FOUND,False,0,[],False,False,Smoldering coal was discovered in the coal slot and not extinguished within 30 minutes.,14,Smoldering coal was discovered in the coal slot and not extinguished within 30 minutes.,False,,,,train_candidate
msha_004486,msha,no_injury_event,00,ACCIDENT ONLY,2026-01-27,2026,5001616,M,"STRIP, QUARY, OPEN PIT",FIRE,"Accident type, without injuries",NO VALUE FOUND,NO VALUE FOUND,NO VALUE FOUND,NO VALUE FOUND,,0,"Conveyor, Belt feeder, Stage loader, Hopper shaker, Belt structure",False,0,[],False,False,Pulley bearing failed and caught fire leading to drive tower/belt #1 fire.,12,Pulley bearing failed and caught fire leading to drive tower/belt #1 fire.,False,,,,train_candidate
msha_004489,msha,no_injury_event,00,ACCIDENT ONLY,2022-10-30,2022,0100851,C,SURFACE AT UNDERGROUND,HOISTING,"Accident type, without injuries",NO VALUE FOUND,NO VALUE FOUND,NO VALUE FOUND,NO VALUE FOUND,,0,"Elevator, Skip, Cage, Buckets, Mancage, Slope car ",False,0,[],False,False,The SP Material Hoist was lost communication. Once communication was re-established the hoist was tested the next morning before being placed back into service.,24,The SP Material Hoist was lost communication. Once communication was re-established the hoist was tested the next morning before being placed back into service.,False,,,,train_candidate
msha_004492,msha,permanent_impairment,02,PERM TOT OR PERM PRTL DISABLTY,2023-12-14,2023,0300464,M,MILL OPERATION/PREPARATION PLANT,MACHINERY,"Caught in, under or between running or meshing objects",Handling supplies or material,"MACHINE-MILL,CLEANING PLT",AMPUTATION OR ENUCLEATION,FINGER(S)/THUMB,20,1,"Milling machinery, Block press, Ballast machine",False,0,[],True,False,Operator was trying to clean a blockage out of the bottom of a bag house compartment. A chunk of material fell onto the operators hand pushing it into the roll feeder cutting the ends of two fingers on EE's left hand.,41,Operator was trying to clean a blockage out of the bottom of a bag house compartment. A chunk of material fell onto the operators hand pushing it into the roll feeder cutting the ends of two fingers on EE's left hand.,False,,,,train_candidate
msha_004502,msha,no_injury_event,00,ACCIDENT ONLY,2026-04-17,2026,0900721,M,MILL OPERATION/PREPARATION PLANT,FIRE,"Accident type, without injuries",NO VALUE FOUND,NO VALUE FOUND,NO VALUE FOUND,NO VALUE FOUND,,0,Ore haulage trucks - off highway trucks,False,0,[],False,False,"After haul truck operator backed up to primary crusher, crusher operator saw small fire near the passenger side front tire which grew quickly. EE called for the driver to evacuate, and both left the area. Driver reported no prior issues. Due to extensive damage, source/cause of fire is unknown. Believed to have started either in engine compartment or near front passenger tire.",62,"After haul truck operator backed up to primary crusher, crusher operator saw small fire near the passenger side front tire which grew quickly. EE called for the driver to evacuate, and both left the area. Driver reported no prior issues. Due to extensive damage, source/cause of fire is unknown. Believed to have started either in engine compartment or near front passenger tire.",False,,,,train_candidate
msha_004505,msha,no_injury_event,00,ACCIDENT ONLY,2021-03-30,2021,1000088,M,SURFACE AT UNDERGROUND,HOISTING,"Accident type, without injuries",NO VALUE FOUND,NO VALUE FOUND,NO VALUE FOUND,NO VALUE FOUND,,0,"Elevator, Skip, Cage, Buckets, Mancage, Slope car ",False,0,[],False,False,The Silver Shaft hoist was down due to a bad Brake Wear Limit Switch and worn out limit switch roller on the south main brake. Both were changed out.,29,The Silver Shaft hoist was down due to a bad Brake Wear Limit Switch and worn out limit switch roller on the south main brake. Both were changed out.,False,,,,train_candidate
msha_004506,msha,no_injury_event,00,ACCIDENT ONLY,2022-08-10,2022,1000088,M,SURFACE AT UNDERGROUND,HOISTING,"Accident type, without injuries",NO VALUE FOUND,NO VALUE FOUND,NO VALUE FOUND,NO VALUE FOUND,,0,"Elevator, Skip, Cage, Buckets, Mancage, Slope car ",False,0,[],False,False,Electricians were performing annual battery replacement for the KA1 control cabinet. While replacing the batteries for the hoist controller PLC UPS the breaker feeding the hoist controller PLC was tripped. When power was restored B11.28 I/O module was in error and was causing the hoist trip under several erroneous faults.,50,Electricians were performing annual battery replacement for the KA1 control cabinet. While replacing the batteries for the hoist controller PLC UPS the breaker feeding the hoist controller PLC was tripped. When power was restored B11.28 I/O module was in error and was causing the hoist trip under several erroneous faults.,False,,,,train_candidate
msha_004510,msha,no_injury_event,00,ACCIDENT ONLY,2021-04-03,2021,1103094,M,"STRIP, QUARY, OPEN PIT",FIRE,"Accident type, without injuries",NO VALUE FOUND,NO VALUE FOUND,NO VALUE FOUND,NO VALUE FOUND,,0,"Shovel, Power shovel, Backhoe, Trackhoe, Dragline - Big Muskie",False,0,[],False,False,"An oil line burst and sprayed oil all over the turbo and the engine on a 450 Excavator. Operator shut machine down immediately and tried to put out with 4 fire extinguisher's but fire kept reigniting so fire department was called, they had fire out immediately upon arrival.",48,"An oil line burst and sprayed oil all over the turbo and the engine on a 450 Excavator. Operator shut machine down immediately and tried to put out with 4 fire extinguisher's but fire kept reigniting so fire department was called, they had fire out immediately upon arrival.",False,,,,train_candidate
msha_004515,msha,no_injury_event,00,ACCIDENT ONLY,2026-05-14,2026,1500113,M,"STRIP, QUARY, OPEN PIT",FIRE,"Accident type, without injuries",NO VALUE FOUND,NO VALUE FOUND,NO VALUE FOUND,NO VALUE FOUND,,0,"Shovel, Power shovel, Backhoe, Trackhoe, Dragline - Big Muskie",False,0,[],False,False,Excavator operator was excavating smoldering material. MSHA inspector stated EE momentarily saw flames. All personnel were withdrawn from the mine immediately. There was no damage or impairment to operators or equipment.,31,Excavator operator was excavating smoldering material. MSHA inspector stated EE momentarily saw flames. All personnel were withdrawn from the mine immediately. There was no damage or impairment to operators or equipment.,False,,,,train_candidate
msha_004520,msha,permanent_impairment,02,PERM TOT OR PERM PRTL DISABLTY,2025-12-16,2025,1504469,M,MILL OPERATION/PREPARATION PLANT,HANDTOOLS (NONPOWERED),"Caught in, under or between a moving and a stationary object",Hand tools (not powered),"ELEVATORS,CAGES,SKIPS,ETC",AMPUTATION OR ENUCLEATION,FINGER(S)/THUMB,0,1,Hand tools (not powered),False,0,[],True,False,"A maintenance crew was working on separator rotor cage. While lifting it with steel chokers, one of the steel chokers failed. Consequently, the other choker broke causing the cage to drop approximately 3 feet. As the cage fell, a maintenance repair got EE's fingers between the cage and the fan shroud where EE's hand was sitting, causing severe lacerations to 3 fingers",62,"A maintenance crew was working on separator rotor cage. While lifting it with steel chokers, one of the steel chokers failed. Consequently, the other choker broke causing the cage to drop approximately 3 feet. As the cage fell, a maintenance repair got EE's fingers between the cage and the fan shroud where EE's hand was sitting, causing severe lacerations to 3 fingers",False,,,,train_candidate
msha_004554,msha,permanent_impairment,02,PERM TOT OR PERM PRTL DISABLTY,2024-09-27,2024,3000012,M,"STRIP, QUARY, OPEN PIT",HANDLING OF MATERIALS,Over-exertion NEC,"Climb scaffolds, Ladders",MOVEABLE LADDERS,HERNIA;RUPTURE,HIPS (PELVIS/ORGANS/KIDNEYS/BUTTOCKS),,1,NO VALUE FOUND,False,0,[],True,False,EE was using a 3 rung step ladder to access the engine area on a dump truck. While mounting and dismounting the ladder the ee felt discomfort in groin area. EE went to a health clinic and was diagnosed with a hernia.,42,EE was using a 3 rung step ladder to access the engine area on a dump truck. While mounting and dismounting the ladder the ee felt discomfort in groin area. EE went to a health clinic and was diagnosed with a hernia.,False,,,,train_candidate
msha_004555,msha,no_injury_event,00,ACCIDENT ONLY,2025-01-29,2025,3000663,M,SURFACE AT UNDERGROUND,HOISTING,"Accident type, without injuries",NO VALUE FOUND,NO VALUE FOUND,NO VALUE FOUND,NO VALUE FOUND,,0,"Elevator, Skip, Cage, Buckets, Mancage, Slope car ",False,0,[],False,False,Electrical fault on our #4 Hoist. Trouble shooting determined there was crossover power from 480v to 20v that burnt up a circuit board.,23,Electrical fault on our #4 Hoist. Trouble shooting determined there was crossover power from 480v to 20v that burnt up a circuit board.,False,,,,train_candidate
msha_004565,msha,permanent_impairment,02,PERM TOT OR PERM PRTL DISABLTY,2016-02-10,2016,3607805,C,MILL OPERATION/PREPARATION PLANT,SLIP OR FALL OF PERSON,Fall onto or against objects,"Walking, Running",BELT CONVEYORS,AMPUTATION OR ENUCLEATION,FINGER(S)/THUMB,,1,"Conveyor, Belt feeder, Stage loader, Hopper shaker, Belt structure",False,1,"[""catwalk""]",True,False,on catwalk that accesses conveyor line; slipped; put out hands to break fall; came in contact with conveyor line.,19,on catwalk that accesses conveyor line; slipped; put out hands to break fall; came in contact with conveyor line.,False,,,,train_candidate
msha_004566,msha,permanent_impairment,02,PERM TOT OR PERM PRTL DISABLTY,2025-05-16,2025,3609750,M,MILL OPERATION/PREPARATION PLANT,NONPOWERED HAULAGE,Over-exertion in pulling or pushing objects,Move non-self-propelled equip,"NONPOWRD VECH-DOLI,WHLBRW",HERNIA;RUPTURE,ABDOMEN/INTERNAL ORGANS,0,1,"Machine, NEC - Wheelbarrow, Well drilling Rig, Post hole auger",False,0,[],True,False,"Employee was dumping a wheelbarrow on flat ground and felt a pain causing them to let go of the wheelbarrow, allowing it to pull on right arm causing pain to right shoulder. The initial pain was due to a hernia caused by dumping the wheelbarrow.",45,"Employee was dumping a wheelbarrow on flat ground and felt a pain causing them to let go of the wheelbarrow, allowing it to pull on right arm causing pain to right shoulder. The initial pain was due to a hernia caused by dumping the wheelbarrow.",False,,,,train_candidate
msha_004579,msha,no_injury_event,00,ACCIDENT ONLY,2019-03-31,2019,4601544,C,SURFACE AT UNDERGROUND,HOISTING,"Accident type, without injuries",NO VALUE FOUND,NO VALUE FOUND,NO VALUE FOUND,NO VALUE FOUND,,0,"Elevator, Skip, Cage, Buckets, Mancage, Slope car ",False,0,[],False,False,A non-injury incident occurred when the brakes to the slope car malfunctioned. There was no production at the time. A personnel (fire bosses only) were notified and removed from the mine. The primary and alternate escapeways were still available. No one was injured during this event.,46,A non-injury incident occurred when the brakes to the slope car malfunctioned. There was no production at the time. A personnel (fire bosses only) were notified and removed from the mine. The primary and alternate escapeways were still available. No one was injured during this event.,False,,,,train_candidate
msha_004581,msha,no_injury_event,00,ACCIDENT ONLY,2020-09-15,2020,4607788,M,"STRIP, QUARY, OPEN PIT",POWERED HAULAGE,"Accident type, without injuries",NO VALUE FOUND,NO VALUE FOUND,NO VALUE FOUND,NO VALUE FOUND,,0,"Trucks, Service truck, Utility truck, Pickup, Water truck, Fuel truck",False,0,[],False,False,Operator was backing water truck up and backed up on berm and truck rolled on its side. No Injury.,19,Operator was backing water truck up and backed up on berm and truck rolled on its side. No Injury.,False,,,,train_candidate
msha_004584,msha,no_injury_event,00,ACCIDENT ONLY,2025-07-21,2025,4608759,C,SURFACE AT UNDERGROUND,HOISTING,"Accident type, without injuries",NO VALUE FOUND,NO VALUE FOUND,NO VALUE FOUND,NO VALUE FOUND,,0,"Elevator, Skip, Cage, Buckets, Mancage, Slope car ",False,0,[],False,False,"The Winifrede Slope Hoist display screen located in the hoist drum building was to be non-operational for over 30 minutes. Electricians are currently troubleshooting on-site and conducting necessary repairs. No accidents or entrapments have resulted from this issue, and miners are not riding the Hoist Car until repairs are made. This is not an emergency escapeway.",56,"The Winifrede Slope Hoist display screen located in the hoist drum building was to be non-operational for over 30 minutes. Electricians are currently troubleshooting on-site and conducting necessary repairs. No accidents or entrapments have resulted from this issue, and miners are not riding the Hoist Car until repairs are made. This is not an emergency escapeway.",False,,,,train_candidate
msha_004586,msha,no_injury_event,00,ACCIDENT ONLY,2022-01-25,2022,4608878,C,SURFACE AT UNDERGROUND,HOISTING,"Accident type, without injuries",NO VALUE FOUND,NO VALUE FOUND,NO VALUE FOUND,NO VALUE FOUND,,0,"Elevator, Skip, Cage, Buckets, Mancage, Slope car ",False,0,[],False,False,The main breaker in the distribution panel for the control power to the hoist was getting hot and tripping the breaker. upon inspection the leads were found to be loose causing heat which tripped the breaker. leads were tightened and a spare breaker was ordered.,45,The main breaker in the distribution panel for the control power to the hoist was getting hot and tripping the breaker. upon inspection the leads were found to be loose causing heat which tripped the breaker. leads were tightened and a spare breaker was ordered.,False,,,,train_candidate
msha_004587,msha,no_injury_event,00,ACCIDENT ONLY,2025-01-28,2025,4608930,C,"STRIP, QUARY, OPEN PIT",FIRE,"Accident type, without injuries",NO VALUE FOUND,NO VALUE FOUND,NO VALUE FOUND,NO VALUE FOUND,,0,"Pneumatic blasting agent loader, Driller loader, Prill loader",False,0,[],False,False,Powder truck was parked behind employee parking lot. An employee seen smoke coming from the front of truck and went and got help plus fire ext and started putting fire out used a total of 8 fire ext to put fire out and a water truck to sprays water to cool the truck. Fire was contained to the cab and engine compartment. Msha was on site at time of event.,70,Powder truck was parked behind employee parking lot. An employee seen smoke coming from the front of truck and went and got help plus fire ext and started putting fire out used a total of 8 fire ext to put fire out and a water truck to sprays water to cool the truck. Fire was contained to the cab and engine compartment. Msha was on site at time of event.,False,,,,train_candidate
msha_004592,msha,no_injury_event,00,ACCIDENT ONLY,2024-07-01,2024,4801034,C,"STRIP, QUARY, OPEN PIT",FIRE,"Accident type, without injuries",NO VALUE FOUND,NO VALUE FOUND,NO VALUE FOUND,NO VALUE FOUND,,0,NO VALUE FOUND,False,0,[],False,False,"Spontaneous combustion of coal in Area 6, Area 8, dumps. No personal or equipment at risk.",16,"Spontaneous combustion of coal in Area 6, Area 8, dumps. No personal or equipment at risk.",False,,,,train_candidate
msha_004595,msha,no_injury_event,00,ACCIDENT ONLY,2019-12-25,2019,0100003,M,MILL OPERATION/PREPARATION PLANT,FIRE,"Accident type, without injuries",NO VALUE FOUND,NO VALUE FOUND,NO VALUE FOUND,NO VALUE FOUND,,0,NO VALUE FOUND,False,0,[],False,False,an alarm for high temp came up on kiln 2 shell scanner. The supervisor on duty immediately inspected the kiln and found that a fire had ignited on K2 drive pier on the main drive gear.,36,an alarm for high temp came up on kiln 2 shell scanner. The supervisor on duty immediately inspected the kiln and found that a fire had ignited on K2 drive pier on the main drive gear.,False,,,,train_candidate
msha_004596,msha,no_injury_event,00,ACCIDENT ONLY,2020-05-11,2020,0100851,C,SURFACE AT UNDERGROUND,HOISTING,"Accident type, without injuries",NO VALUE FOUND,NO VALUE FOUND,NO VALUE FOUND,NO VALUE FOUND,,0,"Elevator, Skip, Cage, Buckets, Mancage, Slope car ",False,0,[],False,False,"As the hoist car was bringing supply cars out of the mine the cars came off of the track. This tore up some rail. The cars were put back on track and the rail was repaired. MSHA was on site at this location, the hotline was called at time of incident, and MSHA was notified once the rail was repaired.",60,"As the hoist car was bringing supply cars out of the mine the cars came off of the track. This tore up some rail. The cars were put back on track and the rail was repaired. MSHA was on site at this location, the hotline was called at time of incident, and MSHA was notified once the rail was repaired.",False,,,,train_candidate
msha_004597,msha,no_injury_event,00,ACCIDENT ONLY,2022-03-10,2022,0100851,C,SURFACE AT UNDERGROUND,HOISTING,"Accident type, without injuries",NO VALUE FOUND,NO VALUE FOUND,NO VALUE FOUND,NO VALUE FOUND,,0,"Elevator, Skip, Cage, Buckets, Mancage, Slope car ",False,0,[],False,False,The SP elevator was taken out of service to change the bearing on the shaft at the motor and drum. The elevator was tested and placed back into service. MSHA was notified via the hotline.,35,The SP elevator was taken out of service to change the bearing on the shaft at the motor and drum. The elevator was tested and placed back into service. MSHA was notified via the hotline.,False,,,,train_candidate
msha_004598,msha,no_injury_event,00,ACCIDENT ONLY,2023-07-18,2023,0100851,C,SURFACE AT UNDERGROUND,HOISTING,"Accident type, without injuries",NO VALUE FOUND,NO VALUE FOUND,NO VALUE FOUND,NO VALUE FOUND,,0,"Elevator, Skip, Cage, Buckets, Mancage, Slope car ",False,0,[],False,False,"The SP hoist rope was at its retirement. The hoist was taken out of service, the rope changed, the hoist tested, and placed back into service. MSHA was notified via the hotline and in person at the local field office.",40,"The SP hoist rope was at its retirement. The hoist was taken out of service, the rope changed, the hoist tested, and placed back into service. MSHA was notified via the hotline and in person at the local field office.",False,,,,train_candidate
msha_004606,msha,permanent_impairment,02,PERM TOT OR PERM PRTL DISABLTY,2024-04-08,2024,0504666,M,"STRIP, QUARY, OPEN PIT",HANDLING OF MATERIALS,Over-exertion in lifting objects,"Handling coal, Rock, Ore","BROKEN ROCK,COAL,ORE,WSTE",HERNIA;RUPTURE,HIPS (PELVIS/ORGANS/KIDNEYS/BUTTOCKS),0,1,NO VALUE FOUND,False,0,[],True,False,"Employee was sorting through pile of rocks with muck bucket placed to the side for employees to sort through scrap and usable material. Rocks ranged from 10-60 pounds. An hour after sorting material, employee had complained of a straining sensation coming from the groin area.",45,"Employee was sorting through pile of rocks with muck bucket placed to the side for employees to sort through scrap and usable material. Rocks ranged from 10-60 pounds. An hour after sorting material, employee had complained of a straining sensation coming from the groin area.",False,,,,train_candidate
msha_004607,msha,no_injury_event,00,ACCIDENT ONLY,2019-11-08,2019,0504822,M,"STRIP, QUARY, OPEN PIT",FIRE,"Accident type, without injuries",NO VALUE FOUND,NO VALUE FOUND,NO VALUE FOUND,NO VALUE FOUND,,0,NO VALUE FOUND,False,0,[],False,False,RRT Fire. The slide gate on the TDF system was closed (Showing open in control room). This caused material to back up. Maintenance cleared the plug and opened the gate. The leftover RRT was left on the rotary feeder level. The material ignited from the heat and caused electrical damage.,50,RRT Fire. The slide gate on the TDF system was closed (Showing open in control room). This caused material to back up. Maintenance cleared the plug and opened the gate. The leftover RRT was left on the rotary feeder level. The material ignited from the heat and caused electrical damage.,False,,,,train_candidate
msha_004619,msha,no_injury_event,00,ACCIDENT ONLY,2019-12-18,2019,1202388,C,SURFACE AT UNDERGROUND,FIRE,"Accident type, without injuries",NO VALUE FOUND,NO VALUE FOUND,NO VALUE FOUND,NO VALUE FOUND,,0,NO VALUE FOUND,False,0,[],False,False,Smoke was observed on the west side of the raw coal pile. We have continued our efforts to extinguish all known hot spots using dozers and an excavator.,28,Smoke was observed on the west side of the raw coal pile. We have continued our efforts to extinguish all known hot spots using dozers and an excavator.,False,,,,train_candidate
msha_004625,msha,fatal,01,FATALITY,2004-12-28,2004,1516567,C,MILL OPERATION/PREPARATION PLANT,MACHINERY,Struck by flying object,Machine maintenance,ICE,MULTIPLE INJURIES,"HEAD,NEC",0,1,"Pump, Slurry pump, Sump pump",False,1,"[""pipeline""]",True,True,EE was fatally injured when struck by ice dislodged from a slurry pipeline.,13,EE was fatally injured when struck by ice dislodged from a slurry pipeline.,False,,,,train_candidate
msha_004636,msha,no_injury_event,00,ACCIDENT ONLY,2024-03-28,2024,1800813,C,AUGER,MACHINERY,"Accident type, without injuries",NO VALUE FOUND,NO VALUE FOUND,NO VALUE FOUND,NO VALUE FOUND,,0,"Auger machine, Highwall miner, Auger highwall drill, Auger drill",False,0,[],False,False,At 2:50 P.M. on 03/28/2024 Addcar system 18 became stuck underground approximately 480ft and is unable to move under its own power,22,At 2:50 P.M. on 03/28/2024 Addcar system 18 became stuck underground approximately 480ft and is unable to move under its own power,False,,,,train_candidate
msha_004643,msha,permanent_impairment,02,PERM TOT OR PERM PRTL DISABLTY,2024-06-18,2024,2300458,M,SURFACE AT UNDERGROUND,POWERED HAULAGE,"Caught in, under or between a moving and a stationary object",Front-end loader,SURFACE MINING MACHINES,AMPUTATION OR ENUCLEATION,FINGER(S)/THUMB,,1,"Front-end loader, Tractor-shovel, Payloader, Highlift, Skip loader",False,0,[],True,False,"Employee was operating a stand up ditch witch skid steer. The stand-up ditch witch caught a hose on the wall in the tunnel on the back door cover plate on the hydraulic side, which pulled the machine sideways and propped the door like it was running over a rock, and when it did it caught the right thumb on the hand rest, there for partially amputating the right thumb",69,"Employee was operating a stand up ditch witch skid steer. The stand-up ditch witch caught a hose on the wall in the tunnel on the back door cover plate on the hydraulic side, which pulled the machine sideways and propped the door like it was running over a rock, and when it did it caught the right thumb on the hand rest, there for partially amputating the right thumb",False,,,,train_candidate
msha_004647,msha,no_injury_event,00,ACCIDENT ONLY,2022-11-09,2022,2600827,M,"STRIP, QUARY, OPEN PIT",MACHINERY,"Accident type, without injuries",NO VALUE FOUND,NO VALUE FOUND,NO VALUE FOUND,NO VALUE FOUND,,0,"Carriage-mounted drills, Rail, Rubber-tired, Jumbo, Air-track drill",False,0,[],False,False,"While attempting to start drilling a hole with Drill 39, operator felt machine start to sink and lean to one side. Operator exited the equipment safety and made contact with other personnel in the area to report incident.",38,"While attempting to start drilling a hole with Drill 39, operator felt machine start to sink and lean to one side. Operator exited the equipment safety and made contact with other personnel in the area to report incident.",False,,,,train_candidate
msha_004658,msha,no_injury_event,00,ACCIDENT ONLY,2026-05-02,2026,3200652,M,MILL OPERATION/PREPARATION PLANT,FIRE,"Accident type, without injuries",NO VALUE FOUND,NO VALUE FOUND,NO VALUE FOUND,NO VALUE FOUND,,0,NO VALUE FOUND,False,0,[],False,False,"Maintenance began 4/24/2026. Grinding on 4/30/2026, with fire watch in place, caused smoldering in combustible material near the work area, which was extinguished. Additional grinding occurred 5/1/2026. On 5/2/2026, a fire was reported on the plant roof at 6:05 AM and extinguished within one hour. Sections of the metal roof were cut to access hot spots, requiring replacement.",58,"Maintenance began 4/24/2026. Grinding on 4/30/2026, with fire watch in place, caused smoldering in combustible material near the work area, which was extinguished. Additional grinding occurred 5/1/2026. On 5/2/2026, a fire was reported on the plant roof at 6:05 AM and extinguished within one hour. Sections of the metal roof were cut to access hot spots, requiring replacement.",False,,,,train_candidate
msha_004662,msha,no_injury_event,00,ACCIDENT ONLY,2026-02-07,2026,3400056,M,"STRIP, QUARY, OPEN PIT",FIRE,"Accident type, without injuries",NO VALUE FOUND,NO VALUE FOUND,NO VALUE FOUND,NO VALUE FOUND,,0,NO VALUE FOUND,False,0,[],False,False,"Employees onsite smelled smoke at the beginning of the shift. Production supervisor went to see where smoke was coming from and observed a fire adjacent to mine property. At the end of the shift around 6:00 pm the fire had spread to mine property, so production supervisor call the fire department. No employee injuries and no mine asset damage.",59,"Employees onsite smelled smoke at the beginning of the shift. Production supervisor went to see where smoke was coming from and observed a fire adjacent to mine property. At the end of the shift around 6:00 pm the fire had spread to mine property, so production supervisor call the fire department. No employee injuries and no mine asset damage.",False,,,,train_candidate
msha_004666,msha,no_injury_event,00,ACCIDENT ONLY,2024-05-20,2024,3607230,C,MILL OPERATION/PREPARATION PLANT,FIRE,"Accident type, without injuries",NO VALUE FOUND,NO VALUE FOUND,NO VALUE FOUND,NO VALUE FOUND,,0,NO VALUE FOUND,False,0,[],False,False,"No injuries as a result of this incident. Plant operators were doing minor plant maintenance in preparation for beginning operations for the day. At Approximately 0540 hours plant personnel noticed a fire near the process chemical tanks, there was nobody working in the area before, after or during that time. MSHA, Fire Marshall nor we were able to determine what initiated the fire",63,"No injuries as a result of this incident. Plant operators were doing minor plant maintenance in preparation for beginning operations for the day. At Approximately 0540 hours plant personnel noticed a fire near the process chemical tanks, there was nobody working in the area before, after or during that time. MSHA, Fire Marshall nor we were able to determine what initiated the fire",False,,,,train_candidate
msha_004674,msha,permanent_impairment,02,PERM TOT OR PERM PRTL DISABLTY,2026-08-13,2026,4003566,M,"STRIP, QUARY, OPEN PIT",POWERED HAULAGE,"Caught in, under or between a moving and a stationary object",Fork lift,"CHAIN,ROPE,CABLE-NT CONVY",AMPUTATION OR ENUCLEATION,FINGER(S)/THUMB,,1,"Forklift, Plant cat, Telehandler, Hyster, Lift truck, Skid steer ",False,0,[],True,False,The 3 team members were using the telehandler to pick up the block and chose to use a rope instead of the rated chains on site. The team member was wrapping the rope around the rebar eye in the concrete block and the telehandler forks and as the telehandler operator lifter the forks the team members left middle finger got caught in between the rope and the rebar.,68,The 3 team members were using the telehandler to pick up the block and chose to use a rope instead of the rated chains on site. The team member was wrapping the rope around the rebar eye in the concrete block and the telehandler forks and as the telehandler operator lifter the forks the team members left middle finger got caught in between the rope and the rebar.,False,,,,train_candidate
msha_004675,msha,no_injury_event,00,ACCIDENT ONLY,2022-06-13,2022,4100010,M,MILL OPERATION/PREPARATION PLANT,FIRE,"Accident type, without injuries",NO VALUE FOUND,NO VALUE FOUND,NO VALUE FOUND,NO VALUE FOUND,,0,NO VALUE FOUND,False,0,[],False,False,Plant was running on overflow due to upset in kiln. Pan conveyor 800 was not shut down and carried hot material to C-41 causing skirting and belt to catch fire.,30,Plant was running on overflow due to upset in kiln. Pan conveyor 800 was not shut down and carried hot material to C-41 causing skirting and belt to catch fire.,False,,,,train_candidate
msha_004678,msha,no_injury_event,00,ACCIDENT ONLY,2020-11-11,2020,4103307,M,MILL OPERATION/PREPARATION PLANT,FIRE,"Accident type, without injuries",NO VALUE FOUND,NO VALUE FOUND,NO VALUE FOUND,NO VALUE FOUND,,0,NO VALUE FOUND,False,0,[],False,False,"L2 pre heater tower tertiary cyclone flushed with hot clinker material into the clinker pit. This caused the grease on the deep bucket elevator chain to catch fire. The fire traveled up the belt conveyor outside of the pit, where flames were seen, and emergency services were called. The fire was extinguished by the local fire department within 34 minutes. No injuries occurred.",63,"L2 pre heater tower tertiary cyclone flushed with hot clinker material into the clinker pit. This caused the grease on the deep bucket elevator chain to catch fire. The fire traveled up the belt conveyor outside of the pit, where flames were seen, and emergency services were called. The fire was extinguished by the local fire department within 34 minutes. No injuries occurred.",False,,,,train_candidate
msha_004686,msha,no_injury_event,00,ACCIDENT ONLY,2019-09-18,2019,4607406,C,MILL OPERATION/PREPARATION PLANT,FIRE,"Accident type, without injuries",NO VALUE FOUND,NO VALUE FOUND,NO VALUE FOUND,NO VALUE FOUND,,0,NO VALUE FOUND,False,0,[],False,False,On 9/18/2019 a fire was discovered at the clean coal bin. This was an off shift and no employees were on property. Mingo 1 Plant only operates on the day shift. There was a security guard on site at the time the fire was discovered. Fire department was called and the fire was extinguished. no persons were injured.,58,On 9/18/2019 a fire was discovered at the clean coal bin. This was an off shift and no employees were on property. Mingo 1 Plant only operates on the day shift. There was a security guard on site at the time the fire was discovered. Fire department was called and the fire was extinguished. no persons were injured.,False,,,,train_candidate
msha_004689,msha,no_injury_event,00,ACCIDENT ONLY,2023-12-19,2023,4800083,C,"STRIP, QUARY, OPEN PIT",POWERED HAULAGE,"Accident type, without injuries",NO VALUE FOUND,NO VALUE FOUND,NO VALUE FOUND,NO VALUE FOUND,,0,Ore haulage trucks - off highway trucks,False,0,[],False,False,"While returning from the dump with an empty haul truck, truck driver lost control of the vehicle and left the roadway, hitting a berm and pile of dirt on the opposite side of the road. Extensive damage was caused to the front of the haul truck. No injuries were sustained.",50,"While returning from the dump with an empty haul truck, truck driver lost control of the vehicle and left the roadway, hitting a berm and pile of dirt on the opposite side of the road. Extensive damage was caused to the front of the haul truck. No injuries were sustained.",False,,,,train_candidate
msha_004690,msha,no_injury_event,00,ACCIDENT ONLY,2019-10-03,2019,4801034,C,"STRIP, QUARY, OPEN PIT",FIRE,"Accident type, without injuries",NO VALUE FOUND,NO VALUE FOUND,NO VALUE FOUND,NO VALUE FOUND,,0,NO VALUE FOUND,False,0,[],False,False,Spontaneous combustion coal smoker in Area 0 at Caballo. Remediation time will exceed 30 min. Dozer working to cover it up with dirt.,23,Spontaneous combustion coal smoker in Area 0 at Caballo. Remediation time will exceed 30 min. Dozer working to cover it up with dirt.,False,,,,train_candidate
msha_004692,msha,no_injury_event,00,ACCIDENT ONLY,2019-01-05,2019,4801353,C,"STRIP, QUARY, OPEN PIT",FIRE,"Accident type, without injuries",NO VALUE FOUND,NO VALUE FOUND,NO VALUE FOUND,NO VALUE FOUND,,0,NO VALUE FOUND,False,0,[],False,False,A coal smoker was discovered in the coal pit and was not extinguished within 30 minutes. Was extinguished shortly after.,20,A coal smoker was discovered in the coal pit and was not extinguished within 30 minutes. Was extinguished shortly after.,False,,,,train_candidate
msha_004696,msha,no_injury_event,00,ACCIDENT ONLY,2019-11-23,2019,0100851,C,SURFACE AT UNDERGROUND,HOISTING,"Accident type, without injuries",NO VALUE FOUND,NO VALUE FOUND,NO VALUE FOUND,NO VALUE FOUND,,0,"Elevator, Skip, Cage, Buckets, Mancage, Slope car ",False,0,[],False,False,"Escape hoist was pulled to top and it was found to have caught messenger, phone, and radio cables. There was also a bad spot in the cable. The cables were removed and communication re-established. The hoist cable was also shortened to remove the bad spot.",45,"Escape hoist was pulled to top and it was found to have caught messenger, phone, and radio cables. There was also a bad spot in the cable. The cables were removed and communication re-established. The hoist cable was also shortened to remove the bad spot.",False,,,,train_candidate
msha_004697,msha,no_injury_event,00,ACCIDENT ONLY,2019-12-20,2019,0102901,C,SURFACE AT UNDERGROUND,HOISTING,"Accident type, without injuries",NO VALUE FOUND,NO VALUE FOUND,NO VALUE FOUND,NO VALUE FOUND,,0,"Elevator, Skip, Cage, Buckets, Mancage, Slope car ",False,0,[],False,False,The small two-man hoist on the Camp Creek portal site went down due to a bad VFD control card during a daily check.,23,The small two-man hoist on the Camp Creek portal site went down due to a bad VFD control card during a daily check.,False,,,,train_candidate
msha_004699,msha,permanent_impairment,02,PERM TOT OR PERM PRTL DISABLTY,2025-03-10,2025,0103190,M,MILL OPERATION/PREPARATION PLANT,MACHINERY,"Caught in, under or between NEC","Handling coal, Rock, Ore","BROKEN ROCK,COAL,ORE,WSTE",AMPUTATION OR ENUCLEATION,FINGER(S)/THUMB,,1,"Dimension stone machinery, Gangwire saw, Guillotine, Hydrosplit ",False,0,[],True,False,"Employee was at the breaker on the receiving end. Employee was turning around a stone to be processed into small pieces. Employee admitted to being distracted/looked away, the tip of employee's right index finger was smashed by the shifting stone. Employee was wearing gloves, employee was sent to the ER to evaluate. Awaiting results from follow up.",57,"Employee was at the breaker on the receiving end. Employee was turning around a stone to be processed into small pieces. Employee admitted to being distracted/looked away, the tip of employee's right index finger was smashed by the shifting stone. Employee was wearing gloves, employee was sent to the ER to evaluate. Awaiting results from follow up.",False,,,,train_candidate
msha_004702,msha,permanent_impairment,02,PERM TOT OR PERM PRTL DISABLTY,2022-08-18,2022,0200137,M,"STRIP, QUARY, OPEN PIT",MACHINERY,Struck by falling object,Machine maintenance,"BRICK,CERAMIC",AMPUTATION OR ENUCLEATION,FOOT(NOT ANKLE/TOE)/TARSUS/METATARSUS,,1,"Crane, Cherry picker, Lift basket, Scissor truck, Boom truck",False,0,[],True,False,"A mantle liner was being prepared to be hoisted to another position - rigging from the crane caught one of the ears on the mantle, knocking it off the cribbing onto employee's foot. Foot was not amputated at the time of incident.",42,"A mantle liner was being prepared to be hoisted to another position - rigging from the crane caught one of the ears on the mantle, knocking it off the cribbing onto employee's foot. Foot was not amputated at the time of incident.",False,,,,train_candidate
msha_004706,msha,no_injury_event,00,ACCIDENT ONLY,2023-12-13,2023,0405319,M,"STRIP, QUARY, OPEN PIT",FIRE,"Accident type, without injuries",NO VALUE FOUND,NO VALUE FOUND,NO VALUE FOUND,NO VALUE FOUND,,0,NO VALUE FOUND,False,0,[],False,False,"While a contract company was conducting repairs in a chute above a crushing screen, a fire ignited on some rubber sheeting. The fire was additionally fueled by the contractor's welding leads from their gas bottles. Damages are roughly upward of $1,000,000.",41,"While a contract company was conducting repairs in a chute above a crushing screen, a fire ignited on some rubber sheeting. The fire was additionally fueled by the contractor's welding leads from their gas bottles. Damages are roughly upward of $1,000,000.",False,,,,train_candidate
msha_004715,msha,no_injury_event,00,ACCIDENT ONLY,2020-10-22,2020,1000082,M,SURFACE AT UNDERGROUND,HOISTING,"Accident type, without injuries",NO VALUE FOUND,NO VALUE FOUND,NO VALUE FOUND,NO VALUE FOUND,,0,"Elevator, Skip, Cage, Buckets, Mancage, Slope car ",False,0,[],False,False,"No. 3 Hoist - pulling muck from 4300 pocket, hoist kicked out, would not reset, called Spencer Engineering with computer faults. Electricians called, found two bad electrical components, replaced and safety checks conducted on hoist.",35,"No. 3 Hoist - pulling muck from 4300 pocket, hoist kicked out, would not reset, called Spencer Engineering with computer faults. Electricians called, found two bad electrical components, replaced and safety checks conducted on hoist.",False,,,,train_candidate
msha_004716,msha,no_injury_event,00,ACCIDENT ONLY,2021-08-21,2021,1000082,M,SURFACE AT UNDERGROUND,HOISTING,"Accident type, without injuries",NO VALUE FOUND,NO VALUE FOUND,NO VALUE FOUND,NO VALUE FOUND,,0,"Elevator, Skip, Cage, Buckets, Mancage, Slope car ",False,0,[],False,False,No. 3 Hoist - 4 power bumps then AVISTA restored power. At approximately 1910 hrs. hoist kicked out - loop fault breaker fault. Electricians responded - removed damaged loop fault breaker and installed new one into system.,37,No. 3 Hoist - 4 power bumps then AVISTA restored power. At approximately 1910 hrs. hoist kicked out - loop fault breaker fault. Electricians responded - removed damaged loop fault breaker and installed new one into system.,False,,,,train_candidate
msha_004719,msha,no_injury_event,00,ACCIDENT ONLY,2019-06-05,2019,1103017,C,"STRIP, QUARY, OPEN PIT",FIRE,"Accident type, without injuries",NO VALUE FOUND,NO VALUE FOUND,NO VALUE FOUND,NO VALUE FOUND,,0,"Shovel, Power shovel, Backhoe, Trackhoe, Dragline - Big Muskie",False,0,[],False,False,"Combustible material was allowed to accumulate in the swing bearing area of the Hitachi 3500 shovel, co #1-100, located at the mine's equipment boneyard. The accumulation of grease resulted in a reportable fire. A salvage contractor was using an oxygen/acetylene torch to scrap the shovel when the fire occurred.",49,"Combustible material was allowed to accumulate in the swing bearing area of the Hitachi 3500 shovel, co #1-100, located at the mine's equipment boneyard. The accumulation of grease resulted in a reportable fire. A salvage contractor was using an oxygen/acetylene torch to scrap the shovel when the fire occurred.",False,,,,train_candidate
msha_004720,msha,no_injury_event,00,ACCIDENT ONLY,2023-11-30,2023,1103141,C,SURFACE AT UNDERGROUND,IMPOUNDMENT,"Accident type, without injuries",NO VALUE FOUND,NO VALUE FOUND,NO VALUE FOUND,NO VALUE FOUND,,0,NO VALUE FOUND,False,0,[],False,False,A displacement occurred on the east side of 417 impoundment. There were no injuries and work ceased on the east side.,21,A displacement occurred on the east side of 417 impoundment. There were no injuries and work ceased on the east side.,False,,,,train_candidate
msha_004724,msha,no_injury_event,00,ACCIDENT ONLY,2021-06-01,2021,1202394,C,SURFACE AT UNDERGROUND,HOISTING,"Accident type, without injuries",NO VALUE FOUND,NO VALUE FOUND,NO VALUE FOUND,NO VALUE FOUND,,0,"Elevator, Skip, Cage, Buckets, Mancage, Slope car ",False,0,[],False,False,The elevator would not run in inspection mode in the up direction. During the troubleshooting the elevator became inoperative at 11:40am. During the investigation it was found that the wires in the jacketed cable to the pendant controller were broken.,40,The elevator would not run in inspection mode in the up direction. During the troubleshooting the elevator became inoperative at 11:40am. During the investigation it was found that the wires in the jacketed cable to the pendant controller were broken.,False,,,,train_candidate
msha_004725,msha,no_injury_event,00,ACCIDENT ONLY,2022-10-29,2022,1202394,C,SURFACE AT UNDERGROUND,HOISTING,"Accident type, without injuries",NO VALUE FOUND,NO VALUE FOUND,NO VALUE FOUND,NO VALUE FOUND,,0,"Elevator, Skip, Cage, Buckets, Mancage, Slope car ",False,0,[],False,False,Elevator showed a brake limit switch fault. The brake adjustment had come loose.,13,Elevator showed a brake limit switch fault. The brake adjustment had come loose.,False,,,,train_candidate
msha_004726,msha,no_injury_event,00,ACCIDENT ONLY,2025-10-29,2025,1300125,M,MILL OPERATION/PREPARATION PLANT,FIRE,"Accident type, without injuries",NO VALUE FOUND,NO VALUE FOUND,NO VALUE FOUND,NO VALUE FOUND,,0,"Machine, NEC - Wheelbarrow, Well drilling Rig, Post hole auger",False,0,[],False,False,"At 11:20pm, a non-conforming item went through high speed shredders at Green America facility which resulted in a fire. Contacted MSHA at approximately 1130pm to notify them of the incident. Fire department arrived on site at 12am to assist with putting out the fire.",44,"At 11:20pm, a non-conforming item went through high speed shredders at Green America facility which resulted in a fire. Contacted MSHA at approximately 1130pm to notify them of the incident. Fire department arrived on site at 12am to assist with putting out the fire.",False,,,,train_candidate
msha_004738,msha,fatal,01,FATALITY,2023-06-09,2023,1519846,C,"STRIP, QUARY, OPEN PIT",MACHINERY,Struck by... NEC,Handling supplies or material,SURFACE MINING MACHINES,MULTIPLE INJURIES,"HEAD,NEC",,1,"Shovel, Power shovel, Backhoe, Trackhoe, Dragline - Big Muskie",False,0,[],True,True,"While assisting in the offloading of a tank from the RGN trailer, the equipment being used to crane the tank struck JD's Custom Transport employee, causing EE's death.",28,"While assisting in the offloading of a tank from the RGN trailer, the equipment being used to crane the tank struck JD's Custom Transport employee, causing EE's death.",False,,,,train_candidate
msha_004747,msha,no_injury_event,00,ACCIDENT ONLY,2021-10-06,2021,2401457,C,"STRIP, QUARY, OPEN PIT",FIRE,"Accident type, without injuries",NO VALUE FOUND,NO VALUE FOUND,NO VALUE FOUND,NO VALUE FOUND,,0,"Shovel, Power shovel, Backhoe, Trackhoe, Dragline - Big Muskie",False,0,[],False,False,"The hoist ropes came out of the boom point sheeves on the BE1570 dragline when the bucket contacted the spoil pile. The operator tried to lower the bucket which created heat/friction between the ropes and the structure, igniting nearby grease. A fire started that was not extinguished within 30 minutes of discovery.",52,"The hoist ropes came out of the boom point sheeves on the BE1570 dragline when the bucket contacted the spoil pile. The operator tried to lower the bucket which created heat/friction between the ropes and the structure, igniting nearby grease. A fire started that was not extinguished within 30 minutes of discovery.",False,,,,train_candidate
msha_004753,msha,permanent_impairment,02,PERM TOT OR PERM PRTL DISABLTY,2023-05-07,2023,2601089,M,"STRIP, QUARY, OPEN PIT",HANDLING OF MATERIALS,"Caught in, under or between a moving and a stationary object",Handling supplies or material,METAL COVERS & GUARDS,AMPUTATION OR ENUCLEATION,FINGER(S)/THUMB,21,1,NO VALUE FOUND,False,0,[],True,False,"EE was closing the window on equipment. They caught their right pinky finger in the window, and amputated the tip of the pinky. Seen at ER, consulted with hand specialist at UofU, and referred to them for treatment. Seen on 5/10 and kept off work pending follow-up on 5/31. Pinky amputated to first distal knuckle. 50 lost days.",58,"EE was closing the window on equipment. They caught their right pinky finger in the window, and amputated the tip of the pinky. Seen at ER, consulted with hand specialist at UofU, and referred to them for treatment. Seen on 5/10 and kept off work pending follow-up on 5/31. Pinky amputated to first distal knuckle. 50 lost days.",False,,,,train_candidate
msha_004754,msha,no_injury_event,00,ACCIDENT ONLY,2023-12-13,2023,2602822,M,UNDERGROUND,FIRE,"Accident type, without injuries",NO VALUE FOUND,NO VALUE FOUND,NO VALUE FOUND,NO VALUE FOUND,,0,"Load-haul-dump, Scoop tram, Transloader, Unitrac, S&S Battery",False,0,[],False,False,"Employee was loading trucks with an LHD and started smelling smoke. EE noticed smoke in the air, and hit estop on LHD. When EE got out, EE believed EE saw flame under loader and deployed fire suppression. EE called a Mayday, and mine was evacuated.",45,"Employee was loading trucks with an LHD and started smelling smoke. EE noticed smoke in the air, and hit estop on LHD. When EE got out, EE believed EE saw flame under loader and deployed fire suppression. EE called a Mayday, and mine was evacuated.",False,,,,train_candidate
msha_004758,msha,no_injury_event,00,ACCIDENT ONLY,2019-07-29,2019,3000663,M,SURFACE AT UNDERGROUND,HOISTING,"Accident type, without injuries",NO VALUE FOUND,NO VALUE FOUND,NO VALUE FOUND,NO VALUE FOUND,,0,"Elevator, Skip, Cage, Buckets, Mancage, Slope car ",False,0,[],False,False,"While beginning test trips for 2nd shift, the hoist encoder reset the cage location to 0 while the cage was near the bottom of the shaft. The encoder was found to be working properly once reset.",36,"While beginning test trips for 2nd shift, the hoist encoder reset the cage location to 0 while the cage was near the bottom of the shaft. The encoder was found to be working properly once reset.",False,,,,train_candidate
msha_004759,msha,no_injury_event,00,ACCIDENT ONLY,2024-07-08,2024,3000663,M,SURFACE AT UNDERGROUND,HOISTING,"Accident type, without injuries",NO VALUE FOUND,NO VALUE FOUND,NO VALUE FOUND,NO VALUE FOUND,,0,"Elevator, Skip, Cage, Buckets, Mancage, Slope car ",False,0,[],False,False,"Lower limit switch was not functioning properly. It was diagnosed to be faulty, corroded, moisture got inside the box. It was replaced with a new switch.",26,"Lower limit switch was not functioning properly. It was diagnosed to be faulty, corroded, moisture got inside the box. It was replaced with a new switch.",False,,,,train_candidate
msha_004760,msha,no_injury_event,00,ACCIDENT ONLY,2026-08-27,2026,3000663,M,SURFACE AT UNDERGROUND,HOISTING,"Accident type, without injuries",NO VALUE FOUND,NO VALUE FOUND,NO VALUE FOUND,NO VALUE FOUND,,0,"Elevator, Skip, Cage, Buckets, Mancage, Slope car ",False,0,[],False,False,"#1 Hoist went down, Weather came through the area and there was a power glitch",15,"#1 Hoist went down, Weather came through the area and there was a power glitch",False,,,,train_candidate
msha_004762,msha,no_injury_event,00,ACCIDENT ONLY,2021-09-05,2021,3100212,M,MILL OPERATION/PREPARATION PLANT,MACHINERY,"Accident type, without injuries",NO VALUE FOUND,NO VALUE FOUND,NO VALUE FOUND,NO VALUE FOUND,,0,"Milling machinery, Block press, Ballast machine",False,0,[],False,False,"After cooler Cyclone Dust Box experienced a structural failure, as an apparent result of a rapid expansion of the internal atmoshere.",21,"After cooler Cyclone Dust Box experienced a structural failure, as an apparent result of a rapid expansion of the internal atmoshere.",False,,,,train_candidate
msha_004764,msha,no_injury_event,00,ACCIDENT ONLY,2023-07-07,2023,3300156,M,MILL OPERATION/PREPARATION PLANT,FIRE,"Accident type, without injuries",NO VALUE FOUND,NO VALUE FOUND,NO VALUE FOUND,NO VALUE FOUND,,0,"Conveyor, Belt feeder, Stage loader, Hopper shaker, Belt structure",False,0,[],False,False,Belt stoppage allowed hot material to accumulate on cooler belt causing a belt fire.,14,Belt stoppage allowed hot material to accumulate on cooler belt causing a belt fire.,False,,,,train_candidate
msha_004770,msha,no_injury_event,00,ACCIDENT ONLY,2024-09-23,2024,3800026,M,"STRIP, QUARY, OPEN PIT",FIRE,"Accident type, without injuries",NO VALUE FOUND,NO VALUE FOUND,NO VALUE FOUND,NO VALUE FOUND,,0,Ore haulage trucks - off highway trucks,False,0,[],False,False,A fire occurred on a CAT 775G haul truck. There were no injuries associated with this incident. Incident is still under investigation.,22,A fire occurred on a CAT 775G haul truck. There were no injuries associated with this incident. Incident is still under investigation.,False,,,,train_candidate
msha_004776,msha,permanent_impairment,02,PERM TOT OR PERM PRTL DISABLTY,2004-04-29,2004,4100071,M,MILL OPERATION/PREPARATION PLANT,HANDLING OF MATERIALS,"Caught in, under or between NEC",Machine maintenance,"METAL,NEC(PIPE,WIRE,NAIL)",AMPUTATION OR ENUCLEATION,FINGER(S)/THUMB,0,1,NO VALUE FOUND,False,1,"[""catwalk""]",True,False,"Employee alleges that when he and two CO-workers were lifting a snub roller, his finger got stuck in between the snub roller & the catwalk pulling off the tip of his little finger.",33,"Employee alleges that when he and two CO-workers were lifting a snub roller, his finger got stuck in between the snub roller & the catwalk pulling off the tip of his little finger.",False,,,,train_candidate
msha_004781,msha,no_injury_event,00,ACCIDENT ONLY,2019-08-22,2019,4103164,C,"STRIP, QUARY, OPEN PIT",FIRE,"Accident type, without injuries",NO VALUE FOUND,NO VALUE FOUND,NO VALUE FOUND,NO VALUE FOUND,,0,NO VALUE FOUND,True,2,"[""gas compressor station""]",False,False,Gas Compressor station had been down for maintenance. Start up procedure was started. Due to compressor station being a sour gas location the flare stack has to be ignited. The mechanic said that there may have been some liquid in the system that was expelled through the stack causing the fire to start when the stack flared.,57,Gas Compressor station had been down for maintenance. Start up procedure was started. Due to compressor station being a sour gas location the flare stack has to be ignited. The mechanic said that there may have been some liquid in the system that was expelled through the stack causing the fire to start when the stack flared.,False,,,,train_candidate
msha_004783,msha,no_injury_event,00,ACCIDENT ONLY,2025-06-21,2025,4103599,M,"STRIP, QUARY, OPEN PIT",FIRE,"Accident type, without injuries",NO VALUE FOUND,NO VALUE FOUND,NO VALUE FOUND,NO VALUE FOUND,,0,"Shovel, Power shovel, Backhoe, Trackhoe, Dragline - Big Muskie",False,0,[],False,False,"At end of shift EE parked excavator in the pit. While completing post-shift inspection, the EE heard a noise and saw smoke from the engine compartment. EE tried to extinguish the fire with an extinguisher but was unsuccessful and evacuated the area. EMS was contacted. Fire continued beyond 30 minutes, at which MSHA Hotline was called. No injuries were associated with this incident.",63,"At end of shift EE parked excavator in the pit. While completing post-shift inspection, the EE heard a noise and saw smoke from the engine compartment. EE tried to extinguish the fire with an extinguisher but was unsuccessful and evacuated the area. EMS was contacted. Fire continued beyond 30 minutes, at which MSHA Hotline was called. No injuries were associated with this incident.",False,,,,train_candidate
msha_004795,msha,no_injury_event,00,ACCIDENT ONLY,2024-04-20,2024,4605437,C,SURFACE AT UNDERGROUND,HOISTING,"Accident type, without injuries",NO VALUE FOUND,NO VALUE FOUND,NO VALUE FOUND,NO VALUE FOUND,,0,"Elevator, Skip, Cage, Buckets, Mancage, Slope car ",False,0,[],False,False,At approx. 3:25 pm it was found that the Coal Fork elevator was not operating. Once inspected it was determined that the bearing was busted on the head frame shiv pully.,31,At approx. 3:25 pm it was found that the Coal Fork elevator was not operating. Once inspected it was determined that the bearing was busted on the head frame shiv pully.,False,,,,train_candidate
msha_004797,msha,no_injury_event,00,ACCIDENT ONLY,2022-01-27,2022,4608878,C,SURFACE AT UNDERGROUND,HOISTING,"Accident type, without injuries",NO VALUE FOUND,NO VALUE FOUND,NO VALUE FOUND,NO VALUE FOUND,,0,"Elevator, Skip, Cage, Buckets, Mancage, Slope car ",False,0,[],False,False,During a routine check Ice buildup ranging from a 1/4 inch to 6 inch thick was found on the shaft wall.,21,During a routine check Ice buildup ranging from a 1/4 inch to 6 inch thick was found on the shaft wall.,False,,,,train_candidate
msha_004803,msha,no_injury_event,00,ACCIDENT ONLY,2024-03-07,2024,4801200,C,"STRIP, QUARY, OPEN PIT",FIRE,"Accident type, without injuries",NO VALUE FOUND,NO VALUE FOUND,NO VALUE FOUND,NO VALUE FOUND,,0,NO VALUE FOUND,False,0,[],False,False,Smoldering coal which was started by the high winds and spontaneous combustion was noticed at 12:00 PM in the North A1/2 face and it was going to be several hours before a rubber tire dozer could get to it to bury it because of the shovel trailing cable across the road. A cable duct was put in place and a rubber tire dozer was able to cross the cable and bury the hot spot.,74,Smoldering coal which was started by the high winds and spontaneous combustion was noticed at 12:00 PM in the North A1/2 face and it was going to be several hours before a rubber tire dozer could get to it to bury it because of the shovel trailing cable across the road. A cable duct was put in place and a rubber tire dozer was able to cross the cable and bury the hot spot.,False,,,,train_candidate
msha_004805,msha,no_injury_event,00,ACCIDENT ONLY,2022-07-20,2022,0100851,C,SURFACE AT UNDERGROUND,MACHINERY,"Accident type, without injuries",NO VALUE FOUND,NO VALUE FOUND,NO VALUE FOUND,NO VALUE FOUND,,0,"Elevator, Skip, Cage, Buckets, Mancage, Slope car ",False,0,[],False,False,The SP Material Hoist was taken out of service to adjust the valving on the hydraulic system. The hoist was tested and placed back into service. MSHA was notified via the hotline.,32,The SP Material Hoist was taken out of service to adjust the valving on the hydraulic system. The hoist was tested and placed back into service. MSHA was notified via the hotline.,False,,,,train_candidate
msha_004806,msha,no_injury_event,00,ACCIDENT ONLY,2026-02-20,2026,0100851,C,SURFACE AT UNDERGROUND,HOISTING,"Accident type, without injuries",NO VALUE FOUND,NO VALUE FOUND,NO VALUE FOUND,NO VALUE FOUND,,0,"Elevator, Skip, Cage, Buckets, Mancage, Slope car ",False,0,[],False,False,"The SP Material Hoist was taken out of service after finding broken strands in the rope. The rope was replaced, the hoist tested, and placed back into service.",28,"The SP Material Hoist was taken out of service after finding broken strands in the rope. The rope was replaced, the hoist tested, and placed back into service.",False,,,,train_candidate
msha_004811,msha,no_injury_event,00,ACCIDENT ONLY,2019-12-08,2019,0400196,M,"STRIP, QUARY, OPEN PIT",FIRE,"Accident type, without injuries",NO VALUE FOUND,NO VALUE FOUND,NO VALUE FOUND,NO VALUE FOUND,,0,"Screen, Vibrator, Shaker, Rock screener, Scalper",False,0,[],False,False,A fire started at the Screening Tower at Quarry. First responders were called immediately. The fire burned for approx. 90-120 minutes. Investigation and repairs are ongoing. Damage is currently unknown.,30,A fire started at the Screening Tower at Quarry. First responders were called immediately. The fire burned for approx. 90-120 minutes. Investigation and repairs are ongoing. Damage is currently unknown.,False,,,,train_candidate
msha_004818,msha,permanent_impairment,02,PERM TOT OR PERM PRTL DISABLTY,2023-04-08,2023,0900030,M,MILL OPERATION/PREPARATION PLANT,POWERED HAULAGE,"Caught in, under or between running or meshing objects",Handling supplies or material,"CONVEYORS,NEC",AMPUTATION OR ENUCLEATION,FINGER(S)/THUMB,0,1,"Conveyor, Belt feeder, Stage loader, Hopper shaker, Belt structure",False,0,[],True,False,"The employee used their right hand to wipe clean the underside of the trough, in doing so the employee's middle finger proceeded to enter through the hole and contact the rotating screw conveyor.",33,"The employee used their right hand to wipe clean the underside of the trough, in doing so the employee's middle finger proceeded to enter through the hole and contact the rotating screw conveyor.",False,,,,train_candidate
msha_004836,msha,no_injury_event,00,ACCIDENT ONLY,2021-08-04,2021,1202418,C,SURFACE AT UNDERGROUND,HOISTING,"Accident type, without injuries",NO VALUE FOUND,NO VALUE FOUND,NO VALUE FOUND,NO VALUE FOUND,,0,"Elevator, Skip, Cage, Buckets, Mancage, Slope car ",False,0,[],False,False,"At approximately 4pm the hoist man received a call from the work deck to bump up on #2 work deck winch. The hoist man reportedly heard a noise coming from #2 work deck winch, EE checked the winch and seen that the 1"" cable was unspooling from the drum and falling into the shaft. The cable completely unspooled to the work deck below due to mechanical failure of coupler.",69,"At approximately 4pm the hoist man received a call from the work deck to bump up on #2 work deck winch. The hoist man reportedly heard a noise coming from #2 work deck winch, EE checked the winch and seen that the 1"" cable was unspooling from the drum and falling into the shaft. The cable completely unspooled to the work deck below due to mechanical failure of coupler.",False,,,,train_candidate
msha_004837,msha,no_injury_event,00,ACCIDENT ONLY,2019-04-22,2019,1301617,M,MILL OPERATION/PREPARATION PLANT,FIRE,"Accident type, without injuries",NO VALUE FOUND,NO VALUE FOUND,NO VALUE FOUND,NO VALUE FOUND,,0,NO VALUE FOUND,True,2,"[""petroleum""]",False,False,"4/22/19-In morning noticed that petroleum coke spill between 2 kiln bldgs smoldering. Location of spill made access initially difficult. Was evaluated how to access, extinguished ASAP 4/22/19. MSHA was not notified or an initial 7000-1 report done as issue was not viewed as fire or any risk of combustion. Failure to report resulted in paperwork citation #9382974 issued on 7/29/19.",60,"4/22/19-In morning noticed that petroleum coke spill between 2 kiln bldgs smoldering. Location of spill made access initially difficult. Was evaluated how to access, extinguished ASAP 4/22/19. MSHA was not notified or an initial 7000-1 report done as issue was not viewed as fire or any risk of combustion. Failure to report resulted in paperwork citation #9382974 issued on 7/29/19.",False,,,,train_candidate
msha_004838,msha,fatal,01,FATALITY,2026-06-26,2026,1302224,M,"STRIP, QUARY, OPEN PIT",POWERED HAULAGE,Struck by powered moving object,Front-end loader,SURFACE MINING MACHINES,CRUSHING,MULTIPLE PARTS (MORE THAN ONE MAJOR),,1,"Front-end loader, Tractor-shovel, Payloader, Highlift, Skip loader",False,0,[],True,True,Contractor equipment transporter was in process of loading and securing front end loader to trailer for off-site transit. Contractor employee reached under the loader to grad a chain on trailer and was caught between the loader and trailer.,38,Contractor equipment transporter was in process of loading and securing front end loader to trailer for off-site transit. Contractor employee reached under the loader to grad a chain on trailer and was caught between the loader and trailer.,False,,,,train_candidate
msha_004849,msha,no_injury_event,00,ACCIDENT ONLY,2025-04-24,2025,1800328,M,"STRIP, QUARY, OPEN PIT",FIRE,"Accident type, without injuries",NO VALUE FOUND,NO VALUE FOUND,NO VALUE FOUND,NO VALUE FOUND,,0,"Screen, Vibrator, Shaker, Rock screener, Scalper",False,0,[],False,False,"While performing maintenance work, an employee was welding a patch on the tub of the shaker when they noticed a fire coming from below the shaker. Sparks from the welding, ignited the conveyor belt.",34,"While performing maintenance work, an employee was welding a patch on the tub of the shaker when they noticed a fire coming from below the shaker. Sparks from the welding, ignited the conveyor belt.",False,,,,train_candidate
msha_004852,msha,fatal,01,FATALITY,2023-08-24,2023,2103205,M,"STRIP, QUARY, OPEN PIT",MACHINERY,"Caught in, under or between a moving and a stationary object",Machine maintenance,"MACHINE-MILL,CLEANING PLT",CRUSHING,CHEST (RIBS/BREAST BONE/CHEST ORGNS),,1,"Screen, Vibrator, Shaker, Rock screener, Scalper",False,0,[],True,True,While attempting to lower feed box on wash plant employee was trapped between feed box and hand railing causing fatal injuries to employee.,23,While attempting to lower feed box on wash plant employee was trapped between feed box and hand railing causing fatal injuries to employee.,False,,,,train_candidate
msha_004868,msha,no_injury_event,00,ACCIDENT ONLY,2025-10-21,2025,3004133,M,"STRIP, QUARY, OPEN PIT",MACHINERY,"Accident type, without injuries",NO VALUE FOUND,NO VALUE FOUND,NO VALUE FOUND,NO VALUE FOUND,,0,"Shovel, Power shovel, Backhoe, Trackhoe, Dragline - Big Muskie",False,0,[],False,False,"Volvo 330 was tracking from new shot to medium stone fill to load a sales truck. Euclid End Dump sitting 5/10 min, was radioed to move forward to let truck through. Euclid backed into cab of Volvo 330 crushing cab, broken windows, broken door. Operator of Volvo was able to jump out of equipment (was not injured). Operator of Euclid was suspected on being phone distracted.",66,"Volvo 330 was tracking from new shot to medium stone fill to load a sales truck. Euclid End Dump sitting 5/10 min, was radioed to move forward to let truck through. Euclid backed into cab of Volvo 330 crushing cab, broken windows, broken door. Operator of Volvo was able to jump out of equipment (was not injured). Operator of Euclid was suspected on being phone distracted.",False,,,,train_candidate
msha_004913,msha,no_injury_event,00,ACCIDENT ONLY,2024-08-08,2024,4609258,C,SURFACE AT UNDERGROUND,HOISTING,"Accident type, without injuries",NO VALUE FOUND,NO VALUE FOUND,NO VALUE FOUND,NO VALUE FOUND,,0,"Elevator, Skip, Cage, Buckets, Mancage, Slope car ",False,0,[],False,False,"The Sydney Eagle Portal personnel elevator had a malfunction of the door switch, making the elevator inoperable for more than 30 minutes. MSHA and State Officials were notified and have been on-site investigating the event. NOTE: The elevator has been checked by MSHA and State Officials and is now operational. No entrapments or injuries occurred from this event.",58,"The Sydney Eagle Portal personnel elevator had a malfunction of the door switch, making the elevator inoperable for more than 30 minutes. MSHA and State Officials were notified and have been on-site investigating the event. NOTE: The elevator has been checked by MSHA and State Officials and is now operational. No entrapments or injuries occurred from this event.",False,,,,train_candidate
msha_004914,msha,no_injury_event,00,ACCIDENT ONLY,2023-10-06,2023,4800086,C,"STRIP, QUARY, OPEN PIT",FIRE,"Accident type, without injuries",NO VALUE FOUND,NO VALUE FOUND,NO VALUE FOUND,NO VALUE FOUND,,0,NO VALUE FOUND,False,0,[],False,False,A smoker was observed in the Twin Creek Pit 2 highwall that is a non active area of the mine. Access to the highwall is difficult so the smoker cannot be extinguished within the 30 minutes allowed. The Kemmerer Mine is monitoring the smoker while making a plan to extinguish.,50,A smoker was observed in the Twin Creek Pit 2 highwall that is a non active area of the mine. Access to the highwall is difficult so the smoker cannot be extinguished within the 30 minutes allowed. The Kemmerer Mine is monitoring the smoker while making a plan to extinguish.,False,,,,train_candidate
msha_004921,msha,no_injury_event,00,ACCIDENT ONLY,2022-05-03,2022,0100851,C,SURFACE AT UNDERGROUND,HOISTING,"Accident type, without injuries",NO VALUE FOUND,NO VALUE FOUND,NO VALUE FOUND,NO VALUE FOUND,,0,"Elevator, Skip, Cage, Buckets, Mancage, Slope car ",False,0,[],False,False,The SP Material Hoist was taken out of service to change an axle that had a wheel locked up. The hoist was tested before being placed back into service. MSHA was notified via the hotline.,35,The SP Material Hoist was taken out of service to change an axle that had a wheel locked up. The hoist was tested before being placed back into service. MSHA was notified via the hotline.,False,,,,train_candidate
msha_004922,msha,no_injury_event,00,ACCIDENT ONLY,2023-10-25,2023,0100851,C,SURFACE AT UNDERGROUND,HOISTING,"Accident type, without injuries",NO VALUE FOUND,NO VALUE FOUND,NO VALUE FOUND,NO VALUE FOUND,,0,"Elevator, Skip, Cage, Buckets, Mancage, Slope car ",False,0,[],False,False,"There was an issue with a motor lead that was causing electrical miscommunication with the Material Hoist. The lead was repaired, the hoist tested, and placed back into service.",29,"There was an issue with a motor lead that was causing electrical miscommunication with the Material Hoist. The lead was repaired, the hoist tested, and placed back into service.",False,,,,train_candidate
msha_004924,msha,no_injury_event,00,ACCIDENT ONLY,2023-07-20,2023,0102901,C,SURFACE AT UNDERGROUND,HOISTING,"Accident type, without injuries",NO VALUE FOUND,NO VALUE FOUND,NO VALUE FOUND,NO VALUE FOUND,,0,"Elevator, Skip, Cage, Buckets, Mancage, Slope car ",False,0,[],False,False,Main hoist went down with low hydraulic pressure to the drum brake so brake would not release.,17,Main hoist went down with low hydraulic pressure to the drum brake so brake would not release.,False,,,,train_candidate
msha_004926,msha,permanent_impairment,02,PERM TOT OR PERM PRTL DISABLTY,2025-01-31,2025,0200024,M,"STRIP, QUARY, OPEN PIT",MACHINERY,"Caught in, under or between a moving and a stationary object","Surface equipment, NEC","CRANES,DERRICKS",AMPUTATION OR ENUCLEATION,FINGER(S)/THUMB,69,1,"Crane, Cherry picker, Lift basket, Scissor truck, Boom truck",False,0,[],True,False,IP's 4 fingers on right hand were crushed between Horse head and block & tackle of service truck mounted crane. IP required surgery on all 4 fingers with a portion of middle 2 fingers requiring amputation,36,IP's 4 fingers on right hand were crushed between Horse head and block & tackle of service truck mounted crane. IP required surgery on all 4 fingers with a portion of middle 2 fingers requiring amputation,False,,,,train_candidate
msha_004934,msha,no_injury_event,00,ACCIDENT ONLY,2024-12-18,2024,1000088,M,SURFACE AT UNDERGROUND,HOISTING,"Accident type, without injuries",NO VALUE FOUND,NO VALUE FOUND,NO VALUE FOUND,NO VALUE FOUND,,0,"Elevator, Skip, Cage, Buckets, Mancage, Slope car ",False,0,[],False,False,"After 2 weather related power bumps, the hoist tripped and was not able to be reset due to ""Brake Pump #2"" and ""Safety Circuit Fault"" codes.",26,"After 2 weather related power bumps, the hoist tripped and was not able to be reset due to ""Brake Pump #2"" and ""Safety Circuit Fault"" codes.",False,,,,train_candidate
msha_004939,msha,no_injury_event,00,ACCIDENT ONLY,2021-02-17,2021,1200427,M,SURFACE AT UNDERGROUND,ELECTRICAL,"Accident type, without injuries",NO VALUE FOUND,NO VALUE FOUND,NO VALUE FOUND,NO VALUE FOUND,,0,NO VALUE FOUND,False,0,[],False,False,Duke Energy utility pole that has a small can transformer and a capacitor bank mounted to it was arcing at the base of the pole which caused the utility pole to catch fire at the base of the utility pole. Duke removed power to the capacitor bank and transformer and Shoals Fire Department wet the base of the pole to keep it from igniting again.,65,Duke Energy utility pole that has a small can transformer and a capacitor bank mounted to it was arcing at the base of the pole which caused the utility pole to catch fire at the base of the utility pole. Duke removed power to the capacitor bank and transformer and Shoals Fire Department wet the base of the pole to keep it from igniting again.,False,,,,train_candidate
msha_004944,msha,no_injury_event,00,ACCIDENT ONLY,2022-04-01,2022,1202418,C,SURFACE AT UNDERGROUND,HOISTING,"Accident type, without injuries",NO VALUE FOUND,NO VALUE FOUND,NO VALUE FOUND,NO VALUE FOUND,,0,"Elevator, Skip, Cage, Buckets, Mancage, Slope car ",False,0,[],False,False,"During a non constructive test, a distortion was discovered on one of the ropes. The hoist was removed from hoisting men underground.",22,"During a non constructive test, a distortion was discovered on one of the ropes. The hoist was removed from hoisting men underground.",False,,,,train_candidate
msha_004946,msha,permanent_impairment,02,PERM TOT OR PERM PRTL DISABLTY,2026-03-25,2026,1302076,M,"STRIP, QUARY, OPEN PIT",HANDLING OF MATERIALS,Over-exertion in pulling or pushing objects,Machine maintenance,"CROWBAR,PRY BAR",HERNIA;RUPTURE,ABDOMEN/INTERNAL ORGANS,11,1,NO VALUE FOUND,False,0,[],True,False,"Grizzly bar made it into the Impact, Employee entered and tried to dislodge the bar, resulting in a strain to their lower abdomen.",23,"Grizzly bar made it into the Impact, Employee entered and tried to dislodge the bar, resulting in a strain to their lower abdomen.",False,,,,train_candidate
msha_004955,msha,no_injury_event,00,ACCIDENT ONLY,2023-06-14,2023,1517216,C,SURFACE AT UNDERGROUND,HOISTING,"Accident type, without injuries",NO VALUE FOUND,NO VALUE FOUND,NO VALUE FOUND,NO VALUE FOUND,,0,"Elevator, Skip, Cage, Buckets, Mancage, Slope car ",False,0,[],False,False,"A worn coupler was discovered on the Hanson hoist. This required the hoist to be down, and the coupler to be replaced.",22,"A worn coupler was discovered on the Hanson hoist. This required the hoist to be down, and the coupler to be replaced.",False,,,,train_candidate
msha_004958,msha,fatal,01,FATALITY,2012-04-25,2012,1518747,C,SURFACE AT UNDERGROUND,SLIP OR FALL OF PERSON,"Fall from scaffolds, walkways, platforms",Welding or cutting,GROUND,MULTIPLE INJURIES,MULTIPLE PARTS (MORE THAN ONE MAJOR),0,1,NO VALUE FOUND,False,1,"[""catwalk""]",True,True,Worker took it on his self to cut belt line down without the use of the equipment that we was using to take it down with. He cut it then started walking away from it as it was falling. Then it caught the catwalk he was on and flipped him over the double hand rail on the catwalk and fell to the ground about 20 ft down.,67,Worker took it on his self to cut belt line down without the use of the equipment that we was using to take it down with. He cut it then started walking away from it as it was falling. Then it caught the catwalk he was on and flipped him over the double hand rail on the catwalk and fell to the ground about 20 ft down.,False,,,,train_candidate
msha_004962,msha,no_injury_event,00,ACCIDENT ONLY,2019-03-26,2019,1700022,M,MILL OPERATION/PREPARATION PLANT,FIRE,"Accident type, without injuries",NO VALUE FOUND,NO VALUE FOUND,NO VALUE FOUND,NO VALUE FOUND,,0,NO VALUE FOUND,False,0,[],False,False,Fuel leaked from a #2 Fuel Oil pump and came in contact with hot machinery causing a fire,18,Fuel leaked from a #2 Fuel Oil pump and came in contact with hot machinery causing a fire,False,,,,train_candidate
msha_004969,msha,no_injury_event,00,ACCIDENT ONLY,2021-03-11,2021,2601942,M,"STRIP, QUARY, OPEN PIT",FIRE,"Accident type, without injuries",NO VALUE FOUND,NO VALUE FOUND,NO VALUE FOUND,NO VALUE FOUND,,0,NO VALUE FOUND,False,0,[],False,False,"A power loss was experienced at approximately 0251 am. At 0538 am, after a let up in a snow storm the source of the power loss was discovered. A power pole was found on fire. Mine rescue was dispatched to assess and extinguish fire. Fire was safely extinguished at 0715 am.",51,"A power loss was experienced at approximately 0251 am. At 0538 am, after a let up in a snow storm the source of the power loss was discovered. A power pole was found on fire. Mine rescue was dispatched to assess and extinguish fire. Fire was safely extinguished at 0715 am.",False,,,,train_candidate
msha_004975,msha,no_injury_event,00,ACCIDENT ONLY,2023-05-21,2023,3300161,M,MILL OPERATION/PREPARATION PLANT,FIRE,"Accident type, without injuries",NO VALUE FOUND,NO VALUE FOUND,NO VALUE FOUND,NO VALUE FOUND,,0,NO VALUE FOUND,False,0,[],False,False,At approx. 6:20 PM the control room operator got an alarm that the coal belt shut down. The operator sent the utilitymen to investigate what the cause was. At approx. 6:30 PM the utilitymen determined a fire was in the #2 coal feeder. The fire department was called and clay was put on the feeder and the fire was smothered around 1:30 AM.,63,At approx. 6:20 PM the control room operator got an alarm that the coal belt shut down. The operator sent the utilitymen to investigate what the cause was. At approx. 6:30 PM the utilitymen determined a fire was in the #2 coal feeder. The fire department was called and clay was put on the feeder and the fire was smothered around 1:30 AM.,False,,,,train_candidate
msha_004979,msha,no_injury_event,00,ACCIDENT ONLY,2020-08-26,2020,3303848,M,DREDGE,FIRE,"Accident type, without injuries",NO VALUE FOUND,NO VALUE FOUND,NO VALUE FOUND,NO VALUE FOUND,,0,NO VALUE FOUND,False,0,[],False,False,Workers were welding a patch on a chute below a screen. A fire was noticed inside the chute. Fire extinguishers were unable to put out the fire and fresh water supply was inoperable at the time. The fire spread to the screen and conveyor components above it. The fire department was dispatched to put out the fire.,57,Workers were welding a patch on a chute below a screen. A fire was noticed inside the chute. Fire extinguishers were unable to put out the fire and fresh water supply was inoperable at the time. The fire spread to the screen and conveyor components above it. The fire department was dispatched to put out the fire.,False,,,,train_candidate
msha_004983,msha,no_injury_event,00,ACCIDENT ONLY,2019-03-14,2019,3607230,C,SURFACE AT UNDERGROUND,HOISTING,"Accident type, without injuries",NO VALUE FOUND,NO VALUE FOUND,NO VALUE FOUND,NO VALUE FOUND,,0,"Elevator, Skip, Cage, Buckets, Mancage, Slope car ",False,0,[],False,False,"The Crabapple hoist was taken out of service to replace the bearings on the hoist rope drum. During the bearing repair, damage to the hoist drum shaft was noticed. It is unknown what caused the shaft damage but it was subsequently changed.",42,"The Crabapple hoist was taken out of service to replace the bearings on the hoist rope drum. During the bearing repair, damage to the hoist drum shaft was noticed. It is unknown what caused the shaft damage but it was subsequently changed.",False,,,,train_candidate
msha_004996,msha,no_injury_event,00,ACCIDENT ONLY,2020-06-11,2020,4104393,M,"STRIP, QUARY, OPEN PIT",POWERED HAULAGE,"Accident type, without injuries",NO VALUE FOUND,NO VALUE FOUND,NO VALUE FOUND,NO VALUE FOUND,,0,"Scraper loader, Tractor scraper, Pan scraper, Elevating scraper",False,0,[],False,False,"Contractor was operating scraper. While loading, the operator realized the slope was getting steep. EE turned out of the cut downhill. The (R)front tire slipped downhill and the (L)front tire came off the ground. The cab of the truck flipped over. EE turned the ignition off and was able to crawl out of the cab through the door. Operator was wearing the seatbelt and had no injuries.",67,"Contractor was operating scraper. While loading, the operator realized the slope was getting steep. EE turned out of the cut downhill. The (R)front tire slipped downhill and the (L)front tire came off the ground. The cab of the truck flipped over. EE turned the ignition off and was able to crawl out of the cab through the door. Operator was wearing the seatbelt and had no injuries.",False,,,,train_candidate
msha_004998,msha,permanent_impairment,02,PERM TOT OR PERM PRTL DISABLTY,2024-04-11,2024,4200149,M,"STRIP, QUARY, OPEN PIT",SLIP OR FALL OF PERSON,Struck by falling object,Handling supplies or material,"METAL,NEC(PIPE,WIRE,NAIL)",AMPUTATION OR ENUCLEATION,FINGER(S)/THUMB,0,1,NO VALUE FOUND,False,0,[],True,False,"The IP carried the drill hammer from the pickup truck to the support truck. As the IP climbed onto the fourth step EE's foot slipped and started to lose balance. With the hammer's weight, the IP fell forward and dropped the hammer which landed on the IP's fingertip.",48,"The IP carried the drill hammer from the pickup truck to the support truck. As the IP climbed onto the fourth step EE's foot slipped and started to lose balance. With the hammer's weight, the IP fell forward and dropped the hammer which landed on the IP's fingertip.",False,,,,train_candidate
msha_005013,msha,permanent_impairment,02,PERM TOT OR PERM PRTL DISABLTY,2024-01-20,2024,4609447,C,MILL OPERATION/PREPARATION PLANT,SLIP OR FALL OF PERSON,"Caught in, under or between NEC","Walking, Running","HAND TOOLS,NONPOWERED,NEC",AMPUTATION OR ENUCLEATION,FINGER(S)/THUMB,243,1,"Conveyor, Belt feeder, Stage loader, Hopper shaker, Belt structure",False,0,[],True,False,Injured employee tripped and fell while walking de-icing rollers along the Met #3 conveyor belt.,15,Injured employee tripped and fell while walking de-icing rollers along the Met #3 conveyor belt.,False,,,,train_candidate
msha_005015,msha,no_injury_event,00,ACCIDENT ONLY,2024-12-20,2024,4800977,C,"STRIP, QUARY, OPEN PIT",FIRE,"Accident type, without injuries",NO VALUE FOUND,NO VALUE FOUND,NO VALUE FOUND,NO VALUE FOUND,,0,NO VALUE FOUND,False,0,[],False,False,A coal smoker was found and it took longer than 30 minutes to get it put out.,17,A coal smoker was found and it took longer than 30 minutes to get it put out.,False,,,,train_candidate
msha_005017,msha,no_injury_event,00,ACCIDENT ONLY,2019-01-14,2019,4801353,C,"STRIP, QUARY, OPEN PIT",FIRE,"Accident type, without injuries",NO VALUE FOUND,NO VALUE FOUND,NO VALUE FOUND,NO VALUE FOUND,,0,NO VALUE FOUND,False,0,[],False,False,A coal smoker was discovered in the porcupine pit and was not extinguished within 30 minutes.,16,A coal smoker was discovered in the porcupine pit and was not extinguished within 30 minutes.,False,,,,train_candidate
msha_005020,msha,no_injury_event,00,ACCIDENT ONLY,2020-10-02,2020,0100851,C,SURFACE AT UNDERGROUND,HOISTING,"Accident type, without injuries",NO VALUE FOUND,NO VALUE FOUND,NO VALUE FOUND,NO VALUE FOUND,,0,"Elevator, Skip, Cage, Buckets, Mancage, Slope car ",False,0,[],False,False,"The axle on the Material Slope Car went down. The car was removed from service, the axle changed, tested, and put back into service. MSHA hotline was notified when the hoist was took out of service and when the hoist was put back into service.",45,"The axle on the Material Slope Car went down. The car was removed from service, the axle changed, tested, and put back into service. MSHA hotline was notified when the hoist was took out of service and when the hoist was put back into service.",False,,,,train_candidate
msha_005021,msha,no_injury_event,00,ACCIDENT ONLY,2022-04-23,2022,0100851,C,SURFACE AT UNDERGROUND,HOISTING,"Accident type, without injuries",NO VALUE FOUND,NO VALUE FOUND,NO VALUE FOUND,NO VALUE FOUND,,0,"Elevator, Skip, Cage, Buckets, Mancage, Slope car ",False,0,[],False,False,The SP Material Hoist was taken out of service as a planned outage to shorten the rope. MSHA was notified via the hotline at the time this took place.,29,The SP Material Hoist was taken out of service as a planned outage to shorten the rope. MSHA was notified via the hotline at the time this took place.,False,,,,train_candidate
msha_005022,msha,no_injury_event,00,ACCIDENT ONLY,2023-02-17,2023,0100851,C,SURFACE AT UNDERGROUND,HOISTING,"Accident type, without injuries",NO VALUE FOUND,NO VALUE FOUND,NO VALUE FOUND,NO VALUE FOUND,,0,"Elevator, Skip, Cage, Buckets, Mancage, Slope car ",False,0,[],False,False,"The SP Material Hoist was taken out of service to replace the rope and change 2 fittings. The rope was close to meeting retirement criteria. The rope was replaced, fittings changed, the hoist tested, and placed back into service. MSHA was notified via the hotline.",45,"The SP Material Hoist was taken out of service to replace the rope and change 2 fittings. The rope was close to meeting retirement criteria. The rope was replaced, fittings changed, the hoist tested, and placed back into service. MSHA was notified via the hotline.",False,,,,train_candidate
msha_005025,msha,permanent_impairment,02,PERM TOT OR PERM PRTL DISABLTY,2023-07-17,2023,0202961,M,"STRIP, QUARY, OPEN PIT",POWERED HAULAGE,"Caught in, under or between running or meshing objects",Handling supplies or material,BELT CONVEYORS,AMPUTATION OR ENUCLEATION,"ARM,NEC",49,1,"Conveyor, Belt feeder, Stage loader, Hopper shaker, Belt structure",False,0,[],True,False,"Miner reached into tail pulley of the overland conveyor belt to remove debris on belt at which time the belt was started and pulled miners right arm into pulley causing the loss of right arm. There was 3 other miners working with victim, they got individual away from conveyor called 911 and got EE stabilized.",55,"Miner reached into tail pulley of the overland conveyor belt to remove debris on belt at which time the belt was started and pulled miners right arm into pulley causing the loss of right arm. There was 3 other miners working with victim, they got individual away from conveyor called 911 and got EE stabilized.",False,,,,train_candidate
msha_005028,msha,fatal,01,FATALITY,2026-01-06,2026,0400213,M,MILL OPERATION/PREPARATION PLANT,MACHINERY,"Caught in, under or between running or meshing objects",Machine maintenance,"MCH PWR TRNSMSN APPR,NEC",MULTIPLE INJURIES,"HEAD, MULTIPLE PARTS",,2,"Milling machinery, Block press, Ballast machine",False,0,[],True,True,During preparation for dismantling of motor and gear box on slide gate. Employee didn't follow given instructions and removed all bolts from gearbox. That cause released of stored energy on slide gate and motor with gear box start spinning. Employee got caught by the equipment and started spinning with it. During spinning their head hit the handrail which caused a fatal injury.,62,During preparation for dismantling of motor and gear box on slide gate. Employee didn't follow given instructions and removed all bolts from gearbox. That cause released of stored energy on slide gate and motor with gear box start spinning. Employee got caught by the equipment and started spinning with it. During spinning their head hit the handrail which caused a fatal injury.,False,,,,train_candidate
msha_005035,msha,no_injury_event,00,ACCIDENT ONLY,2023-04-06,2023,1000089,M,SURFACE AT UNDERGROUND,HOISTING,"Accident type, without injuries",NO VALUE FOUND,NO VALUE FOUND,NO VALUE FOUND,NO VALUE FOUND,,0,"Elevator, Skip, Cage, Buckets, Mancage, Slope car ",False,0,[],False,False,A hydraulic hose fitting failed on the Chippy hoist braking system. The hydraulic braking system lost pressure and the brakes set. The hoist was not operational.,26,A hydraulic hose fitting failed on the Chippy hoist braking system. The hydraulic braking system lost pressure and the brakes set. The hoist was not operational.,False,,,,train_candidate
msha_005040,msha,no_injury_event,00,ACCIDENT ONLY,2019-11-30,2019,1103143,C,MILL OPERATION/PREPARATION PLANT,FIRE,"Accident type, without injuries",NO VALUE FOUND,NO VALUE FOUND,NO VALUE FOUND,NO VALUE FOUND,,0,NO VALUE FOUND,False,0,[],False,False,Smoke was observed coming from the raw coal pile located near the Prairie Eagle East Portal. Actions were taken to treat and remove the affected material.,26,Smoke was observed coming from the raw coal pile located near the Prairie Eagle East Portal. Actions were taken to treat and remove the affected material.,False,,,,train_candidate
msha_005041,msha,no_injury_event,00,ACCIDENT ONLY,2025-05-03,2025,1103143,C,MILL OPERATION/PREPARATION PLANT,FIRE,"Accident type, without injuries",NO VALUE FOUND,NO VALUE FOUND,NO VALUE FOUND,NO VALUE FOUND,,0,NO VALUE FOUND,False,0,[],False,False,A hot spot was discovered on the PEEP raw coal pad. No one was injured. When a dozer was freed from being stuck material started being moved from the area.,30,A hot spot was discovered on the PEEP raw coal pad. No one was injured. When a dozer was freed from being stuck material started being moved from the area.,False,,,,train_candidate
msha_005056,msha,permanent_impairment,02,PERM TOT OR PERM PRTL DISABLTY,2003-12-22,2003,1600358,M,UNDERGROUND,POWERED HAULAGE,Struck by falling object,Machine maintenance,"METAL,NEC(PIPE,WIRE,NAIL)",AMPUTATION OR ENUCLEATION,FINGER(S)/THUMB,4,1,Ore haulage trucks - off highway trucks,False,1,"[""casing""]",True,False,Employee was trying to drop the inside of a cylinder into the casing. He was holding the cylinder by the rim trying to ease the piston down the casing. The cylinder fell down the casing rather easily catching his ring finger on the lip. It cut the ring finger off at the first knuckle.,54,Employee was trying to drop the inside of a cylinder into the casing. He was holding the cylinder by the rim trying to ease the piston down the casing. The cylinder fell down the casing rather easily catching his ring finger on the lip. It cut the ring finger off at the first knuckle.,False,,,,train_candidate
msha_005058,msha,no_injury_event,00,ACCIDENT ONLY,2020-07-11,2020,2100820,M,MILL OPERATION/PREPARATION PLANT,FIRE,"Accident type, without injuries",NO VALUE FOUND,NO VALUE FOUND,NO VALUE FOUND,NO VALUE FOUND,,0,"Trucks, Service truck, Utility truck, Pickup, Water truck, Fuel truck",False,0,[],False,False,A shipment of dry sawdust used for fuel was delivered to the site on 7-11-2020 at 4 PM. The load is delivered in a 53 foot semi-van container and is left in the container for distribution to the process at a different time. Later that evening at 11:00 PM a Minntac employee noticed smoke coming out of the van. Minntac employees put out the fire quickly and put people on watch.,71,A shipment of dry sawdust used for fuel was delivered to the site on 7-11-2020 at 4 PM. The load is delivered in a 53 foot semi-van container and is left in the container for distribution to the process at a different time. Later that evening at 11:00 PM a Minntac employee noticed smoke coming out of the van. Minntac employees put out the fire quickly and put people on watch.,False,,,,train_candidate
msha_005060,msha,no_injury_event,00,ACCIDENT ONLY,2020-12-09,2020,2102449,M,MILL OPERATION/PREPARATION PLANT,FIRE,"Accident type, without injuries",NO VALUE FOUND,NO VALUE FOUND,NO VALUE FOUND,NO VALUE FOUND,,0,"Crusher, Breaker, Mills (ball and rod), Feeder breaker",False,0,[],False,False,Millwright was cutting bolt and washer off exterior of feeder when it fell down into the crusher and landed on the screen deck. Hot bolt caught rubber screen on fire. Minor damage to screen and dust pipe.,37,Millwright was cutting bolt and washer off exterior of feeder when it fell down into the crusher and landed on the screen deck. Hot bolt caught rubber screen on fire. Minor damage to screen and dust pipe.,False,,,,train_candidate
msha_005072,msha,permanent_impairment,02,PERM TOT OR PERM PRTL DISABLTY,2025-10-27,2025,2602822,M,SURFACE AT UNDERGROUND,MACHINERY,"Caught in, under or between running or meshing objects",Machine maintenance,"MACHINE,NEC-WELDR,OFC MAC",AMPUTATION OR ENUCLEATION,FINGER(S)/THUMB,7,1,Hand tools (powered),False,0,[],True,False,"EE was working on a pressure washer. They plugged it in and was checking belts. They leaned over onto the power button. The washer turned on, and the pulley belt pulled their glove in, amputating the tip of their left middle finger. Seen at ER, diagnosed with traumatic partial amputation, released to modified duty.",54,"EE was working on a pressure washer. They plugged it in and was checking belts. They leaned over onto the power button. The washer turned on, and the pulley belt pulled their glove in, amputating the tip of their left middle finger. Seen at ER, diagnosed with traumatic partial amputation, released to modified duty.",False,,,,train_candidate
msha_005073,msha,no_injury_event,00,ACCIDENT ONLY,2025-02-04,2025,2602908,M,"STRIP, QUARY, OPEN PIT",FIRE,"Accident type, without injuries",NO VALUE FOUND,NO VALUE FOUND,NO VALUE FOUND,NO VALUE FOUND,,0,"Crusher, Breaker, Mills (ball and rod), Feeder breaker",False,0,[],False,False,"The fire started about 5:15. The pit had been closed and crusher that caught on fire was not running. No employees were there and gates to the pit was locked. Crew left about 4:30 pm. No injuries, just equipment damage (portable crusher)",42,"The fire started about 5:15. The pit had been closed and crusher that caught on fire was not running. No employees were there and gates to the pit was locked. Crew left about 4:30 pm. No injuries, just equipment damage (portable crusher)",False,,,,train_candidate
msha_005075,msha,no_injury_event,00,ACCIDENT ONLY,2016-01-22,2016,2900708,M,MILL OPERATION/PREPARATION PLANT,FIRE,"Accident type, without injuries",NO VALUE FOUND,NO VALUE FOUND,NO VALUE FOUND,NO VALUE FOUND,,0,NO VALUE FOUND,False,1,"[""pipeline""]",False,False,"At 13:07, pipeline security rover noticed a small brush fire west of MM 5 in a remote, non mining or plant area off of the Lake One Road. Mine ERRT responded, discovered what appeared to have been a camp fire that spread to some brush. Fire was called out at 13:54.",51,"At 13:07, pipeline security rover noticed a small brush fire west of MM 5 in a remote, non mining or plant area off of the Lake One Road. Mine ERRT responded, discovered what appeared to have been a camp fire that spread to some brush. Fire was called out at 13:54.",False,,,,train_candidate
msha_005080,msha,no_injury_event,00,ACCIDENT ONLY,2021-07-02,2021,3000663,M,SURFACE AT UNDERGROUND,HOISTING,"Accident type, without injuries",NO VALUE FOUND,NO VALUE FOUND,NO VALUE FOUND,NO VALUE FOUND,,0,"Elevator, Skip, Cage, Buckets, Mancage, Slope car ",False,0,[],False,False,#3 hoist tripped and would not reset because the west brake was not functioning properly. Through troubleshooting it was found that the west brake switch plunger was stuck in the open position.,32,#3 hoist tripped and would not reset because the west brake was not functioning properly. Through troubleshooting it was found that the west brake switch plunger was stuck in the open position.,False,,,,train_candidate
msha_005084,msha,permanent_impairment,02,PERM TOT OR PERM PRTL DISABLTY,2022-02-09,2022,3300156,M,"STRIP, QUARY, OPEN PIT",POWERED HAULAGE,"Caught in, under or between running or meshing objects",Machine maintenance,"DRUM,PULY,SHEAVE-NT CONVY",AMPUTATION OR ENUCLEATION,FINGER(S)/THUMB,32,1,"Conveyor, Belt feeder, Stage loader, Hopper shaker, Belt structure",False,0,[],True,False,"The employee was pulling down on a belt which was connected to a motor pulley and a gear box pulley. The purpose of the task was to rotate the screw conveyor so bolts that were damaged could be replaced. After doing so, the pulley began to turn catching and injuring the employee.",52,"The employee was pulling down on a belt which was connected to a motor pulley and a gear box pulley. The purpose of the task was to rotate the screw conveyor so bolts that were damaged could be replaced. After doing so, the pulley began to turn catching and injuring the employee.",False,,,,train_candidate
msha_005100,msha,no_injury_event,00,ACCIDENT ONLY,2024-03-03,2024,4101628,M,"STRIP, QUARY, OPEN PIT",FIRE,"Accident type, without injuries",NO VALUE FOUND,NO VALUE FOUND,NO VALUE FOUND,NO VALUE FOUND,,0,NO VALUE FOUND,False,0,[],False,False,"At appromently 8:30 an employee was using a chop saw in the maintenance shop when the ee notice a fire on the wall. The employee extinguished the the fire and continued to work, at 8:47 the employee noticed the fire had reingnited. MSHA was called at 9:12",47,"At appromently 8:30 an employee was using a chop saw in the maintenance shop when the ee notice a fire on the wall. The employee extinguished the the fire and continued to work, at 8:47 the employee noticed the fire had reingnited. MSHA was called at 9:12",False,,,,train_candidate
msha_005103,msha,no_injury_event,00,ACCIDENT ONLY,2024-06-17,2024,4105243,M,"STRIP, QUARY, OPEN PIT",FIRE,"Accident type, without injuries",NO VALUE FOUND,NO VALUE FOUND,NO VALUE FOUND,NO VALUE FOUND,,0,Ore haulage trucks - off highway trucks,False,0,[],False,False,"At about 5pm on Monday the 17th of June 2024 the operator arrived at the parking area. The operator parked the articulated dump truck, engaged the parking brake & exited the truck & entered the restroom. As soon as the operator entered & closed the door another operator started yelling fire. Upon exiting the restroom in a matter of minutes the cab of the truck was fully engulfed.",68,"At about 5pm on Monday the 17th of June 2024 the operator arrived at the parking area. The operator parked the articulated dump truck, engaged the parking brake & exited the truck & entered the restroom. As soon as the operator entered & closed the door another operator started yelling fire. Upon exiting the restroom in a matter of minutes the cab of the truck was fully engulfed.",False,,,,train_candidate
msha_005104,msha,permanent_impairment,02,PERM TOT OR PERM PRTL DISABLTY,2026-05-28,2026,4105331,M,"STRIP, QUARY, OPEN PIT",HANDLING OF MATERIALS,Struck by falling object,Machine maintenance,"METAL,NEC(PIPE,WIRE,NAIL)",AMPUTATION OR ENUCLEATION,FINGER(S)/THUMB,,1,NO VALUE FOUND,False,0,[],True,False,"Our employee was performing flight installation on a dryer. While positioning and tack welding a plate, the material became unstable and tipped over, landing on employee's right hand causing amputation to the tip of the 5th finger and a fracture to the 4th finger.",44,"Our employee was performing flight installation on a dryer. While positioning and tack welding a plate, the material became unstable and tipped over, landing on employee's right hand causing amputation to the tip of the 5th finger and a fracture to the 4th finger.",False,,,,train_candidate
msha_005113,msha,no_injury_event,00,ACCIDENT ONLY,2020-10-23,2020,4407133,C,"STRIP, QUARY, OPEN PIT",FIRE,"Accident type, without injuries",NO VALUE FOUND,NO VALUE FOUND,NO VALUE FOUND,NO VALUE FOUND,,0,"Bulldozer, Dozer, Crawler tractor, Push cat",False,0,[],False,False,"At approximately 12:00 noon, the operator noticed flames in the engine compartment below the radiator. The operator shut dozer down and along with the foreman proceeded to extinguish the fire. Fire put out within 20 minutes. They went to get more fire extinguishers and upon returning approximately 20 minutes later, the dozer had reignited and was burning rapidly.",58,"At approximately 12:00 noon, the operator noticed flames in the engine compartment below the radiator. The operator shut dozer down and along with the foreman proceeded to extinguish the fire. Fire put out within 20 minutes. They went to get more fire extinguishers and upon returning approximately 20 minutes later, the dozer had reignited and was burning rapidly.",False,,,,train_candidate
msha_005119,msha,no_injury_event,00,ACCIDENT ONLY,2023-11-29,2023,4608878,C,SURFACE AT UNDERGROUND,HOISTING,"Accident type, without injuries",NO VALUE FOUND,NO VALUE FOUND,NO VALUE FOUND,NO VALUE FOUND,,0,"Elevator, Skip, Cage, Buckets, Mancage, Slope car ",False,0,[],False,False,All power was lost on the surface due to a neutral line breaking and slapping a phase lead. the power was lost at 4:05 Pm and restored at 4:58 PM. the hoist was not operational during that time frame. no one trapped or no one injured.,46,All power was lost on the surface due to a neutral line breaking and slapping a phase lead. the power was lost at 4:05 Pm and restored at 4:58 PM. the hoist was not operational during that time frame. no one trapped or no one injured.,False,,,,train_candidate
msha_005127,msha,no_injury_event,00,ACCIDENT ONLY,2020-06-11,2020,4800152,M,SURFACE AT UNDERGROUND,IMPOUNDMENT,"Accident type, without injuries",NO VALUE FOUND,NO VALUE FOUND,NO VALUE FOUND,NO VALUE FOUND,,0,NO VALUE FOUND,False,0,[],False,False,"The suspected cause of the breach was piping under the embankment from the dissolution of deca crystal below the embankment. As the water escaped to the Evaporation Lake, the flow eroded the earthen embankment. It is suspected recent heavy rains contributed via excessive dilution of the material stored in the impoundment.",51,"The suspected cause of the breach was piping under the embankment from the dissolution of deca crystal below the embankment. As the water escaped to the Evaporation Lake, the flow eroded the earthen embankment. It is suspected recent heavy rains contributed via excessive dilution of the material stored in the impoundment.",False,,,,train_candidate
msha_005130,msha,no_injury_event,00,ACCIDENT ONLY,2026-05-22,2026,4800154,M,SURFACE AT UNDERGROUND,MACHINERY,"Accident type, without injuries",NO VALUE FOUND,NO VALUE FOUND,NO VALUE FOUND,NO VALUE FOUND,,0,Fan,False,0,[],False,False,Lost incoming power from Rocky Mountain Power. Mine fans were lost and mine was evacuated. Notified MSHA. Power was restored at 7:00pm and miners returned to the mine by 10:30pm.,30,Lost incoming power from Rocky Mountain Power. Mine fans were lost and mine was evacuated. Notified MSHA. Power was restored at 7:00pm and miners returned to the mine by 10:30pm.,False,,,,train_candidate
msha_005132,msha,no_injury_event,00,ACCIDENT ONLY,2025-06-18,2025,4801353,C,"STRIP, QUARY, OPEN PIT",FIRE,"Accident type, without injuries",NO VALUE FOUND,NO VALUE FOUND,NO VALUE FOUND,NO VALUE FOUND,,0,NO VALUE FOUND,False,0,[],False,False,A coal smoker was discovered in the Mid pit and not extinguished within 30 minutes.,15,A coal smoker was discovered in the Mid pit and not extinguished within 30 minutes.,False,,,,train_candidate
msha_005133,msha,no_injury_event,00,ACCIDENT ONLY,2019-05-27,2019,4801429,C,"STRIP, QUARY, OPEN PIT",FIRE,"Accident type, without injuries",NO VALUE FOUND,NO VALUE FOUND,NO VALUE FOUND,NO VALUE FOUND,,0,NO VALUE FOUND,False,0,[],False,False,A hot area in the exposed coal face was fanned by winds and produced flames which were extinguished by a dozer operator but not within the half hour after discovery. No miners were ever in danger at any time.,39,A hot area in the exposed coal face was fanned by winds and produced flames which were extinguished by a dozer operator but not within the half hour after discovery. No miners were ever in danger at any time.,False,,,,train_candidate
msha_005136,msha,no_injury_event,00,ACCIDENT ONLY,2025-02-09,2025,0100329,C,MILL OPERATION/PREPARATION PLANT,FIRE,"Accident type, without injuries",NO VALUE FOUND,NO VALUE FOUND,NO VALUE FOUND,NO VALUE FOUND,,0,"Front-end loader, Tractor-shovel, Payloader, Highlift, Skip loader",False,0,[],False,False,The 980M Cat loader was discovered to be on fire at the Preparation Plant. After investigation it was determined that the fire did not burn for more than 30 minutes from discovery deeming it a non-reportable. MSHA was notified by precaution and investigated by MSHA. The fire appeared to have started from an electrical issue in the cab of the machine.,61,The 980M Cat loader was discovered to be on fire at the Preparation Plant. After investigation it was determined that the fire did not burn for more than 30 minutes from discovery deeming it a non-reportable. MSHA was notified by precaution and investigated by MSHA. The fire appeared to have started from an electrical issue in the cab of the machine.,False,,,,train_candidate
msha_005137,msha,no_injury_event,00,ACCIDENT ONLY,2020-05-02,2020,0100851,C,SURFACE AT UNDERGROUND,HOISTING,"Accident type, without injuries",NO VALUE FOUND,NO VALUE FOUND,NO VALUE FOUND,NO VALUE FOUND,,0,"Elevator, Skip, Cage, Buckets, Mancage, Slope car ",False,0,[],False,False,"The North Portal Hoist blew an O-Ring on the hydraulic system. The hoist was downed and repaired. The O-Ring and pressure transducer was replaced. MSHA hotline was called when hoist went down and also after the hoist was repaired, tested, and placed back in service.",45,"The North Portal Hoist blew an O-Ring on the hydraulic system. The hoist was downed and repaired. The O-Ring and pressure transducer was replaced. MSHA hotline was called when hoist went down and also after the hoist was repaired, tested, and placed back in service.",False,,,,train_candidate
msha_005138,msha,no_injury_event,00,ACCIDENT ONLY,2021-03-18,2021,0100851,C,SURFACE AT UNDERGROUND,HOISTING,"Accident type, without injuries",NO VALUE FOUND,NO VALUE FOUND,NO VALUE FOUND,NO VALUE FOUND,,0,"Elevator, Skip, Cage, Buckets, Mancage, Slope car ",False,0,[],False,False,"Upon inspection there was some spots found in the SP Material Hoist rope. The hoist was taken out of service, the rope was changed, the hoist was tested, and the hoist was placed back into service. MSHA hotline was notified when the hoist was taken out of service and when the hoist was placed back into service.",57,"Upon inspection there was some spots found in the SP Material Hoist rope. The hoist was taken out of service, the rope was changed, the hoist was tested, and the hoist was placed back into service. MSHA hotline was notified when the hoist was taken out of service and when the hoist was placed back into service.",False,,,,train_candidate
msha_005139,msha,no_injury_event,00,ACCIDENT ONLY,2022-03-30,2022,0102901,C,SURFACE AT UNDERGROUND,HOISTING,"Accident type, without injuries",NO VALUE FOUND,NO VALUE FOUND,NO VALUE FOUND,NO VALUE FOUND,,0,"Elevator, Skip, Cage, Buckets, Mancage, Slope car ",False,0,[],False,False,Slope hoist is down due to being cited for the main drum brake.,13,Slope hoist is down due to being cited for the main drum brake.,False,,,,train_candidate
msha_005142,msha,permanent_impairment,02,PERM TOT OR PERM PRTL DISABLTY,2022-04-26,2022,0203131,M,"STRIP, QUARY, OPEN PIT",MACHINERY,"Caught in, under or between a moving and a stationary object",Handling supplies or material,"METAL,NEC(PIPE,WIRE,NAIL)",AMPUTATION OR ENUCLEATION,FINGER(S)/THUMB,0,1,"Carriage-mounted drills, Rail, Rubber-tired, Jumbo, Air-track drill",True,3,"[""driller"", ""casing""]",True,False,"Driller was attempting to slide the casing up the rod slide from the rod table and lost control of the casing when EE#'s right hand slipped off, causing it to drop down the slide unexpectedly. This resulted in the individuals left ring finger being caught between the casing and rods on the rod table. Injury resulted in amputation of the ring finger.",62,"Driller was attempting to slide the casing up the rod slide from the rod table and lost control of the casing when EE#'s right hand slipped off, causing it to drop down the slide unexpectedly. This resulted in the individuals left ring finger being caught between the casing and rods on the rod table. Injury resulted in amputation of the ring finger.",False,,,,train_candidate
msha_005149,msha,no_injury_event,00,ACCIDENT ONLY,2025-01-24,2025,0900038,M,"STRIP, QUARY, OPEN PIT",FIRE,"Accident type, without injuries",NO VALUE FOUND,NO VALUE FOUND,NO VALUE FOUND,NO VALUE FOUND,,0,Ore haulage trucks - off highway trucks,False,0,[],False,False,On 1/24/2025 a 777G Caterpillar haul truck caught on fire when the truck was at the crusher pad preparing to dump. The operator stated that EE felt heat and looked to EE's right and saw flames. EE engaged the fire suppression system and exited the truck. The fire department was called and contained the fire in 45 minutes. The truck was a total loss.,64,On 1/24/2025 a 777G Caterpillar haul truck caught on fire when the truck was at the crusher pad preparing to dump. The operator stated that EE felt heat and looked to EE's right and saw flames. EE engaged the fire suppression system and exited the truck. The fire department was called and contained the fire in 45 minutes. The truck was a total loss.,False,,,,train_candidate
msha_005152,msha,fatal,01,FATALITY,2022-06-17,2022,0901264,M,MILL OPERATION/PREPARATION PLANT,MACHINERY,"Caught in, under or between a moving and a stationary object","Surface equipment, NEC",SURFACE MINING MACHINES,CRUSHING,CHEST (RIBS/BREAST BONE/CHEST ORGNS),,1,"Machine, NEC - Wheelbarrow, Well drilling Rig, Post hole auger",False,0,[],True,True,"A contract miner died when the compactor EE was operating overturned, pinning EE beneath the cab. As the compactor was traveling in reverse, the compactor's left tire went off a four-foot embankment causing the compactor to overturn.",37,"A contract miner died when the compactor EE was operating overturned, pinning EE beneath the cab. As the compactor was traveling in reverse, the compactor's left tire went off a four-foot embankment causing the compactor to overturn.",False,,,,train_candidate
msha_005153,msha,no_injury_event,00,ACCIDENT ONLY,2012-01-06,2012,1000082,M,SURFACE AT UNDERGROUND,HOISTING,"Accident type, without injuries",NO VALUE FOUND,NO VALUE FOUND,NO VALUE FOUND,NO VALUE FOUND,0,0,"Elevator, Skip, Cage, Buckets, Mancage, Slope car ",True,2,"[""driller""]",False,False,The Couer hoist went down due to an electrical problem while hoisting ore from 3400. The electricians had a little trouble identifying the problem but finally determined it to be a burned coil and fuse on the secondary board of the hoist controls. The only crews affected were the diamond driller and cages who instructed to stand down. Hoist was back up at 3:30 pm,65,The Couer hoist went down due to an electrical problem while hoisting ore from 3400. The electricians had a little trouble identifying the problem but finally determined it to be a burned coil and fuse on the secondary board of the hoist controls. The only crews affected were the diamond driller and cages who instructed to stand down. Hoist was back up at 3:30 pm,False,,,,train_candidate
msha_005156,msha,no_injury_event,00,ACCIDENT ONLY,2024-09-08,2024,1000088,M,SURFACE AT UNDERGROUND,HOISTING,"Accident type, without injuries",NO VALUE FOUND,NO VALUE FOUND,NO VALUE FOUND,NO VALUE FOUND,,0,"Elevator, Skip, Cage, Buckets, Mancage, Slope car ",False,0,[],False,False,The hoist tripped out at 4:10 PM. The electricians on duty found a loose relay in the PLC is what caused the hoist to trip.,25,The hoist tripped out at 4:10 PM. The electricians on duty found a loose relay in the PLC is what caused the hoist to trip.,False,,,,train_candidate
msha_005168,msha,no_injury_event,00,ACCIDENT ONLY,2024-11-15,2024,2000062,M,MILL OPERATION/PREPARATION PLANT,FIRE,"Accident type, without injuries",NO VALUE FOUND,NO VALUE FOUND,NO VALUE FOUND,NO VALUE FOUND,,0,"Crusher, Breaker, Mills (ball and rod), Feeder breaker",False,0,[],False,False,"Roll crusher stalled, but drive belt kept running. Friction caused it to start on fire then ignite grease that lubricates the bearings. Response procedures executed at 5:57 when fire was discovered (contact fire dept & evacuation). Extinguished at 7:18. No entrapment or injuries. Minor damage to equipment. Inspection underway.",49,"Roll crusher stalled, but drive belt kept running. Friction caused it to start on fire then ignite grease that lubricates the bearings. Response procedures executed at 5:57 when fire was discovered (contact fire dept & evacuation). Extinguished at 7:18. No entrapment or injuries. Minor damage to equipment. Inspection underway.",False,,,,train_candidate
msha_005182,msha,permanent_impairment,02,PERM TOT OR PERM PRTL DISABLTY,2026-04-16,2026,2902465,M,"STRIP, QUARY, OPEN PIT",MACHINERY,"Caught in, under or between running or meshing objects",Machine maintenance,"MACHINE-MILL,CLEANING PLT",AMPUTATION OR ENUCLEATION,HAND (NOT WRIST OR FINGERS),,1,"Screen, Vibrator, Shaker, Rock screener, Scalper",False,0,[],True,False,While applying belt dressing to a head pulley EE's hand was caught in the head pulley and caused the loss of EE's left hand.,24,While applying belt dressing to a head pulley EE's hand was caught in the head pulley and caused the loss of EE's left hand.,False,,,,train_candidate
msha_005200,msha,no_injury_event,00,ACCIDENT ONLY,2019-06-17,2019,3601966,C,MILL OPERATION/PREPARATION PLANT,FIRE,"Accident type, without injuries",NO VALUE FOUND,NO VALUE FOUND,NO VALUE FOUND,NO VALUE FOUND,,0,Ore haulage trucks - off highway trucks,False,0,[],False,False,EE was driving away from pump when EE saw flames behind the cab. EE stopped the truck & exited by jumping off the front bumper. The truck rolled backwards about 150 yards and stopped up against a pile of coal where it continued to burn. Fire Dept. arrived on scene & extinguished the truck.,54,EE was driving away from pump when EE saw flames behind the cab. EE stopped the truck & exited by jumping off the front bumper. The truck rolled backwards about 150 yards and stopped up against a pile of coal where it continued to burn. Fire Dept. arrived on scene & extinguished the truck.,False,,,,train_candidate
msha_005206,msha,fatal,01,FATALITY,2023-04-09,2023,4003591,M,"STRIP, QUARY, OPEN PIT",MACHINERY,Struck by flying object,Machine maintenance,"METAL,NEC(PIPE,WIRE,NAIL)",CRUSHING,"HEAD,NEC",,1,Hand tools (powered),False,0,[],True,True,"The victim was mounting a haul truck tire on a rim when a rim locking ring dislodged and struck employee, causing fatal injuries.",23,"The victim was mounting a haul truck tire on a rim when a rim locking ring dislodged and struck employee, causing fatal injuries.",False,,,,train_candidate
msha_005209,msha,no_injury_event,00,ACCIDENT ONLY,2025-09-11,2025,4100083,M,"STRIP, QUARY, OPEN PIT",FIRE,"Accident type, without injuries",NO VALUE FOUND,NO VALUE FOUND,NO VALUE FOUND,NO VALUE FOUND,,0,NO VALUE FOUND,False,0,[],False,False,"A fire originated off-mine property when a private citizen parked their vehicle in tall, dry grass, igniting it. The fire spread onto the backside of the property, where no employees were exposed. The fire was contained and extinguished within 32 minutes of discovery.",43,"A fire originated off-mine property when a private citizen parked their vehicle in tall, dry grass, igniting it. The fire spread onto the backside of the property, where no employees were exposed. The fire was contained and extinguished within 32 minutes of discovery.",False,,,,train_candidate
msha_005212,msha,fatal,01,FATALITY,2005-09-15,2005,4102781,M,MILL OPERATION/PREPARATION PLANT,SLIP OR FALL OF PERSON,Fall from machine,Machine maintenance,"FLOOR,WALKING SURF-NOT UG",MULTIPLE INJURIES,MULTIPLE PARTS (MORE THAN ONE MAJOR),0,1,NO VALUE FOUND,False,1,"[""catwalk""]",True,True,Employee fell to concrete floor at base of preheater - apparently from the second level where he had been performing work. Death was apparently immediate. There were no witnesses to the accident and it is not known how the employee fell or whether he tried to access his work from the safety handrail along the catwalk.,56,Employee fell to concrete floor at base of preheater - apparently from the second level where he had been performing work. Death was apparently immediate. There were no witnesses to the accident and it is not known how the employee fell or whether he tried to access his work from the safety handrail along the catwalk.,False,,,,train_candidate
msha_005227,msha,no_injury_event,00,ACCIDENT ONLY,2024-09-05,2024,4605252,C,SURFACE AT UNDERGROUND,HOISTING,"Accident type, without injuries",NO VALUE FOUND,NO VALUE FOUND,NO VALUE FOUND,NO VALUE FOUND,,0,"Elevator, Skip, Cage, Buckets, Mancage, Slope car ",False,0,[],False,False,A sudden PLC fault allowed slack to form and force the No. 4 hoist rope over into No. 1 hoist rope on the sheave wheel. The elevator was 30 feet from the mine floor and 8 miners inside. Shortly after the elevator was able to be manually lowered to get the miners off. It was placed back in service at 1:30PM.,61,A sudden PLC fault allowed slack to form and force the No. 4 hoist rope over into No. 1 hoist rope on the sheave wheel. The elevator was 30 feet from the mine floor and 8 miners inside. Shortly after the elevator was able to be manually lowered to get the miners off. It was placed back in service at 1:30PM.,False,,,,train_candidate
msha_005241,msha,no_injury_event,00,ACCIDENT ONLY,2019-02-25,2019,4609538,C,"STRIP, QUARY, OPEN PIT",FIRE,"Accident type, without injuries",NO VALUE FOUND,NO VALUE FOUND,NO VALUE FOUND,NO VALUE FOUND,,0,"Bulldozer, Dozer, Crawler tractor, Push cat",False,0,[],False,False,on 2/25/2019 the equipment operator of a Cat D10R Dozer saw a puff of smoke from under the Dozer. The equipment operator stopped and dismounted the machine. The machine caught on fire. No Injuries or Fatalities. MSHA was notified of the fire on this equipment.,45,on 2/25/2019 the equipment operator of a Cat D10R Dozer saw a puff of smoke from under the Dozer. The equipment operator stopped and dismounted the machine. The machine caught on fire. No Injuries or Fatalities. MSHA was notified of the fire on this equipment.,False,,,,train_candidate
msha_005242,msha,no_injury_event,00,ACCIDENT ONLY,2022-08-23,2022,4609616,C,"STRIP, QUARY, OPEN PIT",FIRE,"Accident type, without injuries",NO VALUE FOUND,NO VALUE FOUND,NO VALUE FOUND,NO VALUE FOUND,,0,"Shovel, Power shovel, Backhoe, Trackhoe, Dragline - Big Muskie",False,0,[],False,False,Excavator was feeding a burn pile on a clearing operation and got to close to pile igniting the rear of the excavator machine was a total loss no persons injured.,30,Excavator was feeding a burn pile on a clearing operation and got to close to pile igniting the rear of the excavator machine was a total loss no persons injured.,False,,,,train_candidate
msha_005245,msha,permanent_impairment,02,PERM TOT OR PERM PRTL DISABLTY,2023-09-08,2023,4800977,C,"STRIP, QUARY, OPEN PIT",MACHINERY,"Caught in, under or between a moving and a stationary object",Machine maintenance,"JACKS-MECH,HYDRL,AIR,ETC",AMPUTATION OR ENUCLEATION,FINGER(S)/THUMB,10,1,"Bulldozer, Dozer, Crawler tractor, Push cat",False,0,[],True,False,A mechanic smashed their little finger between a track dozer and a jack handle.,14,A mechanic smashed their little finger between a track dozer and a jack handle.,False,,,,train_candidate
msha_005247,msha,no_injury_event,00,ACCIDENT ONLY,2023-09-13,2023,4801353,C,"STRIP, QUARY, OPEN PIT",FIRE,"Accident type, without injuries",NO VALUE FOUND,NO VALUE FOUND,NO VALUE FOUND,NO VALUE FOUND,,0,NO VALUE FOUND,False,0,[],False,False,A coal smoker was identified in the Bobcat West Pit and not extinguished within 30 minutes.,16,A coal smoker was identified in the Bobcat West Pit and not extinguished within 30 minutes.,False,,,,train_candidate
msha_005249,msha,no_injury_event,00,ACCIDENT ONLY,2022-03-01,2022,0100851,C,SURFACE AT UNDERGROUND,HOISTING,"Accident type, without injuries",NO VALUE FOUND,NO VALUE FOUND,NO VALUE FOUND,NO VALUE FOUND,,0,"Elevator, Skip, Cage, Buckets, Mancage, Slope car ",False,0,[],False,False,The SP elevator was taken out of service to replace the upper door bearing and to adjust the door guides. MSHA was notified via the hotline. The elevator was tested and placed back into service.,35,The SP elevator was taken out of service to replace the upper door bearing and to adjust the door guides. MSHA was notified via the hotline. The elevator was tested and placed back into service.,False,,,,train_candidate
msha_005250,msha,no_injury_event,00,ACCIDENT ONLY,2025-04-10,2025,0200024,M,MILL OPERATION/PREPARATION PLANT,FIRE,"Accident type, without injuries",NO VALUE FOUND,NO VALUE FOUND,NO VALUE FOUND,NO VALUE FOUND,,0,NO VALUE FOUND,False,0,[],False,False,"Fire at salvage yard, cardboard bailer/materials area - cause of fire still being investigated",14,"Fire at salvage yard, cardboard bailer/materials area - cause of fire still being investigated",False,,,,train_candidate
msha_005253,msha,no_injury_event,00,ACCIDENT ONLY,2019-10-24,2019,0201195,C,"STRIP, QUARY, OPEN PIT",FIRE,"Accident type, without injuries",NO VALUE FOUND,NO VALUE FOUND,NO VALUE FOUND,NO VALUE FOUND,,0,NO VALUE FOUND,False,0,[],False,False,Smoke was noticed at 11:45 at N-8 hopper and found a small spontaneous combustion fire due to location the fire burnt for more than 30 minutes before it was extinguished.,30,Smoke was noticed at 11:45 at N-8 hopper and found a small spontaneous combustion fire due to location the fire burnt for more than 30 minutes before it was extinguished.,False,,,,train_candidate
msha_005255,msha,no_injury_event,00,ACCIDENT ONLY,2021-11-22,2021,0400726,M,"STRIP, QUARY, OPEN PIT",FIRE,"Accident type, without injuries",NO VALUE FOUND,NO VALUE FOUND,NO VALUE FOUND,NO VALUE FOUND,,0,Ore haulage trucks - off highway trucks,False,0,[],False,False,"On Monday, November 22, 2021 rock truck model 775G caught fire due to a hydraulic line failure. The truck burned beyond repair.",22,"On Monday, November 22, 2021 rock truck model 775G caught fire due to a hydraulic line failure. The truck burned beyond repair.",False,,,,train_candidate
msha_005260,msha,no_injury_event,00,ACCIDENT ONLY,2026-02-10,2026,0801277,M,MILL OPERATION/PREPARATION PLANT,HOISTING,"Accident type, without injuries",NO VALUE FOUND,NO VALUE FOUND,NO VALUE FOUND,NO VALUE FOUND,,0,"Elevator, Skip, Cage, Buckets, Mancage, Slope car ",False,0,[],False,False,EE found that the doors for the clinker elevator would not open at top landing. EE used the descending device on the elevator to bring themselves down to ground level.,30,EE found that the doors for the clinker elevator would not open at top landing. EE used the descending device on the elevator to bring themselves down to ground level.,False,,,,train_candidate
msha_005262,msha,fatal,01,FATALITY,2023-01-27,2023,0900143,M,"STRIP, QUARY, OPEN PIT",ELECTRICAL,Contact with electrical current,Getting on or off equipment,"ELECTRICAL APPARATUS,NEC","ELECT SHOCK,ELECTROCUTION",BODY SYSTEMS,,2,Ore haulage trucks - off highway trucks,False,0,[],True,True,"Investigation is still ongoing, and an autopsy is being performed to determine the cause. *Per the prelim: Two contractors were electrocuted when a 14,400-volt overhead power line came in contact with their off-road dump trucks, and the contractors exited their trucks and contacted the ground.",45,"Investigation is still ongoing, and an autopsy is being performed to determine the cause. *Per the prelim: Two contractors were electrocuted when a 14,400-volt overhead power line came in contact with their off-road dump trucks, and the contractors exited their trucks and contacted the ground.",False,,,,train_candidate
msha_005265,msha,no_injury_event,00,ACCIDENT ONLY,2021-01-22,2021,1000082,M,SURFACE AT UNDERGROUND,HOISTING,"Accident type, without injuries",NO VALUE FOUND,NO VALUE FOUND,NO VALUE FOUND,NO VALUE FOUND,,0,"Elevator, Skip, Cage, Buckets, Mancage, Slope car ",False,0,[],False,False,"Cagers stopped at the 4900 #3 Station, exited the cage to call hoistman. Cagers told #3 Hoistman that they would be working on 4900 station and they would release the cage after they unloaded their gear off the cage. While one cager was unloading gear the cage moved up with doors open damaging the doors when they contacted the overhead cap. No injuries reported.",64,"Cagers stopped at the 4900 #3 Station, exited the cage to call hoistman. Cagers told #3 Hoistman that they would be working on 4900 station and they would release the cage after they unloaded their gear off the cage. While one cager was unloading gear the cage moved up with doors open damaging the doors when they contacted the overhead cap. No injuries reported.",False,,,,train_candidate
msha_005266,msha,no_injury_event,00,ACCIDENT ONLY,2025-09-19,2025,1000088,M,SURFACE AT UNDERGROUND,HOISTING,"Accident type, without injuries",NO VALUE FOUND,NO VALUE FOUND,NO VALUE FOUND,NO VALUE FOUND,,0,"Elevator, Skip, Cage, Buckets, Mancage, Slope car ",False,0,[],False,False,At 4:15am the hoistmen was attempting to clutch in when the weight brake set and EE could get it to release. Maintenance was called and found that a safety was tripped causing the hoist to dump air pressure setting the weight brake. maintenance reset the safety bringing the hoist back into operation.,52,At 4:15am the hoistmen was attempting to clutch in when the weight brake set and EE could get it to release. Maintenance was called and found that a safety was tripped causing the hoist to dump air pressure setting the weight brake. maintenance reset the safety bringing the hoist back into operation.,False,,,,train_candidate
msha_005270,msha,fatal,01,FATALITY,2023-04-20,2023,1202422,C,MILL OPERATION/PREPARATION PLANT,MACHINERY,Struck by falling object,Handling supplies or material,"MACHINE-MILL,CLEANING PLT",CRUSHING,MULTIPLE PARTS (MORE THAN ONE MAJOR),,1,"Screen, Vibrator, Shaker, Rock screener, Scalper",False,0,[],True,True,"EE was working outside prep plant on disassembly of vibrating screen. Removed screen from prep plant was on ground, while foreman was checking area, sideboard of screen began to fall. EE tried to avoid injury by moving out of the way but was pinned by sideboard against smaller screen which had been removed from prep plant. EE suffered fatal injuries. Under investigation by MSHA.",64,"EE was working outside prep plant on disassembly of vibrating screen. Removed screen from prep plant was on ground, while foreman was checking area, sideboard of screen began to fall. EE tried to avoid injury by moving out of the way but was pinned by sideboard against smaller screen which had been removed from prep plant. EE suffered fatal injuries. Under investigation by MSHA.",False,,,,train_candidate
msha_005271,msha,no_injury_event,00,ACCIDENT ONLY,2019-09-17,2019,1301617,M,MILL OPERATION/PREPARATION PLANT,FIRE,"Accident type, without injuries",NO VALUE FOUND,NO VALUE FOUND,NO VALUE FOUND,NO VALUE FOUND,,0,NO VALUE FOUND,False,0,[],False,False,Coke belt to bins spilled coke due to skirt board problem near kiln hood and between buildings causing coke to smolder. Smoldering coke has now been extinguished.,27,Coke belt to bins spilled coke due to skirt board problem near kiln hood and between buildings causing coke to smolder. Smoldering coke has now been extinguished.,False,,,,train_candidate
msha_005290,msha,permanent_impairment,02,PERM TOT OR PERM PRTL DISABLTY,2023-07-14,2023,2003512,M,"STRIP, QUARY, OPEN PIT",MACHINERY,"Caught in, under or between running or meshing objects",Handling supplies or material,"PUMPS,FANS,COMP,ENG,NEC",AMPUTATION OR ENUCLEATION,FINGER(S)/THUMB,37,1,"Conveyor, Belt feeder, Stage loader, Hopper shaker, Belt structure",False,0,[],True,False,Employee was on regular cleanup operation on 80' stacker. All the guards are up on the equipment. During cleanup EE's fingers got struck by a fan causing injury to the fingers. EE was taken to nearest hospital for medical care.,40,Employee was on regular cleanup operation on 80' stacker. All the guards are up on the equipment. During cleanup EE's fingers got struck by a fan causing injury to the fingers. EE was taken to nearest hospital for medical care.,False,,,,train_candidate
msha_005299,msha,permanent_impairment,02,PERM TOT OR PERM PRTL DISABLTY,2022-09-10,2022,2401950,C,MILL OPERATION/PREPARATION PLANT,MACHINERY,Struck by falling object,Hoist,"METAL,NEC(PIPE,WIRE,NAIL)",AMPUTATION OR ENUCLEATION,LOWER LEG/TIBIA/FIBULA,90,1,"Hoist, Car dropper, Hydraulic jack, Mine car retriever, Condor",True,2,"[""fracturing""]",True,False,Moving metal storage rack with electric hoist to replace with new rack. When slacking off on hoist the back side of rack set down on a piece of wood causing the rack to tilt and the plates of steel fell over landing on left lower leg. Fracturing bone in lower leg.,51,Moving metal storage rack with electric hoist to replace with new rack. When slacking off on hoist the back side of rack set down on a piece of wood causing the rack to tilt and the plates of steel fell over landing on left lower leg. Fracturing bone in lower leg.,False,,,,train_candidate
msha_005301,msha,no_injury_event,00,ACCIDENT ONLY,2016-09-29,2016,2600827,M,"STRIP, QUARY, OPEN PIT",FIRE,"Accident type, without injuries",NO VALUE FOUND,NO VALUE FOUND,NO VALUE FOUND,NO VALUE FOUND,,0,"Locomotive, (motor) - rail-mounted (Battery, Steam, Electric, Air)",False,1,"[""pipeline""]",False,False,"At approximately 2000-hrs the Tow-Haul was being driven across the valley from Pipeline to Cortez Hills, when the operator noticed flames coming from the back of the trailer. The operator immediately commenced emergency shutdown procedures and notified proper personnel. There were no injuries or risk to personnel during this incident.",50,"At approximately 2000-hrs the Tow-Haul was being driven across the valley from Pipeline to Cortez Hills, when the operator noticed flames coming from the back of the trailer. The operator immediately commenced emergency shutdown procedures and notified proper personnel. There were no injuries or risk to personnel during this incident.",False,,,,train_candidate
msha_005317,msha,fatal,01,FATALITY,2026-07-11,2026,3607230,C,SURFACE AT UNDERGROUND,FALLING/SLIDING/ROLLING MATERIALS,Struck by rolling or sliding object,"Hand load, Hand shoveling",COAL (PROCESSED),MULTIPLE INJURIES,MULTIPLE PARTS (MORE THAN ONE MAJOR),,1,Hand tools (not powered),False,0,[],True,True,At roughly 12:30 am on Saturday 7/11/26 employee was overcome by clean coal while shoveling spillage out from bottom of Clean Coal Silo. Employee is currently in hospital. Vitals are stable but final outcome still TBD. ***EE passed away 07/20/2026***,40,At roughly 12:30 am on Saturday 7/11/26 employee was overcome by clean coal while shoveling spillage out from bottom of Clean Coal Silo. Employee is currently in hospital. Vitals are stable but final outcome still TBD. ***EE passed away 07/20/2026***,False,,,,train_candidate
msha_005322,msha,permanent_impairment,02,PERM TOT OR PERM PRTL DISABLTY,2024-02-12,2024,4000032,M,"STRIP, QUARY, OPEN PIT",MACHINERY,Struck by... NEC,Grinding,"ABRAS STONE,WHEEL GRINDER",AMPUTATION OR ENUCLEATION,FINGER(S)/THUMB,38,1,Hand tools (powered),False,0,[],True,False,"An employee was using a handheld die grinder to widen the center of a spool, when it kicked out of the hole and caught the employee's gloved left ring finger. The left ring finger was amputated down to the highest knuckle.",41,"An employee was using a handheld die grinder to widen the center of a spool, when it kicked out of the hole and caught the employee's gloved left ring finger. The left ring finger was amputated down to the highest knuckle.",False,,,,train_candidate
msha_005325,msha,no_injury_event,00,ACCIDENT ONLY,2008-03-30,2008,4103101,C,"STRIP, QUARY, OPEN PIT",ELECTRICAL,"Accident type, without injuries",NO VALUE FOUND,NO VALUE FOUND,NO VALUE FOUND,NO VALUE FOUND,0,0,NO VALUE FOUND,True,2,"[""oil well""]",False,False,"Received a call that one of the oil well locations had been struck by lighting, resulting in a fire; this was in an inactive part of the mine. MSHA number called, talked with MSHA EE and shortly after that another MSHA. # 1-51906711.",43,"Received a call that one of the oil well locations had been struck by lighting, resulting in a fire; this was in an inactive part of the mine. MSHA number called, talked with MSHA EE and shortly after that another MSHA. # 1-51906711.",False,,,,train_candidate
msha_005326,msha,no_injury_event,00,ACCIDENT ONLY,2006-01-08,2006,4103164,C,"STRIP, QUARY, OPEN PIT",FIRE,"Accident type, without injuries",NO VALUE FOUND,NO VALUE FOUND,NO VALUE FOUND,NO VALUE FOUND,0,0,NO VALUE FOUND,True,2,"[""petroleum""]",False,False,The fire started from the result of a cloth tarp being used as a weather shield to prevent a compressor from freezing during cold weather. The tarp made contact with the muffler of a compressor and caught on fire. The wind blew the burning tarp off the well pad and into the grass causing the grass to ignite. The compressor is the property of Anadarko Petroleum Company.,67,The fire started from the result of a cloth tarp being used as a weather shield to prevent a compressor from freezing during cold weather. The tarp made contact with the muffler of a compressor and caught on fire. The wind blew the burning tarp off the well pad and into the grass causing the grass to ignite. The compressor is the property of Anadarko Petroleum Company.,False,,,,train_candidate
msha_005330,msha,no_injury_event,00,ACCIDENT ONLY,2020-06-11,2020,4104393,M,"STRIP, QUARY, OPEN PIT",POWERED HAULAGE,"Accident type, without injuries",NO VALUE FOUND,NO VALUE FOUND,NO VALUE FOUND,NO VALUE FOUND,,0,"Trucks, Service truck, Utility truck, Pickup, Water truck, Fuel truck",False,0,[],False,False,"While operating scraper, contractor began operating on a slope and recognized it was becoming steep. Contractor attempted to cut downhill; the right tire and side slipped while the left tire lost contact with the ground. Cab flipped onto right side. Contractor, who was wearing safety belt, was uninjured and able to exit the cab through the door.",57,"While operating scraper, contractor began operating on a slope and recognized it was becoming steep. Contractor attempted to cut downhill; the right tire and side slipped while the left tire lost contact with the ground. Cab flipped onto right side. Contractor, who was wearing safety belt, was uninjured and able to exit the cab through the door.",False,,,,train_candidate
msha_005332,msha,fatal,01,FATALITY,2022-12-22,2022,4404982,C,MILL OPERATION/PREPARATION PLANT,OTHER,"Inhalation of radiations, caustics, toxic and noxious substances",Idle,"NOXIOUS MINE GASES,NEC","POISONING,SYSTEMIC",BODY SYSTEMS,,1,"Trucks, Service truck, Utility truck, Pickup, Water truck, Fuel truck",False,0,[],True,True,"The sub-contractor was found unconscious in EE's vehicle by EE's co-worker. The car was locked, co-worker attempted to wake EE. Co-worker called 911, then got mine superintendent, who came to the scene, broke the window, removed EE from EE's car, and started CPR. EE was then pronounced deceased at the hospital.",51,"The sub-contractor was found unconscious in EE's vehicle by EE's co-worker. The car was locked, co-worker attempted to wake EE. Co-worker called 911, then got mine superintendent, who came to the scene, broke the window, removed EE from EE's car, and started CPR. EE was then pronounced deceased at the hospital.",False,,,,train_candidate
msha_005334,msha,no_injury_event,00,ACCIDENT ONLY,2025-08-12,2025,4600027,M,"STRIP, QUARY, OPEN PIT",FIRE,"Accident type, without injuries",NO VALUE FOUND,NO VALUE FOUND,NO VALUE FOUND,NO VALUE FOUND,,0,"Carriage-mounted drills, Rail, Rubber-tired, Jumbo, Air-track drill",False,0,[],False,False,"A contractor drill caught fire in the pit and burnt up. The fire was not able to be extinguished within 30 mins. Due to the extent of the fire, the investigation into cause is still ongoing.",36,"A contractor drill caught fire in the pit and burnt up. The fire was not able to be extinguished within 30 mins. Due to the extent of the fire, the investigation into cause is still ongoing.",False,,,,train_candidate
msha_005342,msha,fatal,01,FATALITY,2025-11-06,2025,4609028,C,UNDERGROUND,POWERED HAULAGE,Struck by powered moving object,Load-haul-dump (UG),"NARO G RAIL CR,MTR-UG EQP",MULTIPLE INJURIES,MULTIPLE PARTS (MORE THAN ONE MAJOR),0,1,"Load-haul-dump, Scoop tram, Transloader, Unitrac, S&S Battery",False,0,[],True,True,The victim was fatally injured when ejected from the operator's compartment of a diesel scoop after the scoop was struck by a locomotive that had lost control of a trip of supplies along the 41 Butt track haulage.,38,The victim was fatally injured when ejected from the operator's compartment of a diesel scoop after the scoop was struck by a locomotive that had lost control of a trip of supplies along the 41 Butt track haulage.,False,,,,train_candidate
msha_005345,msha,no_injury_event,00,ACCIDENT ONLY,2023-03-06,2023,4609573,C,"STRIP, QUARY, OPEN PIT",FIRE,"Accident type, without injuries",NO VALUE FOUND,NO VALUE FOUND,NO VALUE FOUND,NO VALUE FOUND,,0,NO VALUE FOUND,False,0,[],False,False,"At approximately 11:45AM Monday March 6, 2023 ambers from a burn pile caught dry leaves on fire at the Hartridge Surface Mine. We got 4-5 guys with shovels and used a dozer to contain and extinguish the fire. It burned for about an hour. Calls were made to both MSHA and MHS&T. We do have a current burn permit that was issued on Feb. 28 2023 by the US Forest Service",71,"At approximately 11:45AM Monday March 6, 2023 ambers from a burn pile caught dry leaves on fire at the Hartridge Surface Mine. We got 4-5 guys with shovels and used a dozer to contain and extinguish the fire. It burned for about an hour. Calls were made to both MSHA and MHS&T. We do have a current burn permit that was issued on Feb. 28 2023 by the US Forest Service",False,,,,train_candidate
msha_005347,msha,no_injury_event,00,ACCIDENT ONLY,2025-10-24,2025,4800152,M,MILL OPERATION/PREPARATION PLANT,IMPOUNDMENT,"Accident type, without injuries",NO VALUE FOUND,NO VALUE FOUND,NO VALUE FOUND,NO VALUE FOUND,,0,NO VALUE FOUND,False,0,[],False,False,There was a piping failure in the southeast corner of the lower impoundment that allowed water to flow out into the evaporation lake.,23,There was a piping failure in the southeast corner of the lower impoundment that allowed water to flow out into the evaporation lake.,False,,,,train_candidate
msha_005351,msha,no_injury_event,00,ACCIDENT ONLY,2022-10-28,2022,4801295,M,MILL OPERATION/PREPARATION PLANT,FIRE,"Accident type, without injuries",NO VALUE FOUND,NO VALUE FOUND,NO VALUE FOUND,NO VALUE FOUND,,0,NO VALUE FOUND,False,0,[],False,False,"Notified of a smoldering coal pile in the coal storage building. Shift Supervisor and Foreman secured the area, smoldering coal was extinguished and monitored for the rest of the shift.",30,"Notified of a smoldering coal pile in the coal storage building. Shift Supervisor and Foreman secured the area, smoldering coal was extinguished and monitored for the rest of the shift.",False,,,,train_candidate
msha_005354,msha,no_injury_event,00,ACCIDENT ONLY,2021-02-24,2021,0100329,C,MILL OPERATION/PREPARATION PLANT,FIRE,"Accident type, without injuries",NO VALUE FOUND,NO VALUE FOUND,NO VALUE FOUND,NO VALUE FOUND,,0,"Bulldozer, Dozer, Crawler tractor, Push cat",False,0,[],False,False,A D-10 Dozer was discovered on fire at the Prep Plant. The dozer could not be extinguished by employees at the Prep Plant. The local fire department came and extinguished the fire. There were no injuries. MSHA was notified via the hotline and they also investigated the fire.,48,A D-10 Dozer was discovered on fire at the Prep Plant. The dozer could not be extinguished by employees at the Prep Plant. The local fire department came and extinguished the fire. There were no injuries. MSHA was notified via the hotline and they also investigated the fire.,False,,,,train_candidate
msha_005357,msha,no_injury_event,00,ACCIDENT ONLY,2024-01-25,2024,0100851,C,SURFACE AT UNDERGROUND,HOISTING,"Accident type, without injuries",NO VALUE FOUND,NO VALUE FOUND,NO VALUE FOUND,NO VALUE FOUND,,0,"Elevator, Skip, Cage, Buckets, Mancage, Slope car ",False,0,[],False,False,"The SP Elevator was taken out of service due to an electrical issue with the rope gripper. The junction box was cleaned out, the ropes tensioned, the elevator tested, and placed back into service.",34,"The SP Elevator was taken out of service due to an electrical issue with the rope gripper. The junction box was cleaned out, the ropes tensioned, the elevator tested, and placed back into service.",False,,,,train_candidate
msha_005358,msha,no_injury_event,00,ACCIDENT ONLY,2024-11-14,2024,0100851,C,SURFACE AT UNDERGROUND,HOISTING,"Accident type, without injuries",NO VALUE FOUND,NO VALUE FOUND,NO VALUE FOUND,NO VALUE FOUND,,0,"Elevator, Skip, Cage, Buckets, Mancage, Slope car ",False,0,[],False,False,"The #5 Escape Hoist was taken out of service due to a blown seal in the hydraulic pump. The seal was replaced, the hoist was tested, and placed back into service.",31,"The #5 Escape Hoist was taken out of service due to a blown seal in the hydraulic pump. The seal was replaced, the hoist was tested, and placed back into service.",False,,,,train_candidate
msha_005361,msha,no_injury_event,00,ACCIDENT ONLY,2026-04-18,2026,0103614,M,"STRIP, QUARY, OPEN PIT",POWERED HAULAGE,"Accident type, without injuries",NO VALUE FOUND,NO VALUE FOUND,NO VALUE FOUND,NO VALUE FOUND,,0,"Front-end loader, Tractor-shovel, Payloader, Highlift, Skip loader",False,0,[],False,False,Subcontractor EE was backing out and down the pile with EE's bucket in the raised position. EE's rear passenger tire went off the traveled path and up onto the side of the pole causing the equipment to overturn. Employee exited immediately and was not injured.,45,Subcontractor EE was backing out and down the pile with EE's bucket in the raised position. EE's rear passenger tire went off the traveled path and up onto the side of the pole causing the equipment to overturn. Employee exited immediately and was not injured.,False,,,,train_candidate
msha_005370,msha,no_injury_event,00,ACCIDENT ONLY,2024-04-25,2024,1000088,M,SURFACE AT UNDERGROUND,HOISTING,"Accident type, without injuries",NO VALUE FOUND,NO VALUE FOUND,NO VALUE FOUND,NO VALUE FOUND,,0,"Elevator, Skip, Cage, Buckets, Mancage, Slope car ",False,0,[],False,False,A flashover on the brush holder boxes occurred in the hoist motor causing the hoist to be down.,18,A flashover on the brush holder boxes occurred in the hoist motor causing the hoist to be down.,False,,,,train_candidate
msha_005393,msha,no_injury_event,00,ACCIDENT ONLY,2022-05-26,2022,2003623,M,"STRIP, QUARY, OPEN PIT",FIRE,"Accident type, without injuries",NO VALUE FOUND,NO VALUE FOUND,NO VALUE FOUND,NO VALUE FOUND,,0,"Front-end loader, Tractor-shovel, Payloader, Highlift, Skip loader",False,0,[],False,False,"Worker was using the loader to move material to fill the screen and smelt smoke. After investigation, EE noticed a small fire under the hood and used the fire extinguisher to put it out. The fire department was called to make sure it was extinguished completely and found a small birds nest. There was $12,000 worth of mostly electrical damage.",60,"Worker was using the loader to move material to fill the screen and smelt smoke. After investigation, EE noticed a small fire under the hood and used the fire extinguisher to put it out. The fire department was called to make sure it was extinguished completely and found a small birds nest. There was $12,000 worth of mostly electrical damage.",False,,,,train_candidate
msha_005399,msha,no_injury_event,00,ACCIDENT ONLY,2021-01-20,2021,2400014,M,MILL OPERATION/PREPARATION PLANT,FIRE,"Accident type, without injuries",NO VALUE FOUND,NO VALUE FOUND,NO VALUE FOUND,NO VALUE FOUND,,0,"Packaging machine, Bagger, Sewing machine, Palletizer",False,0,[],False,False,High CO reading indicated a Coal smolder in Coal mill baghouse. CO2 and Fire Suppression required more than 30 minutes to extinguish smolder. CO & heat source identified as out at approx. noon. See Root Cause Analysis for full details.,40,High CO reading indicated a Coal smolder in Coal mill baghouse. CO2 and Fire Suppression required more than 30 minutes to extinguish smolder. CO & heat source identified as out at approx. noon. See Root Cause Analysis for full details.,False,,,,train_candidate
msha_005401,msha,no_injury_event,00,ACCIDENT ONLY,2020-09-02,2020,2401950,C,SURFACE AT UNDERGROUND,FIRE,"Accident type, without injuries",NO VALUE FOUND,NO VALUE FOUND,NO VALUE FOUND,NO VALUE FOUND,,0,NO VALUE FOUND,False,0,[],False,False,"At approx. 4:30pm on September 2, 2020 noticed smoke in the air and at that point the Bobcat Wild Fire was approx. 6 miles away from the mine property. At 6:10pm the Bobcat Wild Fire reached the mine property and we promptly evacuated the underground employees. Never lost power to the Main Mine Fan. At 6:13pm MSHA was notified.",59,"At approx. 4:30pm on September 2, 2020 noticed smoke in the air and at that point the Bobcat Wild Fire was approx. 6 miles away from the mine property. At 6:10pm the Bobcat Wild Fire reached the mine property and we promptly evacuated the underground employees. Never lost power to the Main Mine Fan. At 6:13pm MSHA was notified.",False,,,,train_candidate
msha_005405,msha,no_injury_event,00,ACCIDENT ONLY,2024-09-29,2024,2900708,M,"STRIP, QUARY, OPEN PIT",FIRE,"Accident type, without injuries",NO VALUE FOUND,NO VALUE FOUND,NO VALUE FOUND,NO VALUE FOUND,,0,NO VALUE FOUND,False,0,[],False,False,"Central dispatch notified site of a fire at an abandoned house on an outlying area of mine property, AKA Apache Tejo south of Hurley, NM. ERRT members and Hurley VFD responded, flames were completely out by 4:00 a.m. and fire watch continued. No mining operations were involved or threatened, just located on land the company owns.",56,"Central dispatch notified site of a fire at an abandoned house on an outlying area of mine property, AKA Apache Tejo south of Hurley, NM. ERRT members and Hurley VFD responded, flames were completely out by 4:00 a.m. and fire watch continued. No mining operations were involved or threatened, just located on land the company owns.",False,,,,train_candidate
msha_005413,msha,no_injury_event,00,ACCIDENT ONLY,2026-07-21,2026,3500463,M,"STRIP, QUARY, OPEN PIT",FIRE,"Accident type, without injuries",NO VALUE FOUND,NO VALUE FOUND,NO VALUE FOUND,NO VALUE FOUND,,0,"Crusher, Breaker, Mills (ball and rod), Feeder breaker",False,0,[],False,False,"Miner was starting up the crusher, had just powered everything on in the MCC then went up into the control tower and heard a loud pop noise and saw smoke come out of MCC knew there was a fire and evacuated and called supervisor. Fire department and power company came out to shut off electrical and put out the fire, fire department is investigating results pending.",66,"Miner was starting up the crusher, had just powered everything on in the MCC then went up into the control tower and heard a loud pop noise and saw smoke come out of MCC knew there was a fire and evacuated and called supervisor. Fire department and power company came out to shut off electrical and put out the fire, fire department is investigating results pending.",False,,,,train_candidate
msha_005419,msha,permanent_impairment,02,PERM TOT OR PERM PRTL DISABLTY,2006-06-15,2006,3608163,C,"STRIP, QUARY, OPEN PIT",OTHER,"Caught in, under or between a moving and a stationary object",Machine maintenance,METAL COVERS & GUARDS,AMPUTATION OR ENUCLEATION,FINGER(S)/THUMB,0,1,"Carriage-mounted drills, Rail, Rubber-tired, Jumbo, Air-track drill",True,2,"[""drill rig""]",True,False,Machine was parked in parking lot idle at the time of the accident. Operator was cleaning window on drill rig cab. Wind caught door and blew it shut on his right hand severing tip of index finger to first knuckle.,40,Machine was parked in parking lot idle at the time of the accident. Operator was cleaning window on drill rig cab. Wind caught door and blew it shut on his right hand severing tip of index finger to first knuckle.,False,,,,train_candidate
msha_005420,msha,fatal,01,FATALITY,2024-07-25,2024,3608766,C,MILL OPERATION/PREPARATION PLANT,POWERED HAULAGE,"Caught in, under or between NEC","Hand load, Hand shoveling","BROKEN ROCK,COAL,ORE,WSTE","UNCLASSIFIED,NOT DETERMED",MULTIPLE PARTS (MORE THAN ONE MAJOR),0,1,"Conveyor, Belt feeder, Stage loader, Hopper shaker, Belt structure",False,0,[],True,True,"While cleaning raw coal material from on top of the locked out Raw Coal Stacking Conveyor, the Miner was standing on the conveyor ahead of the conveyor feed chute. The belt and material moved backwards, sweeping the Miner into the chute and covered Miner with material.",46,"While cleaning raw coal material from on top of the locked out Raw Coal Stacking Conveyor, the Miner was standing on the conveyor ahead of the conveyor feed chute. The belt and material moved backwards, sweeping the Miner into the chute and covered Miner with material.",False,,,,train_candidate
msha_005434,msha,permanent_impairment,02,PERM TOT OR PERM PRTL DISABLTY,2025-10-28,2025,4607366,C,SURFACE AT UNDERGROUND,HANDLING OF MATERIALS,Over-exertion in lifting objects,Handling supplies or material,BAGS,HERNIA;RUPTURE,ABDOMEN/INTERNAL ORGANS,,1,NO VALUE FOUND,False,0,[],True,False,"Employee stated that while lifting a bag of rock dust, they felt a pain in their lower belly. Work location: Surface supply yard.",23,"Employee stated that while lifting a bag of rock dust, they felt a pain in their lower belly. Work location: Surface supply yard.",False,,,,train_candidate
msha_005435,msha,permanent_impairment,02,PERM TOT OR PERM PRTL DISABLTY,2025-07-18,2025,4608571,C,MILL OPERATION/PREPARATION PLANT,FALLING/SLIDING/ROLLING MATERIALS,Struck by falling object,Machine maintenance,"RBR,GLS,PLSTC,FIBRGLS,FAB",AMPUTATION OR ENUCLEATION,FINGER(S)/THUMB,10,1,NO VALUE FOUND,False,0,[],True,False,"Employee cut a piece of plastic pipe that was hanging vertically and was secured above by coupling. When they cut they moved to adjust their fall protection when the pipe came out of the coupling and fell onto their hand, amputating two of their fingers on their left hand. Doctors were unable to reattach.",54,"Employee cut a piece of plastic pipe that was hanging vertically and was secured above by coupling. When they cut they moved to adjust their fall protection when the pipe came out of the coupling and fell onto their hand, amputating two of their fingers on their left hand. Doctors were unable to reattach.",False,,,,train_candidate
msha_005439,msha,no_injury_event,00,ACCIDENT ONLY,2023-01-28,2023,4608984,C,"STRIP, QUARY, OPEN PIT",FIRE,"Accident type, without injuries",NO VALUE FOUND,NO VALUE FOUND,NO VALUE FOUND,NO VALUE FOUND,,0,Ore haulage trucks - off highway trucks,False,0,[],False,False,"Employee was hauling across the mine road, the derate indicator light came on so EE stopped the truck. The stop engine light came, smoke and flames began to rise from the drivers side hood. The flames had gotten to intense before EE could raise the hood so EE backed away until help arrived. The trailer was saved but the Tractor was a total loss. No injuries reported.",67,"Employee was hauling across the mine road, the derate indicator light came on so EE stopped the truck. The stop engine light came, smoke and flames began to rise from the drivers side hood. The flames had gotten to intense before EE could raise the hood so EE backed away until help arrived. The trailer was saved but the Tractor was a total loss. No injuries reported.",False,,,,train_candidate
msha_005442,msha,permanent_impairment,02,PERM TOT OR PERM PRTL DISABLTY,2023-12-27,2023,4702772,M,"STRIP, QUARY, OPEN PIT",MACHINERY,"Caught in, under or between running or meshing objects","Crusher, Breaker","DRUM,PULY,SHEAVE-NT CONVY",AMPUTATION OR ENUCLEATION,"ARM,NEC",,1,"Crusher, Breaker, Mills (ball and rod), Feeder breaker",False,0,[],True,False,"Tail pulley guards were not in place while equipment was in motion, miner became entangled in the tail pulley severing left arm.",22,"Tail pulley guards were not in place while equipment was in motion, miner became entangled in the tail pulley severing left arm.",False,,,,train_candidate
msha_005444,msha,no_injury_event,00,ACCIDENT ONLY,2023-08-29,2023,4800977,C,"STRIP, QUARY, OPEN PIT",FIRE,"Accident type, without injuries",NO VALUE FOUND,NO VALUE FOUND,NO VALUE FOUND,NO VALUE FOUND,,0,NO VALUE FOUND,False,0,[],False,False,"Smoldering coal was found in five different areas of the coal mine. The apparent cause was spontaneous combustion from the recent rain, followed by hot dry weather. The areas were difficult to access, so they burned for over 30 minutes.",40,"Smoldering coal was found in five different areas of the coal mine. The apparent cause was spontaneous combustion from the recent rain, followed by hot dry weather. The areas were difficult to access, so they burned for over 30 minutes.",False,,,,train_candidate
msha_005445,msha,no_injury_event,00,ACCIDENT ONLY,2025-09-01,2025,4800977,C,"STRIP, QUARY, OPEN PIT",FIRE,"Accident type, without injuries",NO VALUE FOUND,NO VALUE FOUND,NO VALUE FOUND,NO VALUE FOUND,,0,NO VALUE FOUND,False,0,[],False,False,A coal fire was discovered in the South Pit that could not be extinguished within 30 minutes,17,A coal fire was discovered in the South Pit that could not be extinguished within 30 minutes,False,,,"[""msha_005949""]",train_candidate
msha_005448,msha,no_injury_event,00,ACCIDENT ONLY,2020-02-04,2020,4801034,C,"STRIP, QUARY, OPEN PIT",FIRE,"Accident type, without injuries",NO VALUE FOUND,NO VALUE FOUND,NO VALUE FOUND,NO VALUE FOUND,,0,NO VALUE FOUND,False,0,[],False,False,"At 1:30 pm MST, a spontaneous combustion of coal fire was reported in Area 6. Due to the location, it will take longer than 30 minutes to cover with dirt. Track dozer is actively working on road into affected area to mitigate smoking hazard.",44,"At 1:30 pm MST, a spontaneous combustion of coal fire was reported in Area 6. Due to the location, it will take longer than 30 minutes to cover with dirt. Track dozer is actively working on road into affected area to mitigate smoking hazard.",False,,,,train_candidate
msha_005449,msha,no_injury_event,00,ACCIDENT ONLY,2022-12-04,2022,4801200,C,"STRIP, QUARY, OPEN PIT",FIRE,"Accident type, without injuries",NO VALUE FOUND,NO VALUE FOUND,NO VALUE FOUND,NO VALUE FOUND,,0,NO VALUE FOUND,False,0,[],False,False,"Fire in coal seam ""C"". Location is hard to access. Access ramp under construction to gain access. Fire will be dug out from coal seam, and will be buried.",29,"Fire in coal seam ""C"". Location is hard to access. Access ramp under construction to gain access. Fire will be dug out from coal seam, and will be buried.",False,,,,train_candidate
msha_005456,msha,no_injury_event,00,ACCIDENT ONLY,2021-02-16,2021,0100851,C,SURFACE AT UNDERGROUND,HOISTING,"Accident type, without injuries",NO VALUE FOUND,NO VALUE FOUND,NO VALUE FOUND,NO VALUE FOUND,,0,"Elevator, Skip, Cage, Buckets, Mancage, Slope car ",False,0,[],False,False,"The axle on the SP Material Hoist Slope Car broke. The car was removed from service, the axle changed, the car tested, and put back into service. MSHA was notified at the time the car was taken out of service and when placed back into service.",46,"The axle on the SP Material Hoist Slope Car broke. The car was removed from service, the axle changed, the car tested, and put back into service. MSHA was notified at the time the car was taken out of service and when placed back into service.",False,,,,train_candidate
msha_005457,msha,no_injury_event,00,ACCIDENT ONLY,2022-05-16,2022,0100851,C,SURFACE AT UNDERGROUND,HOISTING,"Accident type, without injuries",NO VALUE FOUND,NO VALUE FOUND,NO VALUE FOUND,NO VALUE FOUND,,0,"Elevator, Skip, Cage, Buckets, Mancage, Slope car ",False,0,[],False,False,"The SP Material Hoist was taken out of service to repair oil leaks. The leaks were repaired, the hoist was tested, and the hoist was placed back into service. MSHA was notified on site and also via the hotline.",39,"The SP Material Hoist was taken out of service to repair oil leaks. The leaks were repaired, the hoist was tested, and the hoist was placed back into service. MSHA was notified on site and also via the hotline.",False,,,,train_candidate
msha_005458,msha,no_injury_event,00,ACCIDENT ONLY,2022-08-05,2022,0100851,C,SURFACE AT UNDERGROUND,HOISTING,"Accident type, without injuries",NO VALUE FOUND,NO VALUE FOUND,NO VALUE FOUND,NO VALUE FOUND,,0,"Elevator, Skip, Cage, Buckets, Mancage, Slope car ",False,0,[],False,False,"The SP elevator was taken out of service due to the ropes jumping out of time. The ropes were repaired, rope guides added, the elevator was tested, and the elevator was placed back into service. MSHA was notified via the hotline.",41,"The SP elevator was taken out of service due to the ropes jumping out of time. The ropes were repaired, rope guides added, the elevator was tested, and the elevator was placed back into service. MSHA was notified via the hotline.",False,,,,train_candidate
msha_005459,msha,no_injury_event,00,ACCIDENT ONLY,2024-08-16,2024,0100851,C,SURFACE AT UNDERGROUND,HOISTING,"Accident type, without injuries",NO VALUE FOUND,NO VALUE FOUND,NO VALUE FOUND,NO VALUE FOUND,,0,"Elevator, Skip, Cage, Buckets, Mancage, Slope car ",False,0,[],False,False,"The #3 Escape Hoist was taken out of service due to a broken fuel line. The line was repaired, the pump was changed, the hoist was tested and placed back into service. MSHA was notified via the hotline.",38,"The #3 Escape Hoist was taken out of service due to a broken fuel line. The line was repaired, the pump was changed, the hoist was tested and placed back into service. MSHA was notified via the hotline.",False,,,,train_candidate
msha_005470,msha,no_injury_event,00,ACCIDENT ONLY,2025-12-03,2025,1000088,M,SURFACE AT UNDERGROUND,HOISTING,"Accident type, without injuries",NO VALUE FOUND,NO VALUE FOUND,NO VALUE FOUND,NO VALUE FOUND,,0,"Elevator, Skip, Cage, Buckets, Mancage, Slope car ",False,0,[],False,False,"While performing start of shift hoist checks, the weight brake would not release once it was set.",17,"While performing start of shift hoist checks, the weight brake would not release once it was set.",False,,,,train_candidate
msha_005473,msha,no_injury_event,00,ACCIDENT ONLY,2025-04-08,2025,1300434,M,SURFACE AT UNDERGROUND,HOISTING,"Accident type, without injuries",NO VALUE FOUND,NO VALUE FOUND,NO VALUE FOUND,NO VALUE FOUND,,0,"Hoist, Car dropper, Hydraulic jack, Mine car retriever, Condor",False,0,[],False,False,"The 1st shift hoistman had an issue with the hoist the afternoon of 4/8. Upon investigation it appeared that there was possibly something wrong with one of the brake valves. After troubleshooting, it was noticed that the brake arm linear position transducer was damaged. The team is currently investigating alternative means of control until a new transducer can be acquired.",60,"The 1st shift hoistman had an issue with the hoist the afternoon of 4/8. Upon investigation it appeared that there was possibly something wrong with one of the brake valves. After troubleshooting, it was noticed that the brake arm linear position transducer was damaged. The team is currently investigating alternative means of control until a new transducer can be acquired.",False,,,,train_candidate
msha_005482,msha,no_injury_event,00,ACCIDENT ONLY,2024-05-09,2024,2000038,M,MILL OPERATION/PREPARATION PLANT,FIRE,"Accident type, without injuries",NO VALUE FOUND,NO VALUE FOUND,NO VALUE FOUND,NO VALUE FOUND,,0,NO VALUE FOUND,False,0,[],False,False,"The fire originated from the kiln pushing material after the calciner was lost. This loss of the calciner enabled unprepared hot material to pass through the kiln and cooler without sufficient cooling time. Consequently, when these materials reached the belt without proper cooling, they ignited and caused the fire.",49,"The fire originated from the kiln pushing material after the calciner was lost. This loss of the calciner enabled unprepared hot material to pass through the kiln and cooler without sufficient cooling time. Consequently, when these materials reached the belt without proper cooling, they ignited and caused the fire.",False,,,,train_candidate
msha_005488,msha,no_injury_event,00,ACCIDENT ONLY,2021-06-15,2021,2400839,C,"STRIP, QUARY, OPEN PIT",FIRE,"Accident type, without injuries",NO VALUE FOUND,NO VALUE FOUND,NO VALUE FOUND,NO VALUE FOUND,,0,NO VALUE FOUND,False,0,[],False,False,"Grass fire was started when a 230,000 volt transmission line fell to the ground in the highway 314 right of way. The fire spread to mine property in the pond 24 pit 16 area of the mine. Local fire departments and mine personnel contained the fire. Fire was extinguished. No injuries or damage to property.",55,"Grass fire was started when a 230,000 volt transmission line fell to the ground in the highway 314 right of way. The fire spread to mine property in the pond 24 pit 16 area of the mine. Local fire departments and mine personnel contained the fire. Fire was extinguished. No injuries or damage to property.",False,,,,train_candidate
msha_005509,msha,permanent_impairment,02,PERM TOT OR PERM PRTL DISABLTY,2024-06-08,2024,3400893,M,"STRIP, QUARY, OPEN PIT",HANDLING OF MATERIALS,"Caught in, under or between a moving and a stationary object",Machine maintenance,"METAL,NEC(PIPE,WIRE,NAIL)",AMPUTATION OR ENUCLEATION,FINGER(S)/THUMB,0,1,NO VALUE FOUND,False,0,[],True,False,"Employees were performing maintenance on the jaw crusher. While attempting to adjust the shims, the employee caught their hand.",19,"Employees were performing maintenance on the jaw crusher. While attempting to adjust the shims, the employee caught their hand.",False,,,,train_candidate
msha_005512,msha,no_injury_event,00,ACCIDENT ONLY,2022-09-22,2022,3607230,C,SURFACE AT UNDERGROUND,HOISTING,"Accident type, without injuries",NO VALUE FOUND,NO VALUE FOUND,NO VALUE FOUND,NO VALUE FOUND,,0,"Elevator, Skip, Cage, Buckets, Mancage, Slope car ",False,0,[],False,False,The crabapple hoist was out of service an extended period of time. It was found that 2 safety central relays needed changed to repair the hoist. A possible cause was a power outage.,33,The crabapple hoist was out of service an extended period of time. It was found that 2 safety central relays needed changed to repair the hoist. A possible cause was a power outage.,False,,,,train_candidate
msha_005514,msha,permanent_impairment,02,PERM TOT OR PERM PRTL DISABLTY,2023-03-28,2023,3609515,M,"STRIP, QUARY, OPEN PIT",MACHINERY,"Caught in, under or between running or meshing objects",Hand tools (powered),POWER SAW,AMPUTATION OR ENUCLEATION,FINGER(S)/THUMB,1,1,Hand tools (powered),False,0,[],True,False,"Employee was cutting a 4"" black iron steel pipe with a portable band saw. The saw grabbed the pipe and jumped up and the employee's hand went under the spinning blade cutting employee's fingertip off just behind the fingernail.",39,"Employee was cutting a 4"" black iron steel pipe with a portable band saw. The saw grabbed the pipe and jumped up and the employee's hand went under the spinning blade cutting employee's fingertip off just behind the fingernail.",False,,,,train_candidate
msha_005519,msha,no_injury_event,00,ACCIDENT ONLY,2014-11-18,2014,4103660,C,"STRIP, QUARY, OPEN PIT",FIRE,"Accident type, without injuries",NO VALUE FOUND,NO VALUE FOUND,NO VALUE FOUND,NO VALUE FOUND,,0,NO VALUE FOUND,True,2,"[""gas well""]",False,False,A fire was noticed on a oil/gas well site location in the D2 mining area. Two tanks (400 barrels capacity each) containing oil and salt water were involved in the fire. The local fire department responded and the fire was extinguished within 75 minutes. MSHA was notified at 12:56 pm. No one was injured. Probable cause - Static electricity inside one of the tanks.,64,A fire was noticed on a oil/gas well site location in the D2 mining area. Two tanks (400 barrels capacity each) containing oil and salt water were involved in the fire. The local fire department responded and the fire was extinguished within 75 minutes. MSHA was notified at 12:56 pm. No one was injured. Probable cause - Static electricity inside one of the tanks.,False,,,,train_candidate
msha_005523,msha,no_injury_event,00,ACCIDENT ONLY,2026-03-20,2026,4404856,C,SURFACE AT UNDERGROUND,HOISTING,"Accident type, without injuries",NO VALUE FOUND,NO VALUE FOUND,NO VALUE FOUND,NO VALUE FOUND,,0,"Elevator, Skip, Cage, Buckets, Mancage, Slope car ",False,0,[],False,False,"Light on the control panel for ""Door open"" on the Horn Mountain Portal Hoist stayed on and was flashing even when the door was shut and the hoist would not work when a button was pushed to send it to mine level. T",43,"Light on the control panel for ""Door open"" on the Horn Mountain Portal Hoist stayed on and was flashing even when the door was shut and the hoist would not work when a button was pushed to send it to mine level. T",False,,,,train_candidate
msha_005524,msha,no_injury_event,00,ACCIDENT ONLY,2026-05-20,2026,4404856,C,SURFACE AT UNDERGROUND,HOISTING,"Accident type, without injuries",NO VALUE FOUND,NO VALUE FOUND,NO VALUE FOUND,NO VALUE FOUND,,0,"Elevator, Skip, Cage, Buckets, Mancage, Slope car ",False,0,[],False,False,The Contrary Service hoist would not run due to programming problems in the PLC Controller.,15,The Contrary Service hoist would not run due to programming problems in the PLC Controller.,False,,,,train_candidate
msha_005536,msha,permanent_impairment,02,PERM TOT OR PERM PRTL DISABLTY,2026-08-13,2026,4609046,C,MILL OPERATION/PREPARATION PLANT,EXPLODING VESSELS UNDER PRESSURE,Struck by flying object,Machine maintenance,"BOILR,PRES VSL,AIR HOS,OX",AMPUTATION OR ENUCLEATION,TOE(S)/PHALANGES,,1,Chute,False,0,[],True,False,"While checking a hydraulic leak on the loadout chute, the hydraulic hose blew off allowing the chute to drop down on top of the employee's left foot.",27,"While checking a hydraulic leak on the loadout chute, the hydraulic hose blew off allowing the chute to drop down on top of the employee's left foot.",False,,,,train_candidate
msha_005539,msha,no_injury_event,00,ACCIDENT ONLY,2025-09-04,2025,4800152,M,MILL OPERATION/PREPARATION PLANT,FIRE,"Accident type, without injuries",NO VALUE FOUND,NO VALUE FOUND,NO VALUE FOUND,NO VALUE FOUND,,0,NO VALUE FOUND,False,0,[],False,False,a fire was reported at the land fill pit. no injuries occurred.,12,a fire was reported at the land fill pit. no injuries occurred.,False,,,,train_candidate
msha_005540,msha,no_injury_event,00,ACCIDENT ONLY,2020-05-31,2020,4800732,C,"STRIP, QUARY, OPEN PIT",ELECTRICAL,"Accident type, without injuries",NO VALUE FOUND,NO VALUE FOUND,NO VALUE FOUND,NO VALUE FOUND,,0,NO VALUE FOUND,False,0,[],False,False,Lightning initiated a grass fire on the south property line at Belle Ayr today. The Campbell County Fire Department was dispatched and put the fire out. The grass fire consumed approximately 11 acres of grass mostly Cordero/Rojo's property and only about 1 acre on Belle Ayr's property along the fence line.,51,Lightning initiated a grass fire on the south property line at Belle Ayr today. The Campbell County Fire Department was dispatched and put the fire out. The grass fire consumed approximately 11 acres of grass mostly Cordero/Rojo's property and only about 1 acre on Belle Ayr's property along the fence line.,False,,,,train_candidate
msha_005545,msha,no_injury_event,00,ACCIDENT ONLY,2020-07-29,2020,4801353,C,"STRIP, QUARY, OPEN PIT",FIRE,"Accident type, without injuries",NO VALUE FOUND,NO VALUE FOUND,NO VALUE FOUND,NO VALUE FOUND,,0,NO VALUE FOUND,False,0,[],False,False,A coal smoker was discovered in the coal pit and was not extinguished within 30 minutes.,16,A coal smoker was discovered in the coal pit and was not extinguished within 30 minutes.,False,,,,train_candidate
msha_005546,msha,permanent_impairment,02,PERM TOT OR PERM PRTL DISABLTY,2025-05-06,2025,5001616,M,"STRIP, QUARY, OPEN PIT",HANDLING OF MATERIALS,"Caught in, under or between a moving and a stationary object",Machine maintenance,SURFACE MINING MACHINES,AMPUTATION OR ENUCLEATION,FINGER(S)/THUMB,23,1,"Forklift, Plant cat, Telehandler, Hyster, Lift truck, Skid steer ",False,0,[],True,False,Operator placed thumb in pinch point while attempting to move forks on telehandler .,14,Operator placed thumb in pinch point while attempting to move forks on telehandler .,False,,,,train_candidate
msha_005550,msha,no_injury_event,00,ACCIDENT ONLY,2019-04-26,2019,0200024,M,"STRIP, QUARY, OPEN PIT",FIRE,"Accident type, without injuries",NO VALUE FOUND,NO VALUE FOUND,NO VALUE FOUND,NO VALUE FOUND,,0,"Front-end loader, Tractor-shovel, Payloader, Highlift, Skip loader",False,0,[],False,False,A broom handle was sticking up out of trash truck causing trash to fall on truck over hang. Exhaust sparked trash to catch fire on the canopy. No damage to truck.,31,A broom handle was sticking up out of trash truck causing trash to fall on truck over hang. Exhaust sparked trash to catch fire on the canopy. No damage to truck.,False,,,,train_candidate
msha_005552,msha,permanent_impairment,02,PERM TOT OR PERM PRTL DISABLTY,2025-10-03,2025,0200144,M,MILL OPERATION/PREPARATION PLANT,HANDLING OF MATERIALS,"Caught in, under or between a moving and a stationary object",Machine maintenance,"DRUM,PULY,SHEAVE-NT CONVY",AMPUTATION OR ENUCLEATION,FINGER(S)/THUMB,25,1,NO VALUE FOUND,False,0,[],True,False,"EE was installing belt on pulley. EE's finger became caught between the pulley and the belt, amputating the tip of EE's right ring finger. EE was taken to the hospital for treatment. Taken off work.",35,"EE was installing belt on pulley. EE's finger became caught between the pulley and the belt, amputating the tip of EE's right ring finger. EE was taken to the hospital for treatment. Taken off work.",False,,,,train_candidate
msha_005573,msha,no_injury_event,00,ACCIDENT ONLY,2022-03-27,2022,1200063,M,MILL OPERATION/PREPARATION PLANT,MACHINERY,"Accident type, without injuries",NO VALUE FOUND,NO VALUE FOUND,NO VALUE FOUND,NO VALUE FOUND,,0,Fan,False,0,[],False,False,"K2 Coal Mill fans stopped operating around 10:30 am. Once fans were fixed the operators tried to start the coal mill. When they bumped the motor, the system over pressurized and opened the rupture disk which opens at 1.5 psi. No injuries or damage occurred.",45,"K2 Coal Mill fans stopped operating around 10:30 am. Once fans were fixed the operators tried to start the coal mill. When they bumped the motor, the system over pressurized and opened the rupture disk which opens at 1.5 psi. No injuries or damage occurred.",False,,,,train_candidate
msha_005574,msha,no_injury_event,00,ACCIDENT ONLY,2023-01-27,2023,1200064,M,MILL OPERATION/PREPARATION PLANT,FIRE,"Accident type, without injuries",NO VALUE FOUND,NO VALUE FOUND,NO VALUE FOUND,NO VALUE FOUND,,0,"Milling machinery, Block press, Ballast machine",False,0,[],False,False,We believe that due to the age of the motor control center and the brittleness of the wiring the work they were doing may have caused a wire to short out and cause the fire. The motor control center has been de-energized and a new one has been ordered for installation.,51,We believe that due to the age of the motor control center and the brittleness of the wiring the work they were doing may have caused a wire to short out and cause the fire. The motor control center has been de-energized and a new one has been ordered for installation.,False,,,,train_candidate
msha_005584,msha,permanent_impairment,02,PERM TOT OR PERM PRTL DISABLTY,2020-06-30,2020,1600352,M,MILL OPERATION/PREPARATION PLANT,MACHINERY,"Caught in, under or between a moving and a stationary object",Handling supplies or material,SURFACE MINING MACHINES,AMPUTATION OR ENUCLEATION,TOE(S)/PHALANGES,,1,"Shovel, Power shovel, Backhoe, Trackhoe, Dragline - Big Muskie",True,2,"[""derrick""]",True,False,"IW was connecting rigging to an excavator bucket when EE's left foot was pinched under the bucket resulting in partial amputation of left big toe. Bucket moved due to listing of derrick barge when crane on the barge swung in direction of dock. Excavator was on derrick barge with arm extended over the dock, IW was on dock rigging the load when incident occurred.",64,"IW was connecting rigging to an excavator bucket when EE's left foot was pinched under the bucket resulting in partial amputation of left big toe. Bucket moved due to listing of derrick barge when crane on the barge swung in direction of dock. Excavator was on derrick barge with arm extended over the dock, IW was on dock rigging the load when incident occurred.",False,,,,train_candidate
msha_005585,msha,permanent_impairment,02,PERM TOT OR PERM PRTL DISABLTY,2025-08-01,2025,1700136,M,"STRIP, QUARY, OPEN PIT",HANDLING OF MATERIALS,Over-exertion NEC,Unknown,"MISCELLANEOUS,NEC",HERNIA;RUPTURE,ABDOMEN/INTERNAL ORGANS,0,1,NO VALUE FOUND,False,0,[],True,False,There was no known event that caused an injury. the employee went to their own doctors because they thought they had appendicitis and turned out to be a hernia that was later determined by the doctors to be work related.,40,There was no known event that caused an injury. the employee went to their own doctors because they thought they had appendicitis and turned out to be a hernia that was later determined by the doctors to be work related.,False,,,,train_candidate
msha_005591,msha,permanent_impairment,02,PERM TOT OR PERM PRTL DISABLTY,2024-12-12,2024,2601942,M,"STRIP, QUARY, OPEN PIT",HANDLING OF MATERIALS,Over-exertion in lifting objects,Handling supplies or material,"METAL,NEC(PIPE,WIRE,NAIL)",HERNIA;RUPTURE,ABDOMEN/INTERNAL ORGANS,0,1,NO VALUE FOUND,False,0,[],True,False,"The employee was lifting a scaffold plank overhead to set for upper level. the employee felt a pinch in stomach, but did not think it was serious. Later it was determined to be a small umbilical hernia. Late reporting from employee. Work Status: May perform regular duties with attention not to aggravate.",52,"The employee was lifting a scaffold plank overhead to set for upper level. the employee felt a pinch in stomach, but did not think it was serious. Later it was determined to be a small umbilical hernia. Late reporting from employee. Work Status: May perform regular duties with attention not to aggravate.",False,,,,train_candidate
msha_005596,msha,no_injury_event,00,ACCIDENT ONLY,2023-10-03,2023,3000075,M,MILL OPERATION/PREPARATION PLANT,FIRE,"Accident type, without injuries",NO VALUE FOUND,NO VALUE FOUND,NO VALUE FOUND,NO VALUE FOUND,,0,NO VALUE FOUND,False,0,[],False,False,Miners noticed smoke coming from Tower 6 in the secondary. 911 was called and was able to contain the fire from reaching other towers. There were no injuries but substantial loss to equipment.,33,Miners noticed smoke coming from Tower 6 in the secondary. 911 was called and was able to contain the fire from reaching other towers. There were no injuries but substantial loss to equipment.,False,,,,train_candidate
msha_005613,msha,fatal,01,FATALITY,2024-05-09,2024,4101628,M,MILL OPERATION/PREPARATION PLANT,POWERED HAULAGE,"Caught in, under or between a moving and a stationary object","Surface equipment, NEC","HOISTING APPARATUS,NEC",CRUSHING,MULTIPLE PARTS (MORE THAN ONE MAJOR),,1,"Man lift, Lift basket, Basket scaler, Self-propelled hydraulic boom",False,0,[],True,True,"May 9, 2024 at 0800 hours when a manlift operator ran EE's manlift, an 8008 JLG, serial number 0300310942, into the canopy covering the C35 conveyor belt coming out of C35 tunnel. The operator was pinned between the roof edge and the man basket hand rail.",46,"May 9, 2024 at 0800 hours when a manlift operator ran EE's manlift, an 8008 JLG, serial number 0300310942, into the canopy covering the C35 conveyor belt coming out of C35 tunnel. The operator was pinned between the roof edge and the man basket hand rail.",False,,,,train_candidate
msha_005633,msha,no_injury_event,00,ACCIDENT ONLY,2021-12-14,2021,4800977,C,"STRIP, QUARY, OPEN PIT",FIRE,"Accident type, without injuries",NO VALUE FOUND,NO VALUE FOUND,NO VALUE FOUND,NO VALUE FOUND,,0,NO VALUE FOUND,False,0,[],False,False,A coal wall caught fire and took longer than 30 minutes to extinguish.,13,A coal wall caught fire and took longer than 30 minutes to extinguish.,False,,,,train_candidate
msha_005636,msha,no_injury_event,00,ACCIDENT ONLY,2024-08-19,2024,4801337,C,"STRIP, QUARY, OPEN PIT",FIRE,"Accident type, without injuries",NO VALUE FOUND,NO VALUE FOUND,NO VALUE FOUND,NO VALUE FOUND,,0,NO VALUE FOUND,False,0,[],False,False,Chunks of coal were found smoking on an inaccessible bench in ramp 25.,13,Chunks of coal were found smoking on an inaccessible bench in ramp 25.,False,,,,train_candidate
msha_005638,msha,no_injury_event,00,ACCIDENT ONLY,2019-09-03,2019,4801353,C,"STRIP, QUARY, OPEN PIT",FIRE,"Accident type, without injuries",NO VALUE FOUND,NO VALUE FOUND,NO VALUE FOUND,NO VALUE FOUND,,0,NO VALUE FOUND,False,0,[],False,False,The upper 1/4 of coal seam on had a hot spot that started a small section on fire. Overburden dumped in the wall from above. The coal pit was not active at the time.,34,The upper 1/4 of coal seam on had a hot spot that started a small section on fire. Overburden dumped in the wall from above. The coal pit was not active at the time.,False,,,,train_candidate
msha_005641,msha,no_injury_event,00,ACCIDENT ONLY,2020-04-21,2020,0100851,C,SURFACE AT UNDERGROUND,HOISTING,"Accident type, without injuries",NO VALUE FOUND,NO VALUE FOUND,NO VALUE FOUND,NO VALUE FOUND,,0,"Elevator, Skip, Cage, Buckets, Mancage, Slope car ",False,0,[],False,False,The slope car on the material hoist broke an axle. The axle was replaced and the hoist was put back in service. The hotline was called at time axle was found broke and after hoist was put back in service.,40,The slope car on the material hoist broke an axle. The axle was replaced and the hoist was put back in service. The hotline was called at time axle was found broke and after hoist was put back in service.,False,,,,train_candidate
msha_005642,msha,no_injury_event,00,ACCIDENT ONLY,2021-01-21,2021,0100851,C,SURFACE AT UNDERGROUND,HOISTING,"Accident type, without injuries",NO VALUE FOUND,NO VALUE FOUND,NO VALUE FOUND,NO VALUE FOUND,,0,"Elevator, Skip, Cage, Buckets, Mancage, Slope car ",False,0,[],False,False,There was a spot in the Material Hoist cable that had broken strand. The hoist was downed and the rope was shortened to remove the bad spot. The hoist was tested and put back into service. There was no accident/injury/illness in this.,42,There was a spot in the Material Hoist cable that had broken strand. The hoist was downed and the rope was shortened to remove the bad spot. The hoist was tested and put back into service. There was no accident/injury/illness in this.,False,,,,train_candidate
msha_005643,msha,permanent_impairment,02,PERM TOT OR PERM PRTL DISABLTY,2012-06-13,2012,0103180,C,"STRIP, QUARY, OPEN PIT",MACHINERY,"Caught in, under or between a moving and a stationary object",Welding or cutting,"CRANES,DERRICKS",AMPUTATION OR ENUCLEATION,FINGER(S)/THUMB,39,1,"Crane, Cherry picker, Lift basket, Scissor truck, Boom truck",False,1,"[""tubing""]",True,False,"Welder was lifting 1"" steel tubing with autocrane to weld crack. While using left hand to operate crane remote, he rested his right hand on beam next to cable hook. Cable hook slipped and crushed finger nail segment of index finger between hook and steel tubing. End of index finger was almost completely severed and was not able to be re-attach.",61,"Welder was lifting 1"" steel tubing with autocrane to weld crack. While using left hand to operate crane remote, he rested his right hand on beam next to cable hook. Cable hook slipped and crushed finger nail segment of index finger between hook and steel tubing. End of index finger was almost completely severed and was not able to be re-attach.",False,,,,train_candidate
msha_005648,msha,no_injury_event,00,ACCIDENT ONLY,2020-05-22,2020,0405701,M,MILL OPERATION/PREPARATION PLANT,FIRE,"Accident type, without injuries",NO VALUE FOUND,NO VALUE FOUND,NO VALUE FOUND,NO VALUE FOUND,,0,NO VALUE FOUND,False,0,[],False,False,FBC 2 conveyance system that transports coke to the mill had a return idler that has ceased and was no longer turning. Due to this condition the belt when running created friction against the return idler. When the belt stopped running the heat due to the friction ignited the fine coke on the return side of the belt causing the belt to burn. The fire last 65 minutes.,68,FBC 2 conveyance system that transports coke to the mill had a return idler that has ceased and was no longer turning. Due to this condition the belt when running created friction against the return idler. When the belt stopped running the heat due to the friction ignited the fine coke on the return side of the belt causing the belt to burn. The fire last 65 minutes.,False,,,,train_candidate
msha_005651,msha,no_injury_event,00,ACCIDENT ONLY,2020-07-07,2020,0502962,C,"STRIP, QUARY, OPEN PIT",FIRE,"Accident type, without injuries",NO VALUE FOUND,NO VALUE FOUND,NO VALUE FOUND,NO VALUE FOUND,,0,NO VALUE FOUND,False,0,[],False,False,"A fire was reported at around 7:45 am. The source of the fire was an old, abandoned underground mine fire. An ember from the old mine must have blown into the dry grass surrounding the hot area on the side of the hill. The fire was mostly contained and extinguished the next day. No one was injured and no mine equipment or structures were damaged by the fire.",68,"A fire was reported at around 7:45 am. The source of the fire was an old, abandoned underground mine fire. An ember from the old mine must have blown into the dry grass surrounding the hot area on the side of the hill. The fire was mostly contained and extinguished the next day. No one was injured and no mine equipment or structures were damaged by the fire.",False,,,,train_candidate
msha_005657,msha,no_injury_event,00,ACCIDENT ONLY,2020-09-16,2020,1000082,M,SURFACE AT UNDERGROUND,HOISTING,"Accident type, without injuries",NO VALUE FOUND,NO VALUE FOUND,NO VALUE FOUND,NO VALUE FOUND,,0,"Elevator, Skip, Cage, Buckets, Mancage, Slope car ",False,0,[],False,False,#3 Hoist went down due to electrical issues in drive. Spencer Engineering was contacted - directed electrical department where to locate issue - replaced fuses and hoist re-started,28,#3 Hoist went down due to electrical issues in drive. Spencer Engineering was contacted - directed electrical department where to locate issue - replaced fuses and hoist re-started,False,,,,train_candidate
msha_005683,msha,no_injury_event,00,ACCIDENT ONLY,2023-07-16,2023,2401457,C,"STRIP, QUARY, OPEN PIT",FIRE,"Accident type, without injuries",NO VALUE FOUND,NO VALUE FOUND,NO VALUE FOUND,NO VALUE FOUND,,0,"Conveyor, Belt feeder, Stage loader, Hopper shaker, Belt structure",False,0,[],False,False,CV07 suffered a tear in the splicing with coal loaded on the belt. The head pulley created enough heat friction with the belt not moving to start the belt on fire. Fire was not fully extinguished in under 30 minutes.,40,CV07 suffered a tear in the splicing with coal loaded on the belt. The head pulley created enough heat friction with the belt not moving to start the belt on fire. Fire was not fully extinguished in under 30 minutes.,False,,,,train_candidate
msha_005689,msha,permanent_impairment,02,PERM TOT OR PERM PRTL DISABLTY,2026-07-15,2026,3000287,M,"STRIP, QUARY, OPEN PIT",HANDLING OF MATERIALS,Over-exertion in lifting objects,Handling supplies or material,"CONTAINERS,NEC",HERNIA;RUPTURE,ABDOMEN/INTERNAL ORGANS,,1,NO VALUE FOUND,False,0,[],True,False,"Employee stated that they were walking with an oil jug, slipped and felt something pull in their stomach.",18,"Employee stated that they were walking with an oil jug, slipped and felt something pull in their stomach.",False,,,,train_candidate
msha_005691,msha,no_injury_event,00,ACCIDENT ONLY,2021-05-06,2021,3000663,M,SURFACE AT UNDERGROUND,HOISTING,"Accident type, without injuries",NO VALUE FOUND,NO VALUE FOUND,NO VALUE FOUND,NO VALUE FOUND,,0,"Elevator, Skip, Cage, Buckets, Mancage, Slope car ",False,0,[],False,False,"While running the #3 hoist, the hoist tripped out. A magnet proximity switch was found to have shorted out within #3 shaft 90' below the collar.",26,"While running the #3 hoist, the hoist tripped out. A magnet proximity switch was found to have shorted out within #3 shaft 90' below the collar.",False,,,,train_candidate
msha_005698,msha,no_injury_event,00,ACCIDENT ONLY,2025-03-11,2025,3610332,M,"STRIP, QUARY, OPEN PIT",FIRE,"Accident type, without injuries",NO VALUE FOUND,NO VALUE FOUND,NO VALUE FOUND,NO VALUE FOUND,,0,"Shovel, Power shovel, Backhoe, Trackhoe, Dragline - Big Muskie",False,0,[],False,False,Machine was fine. Hydraulic line blew and ignited the hydraulic oil on the turbo.,14,Machine was fine. Hydraulic line blew and ignited the hydraulic oil on the turbo.,False,,,,train_candidate
msha_005700,msha,permanent_impairment,02,PERM TOT OR PERM PRTL DISABLTY,2025-09-16,2025,3800600,M,SURFACE AT UNDERGROUND,HANDLING OF MATERIALS,Struck by falling object,Machine maintenance,METAL COVERS & GUARDS,AMPUTATION OR ENUCLEATION,FINGER(S)/THUMB,66,1,"Carriage-mounted drills, Rail, Rubber-tired, Jumbo, Air-track drill",False,0,[],True,False,Drill mechanic's right pinky and ring finger were injured when a shock sub fell from the rigging contacting EE's hand. The mechanic was in the process of changing out the shock sub for the drill.,35,Drill mechanic's right pinky and ring finger were injured when a shock sub fell from the rigging contacting EE's hand. The mechanic was in the process of changing out the shock sub for the drill.,False,,,,train_candidate
msha_005702,msha,no_injury_event,00,ACCIDENT ONLY,2022-12-05,2022,4102820,M,"STRIP, QUARY, OPEN PIT",FIRE,"Accident type, without injuries",NO VALUE FOUND,NO VALUE FOUND,NO VALUE FOUND,NO VALUE FOUND,,0,"Conveyor, Belt feeder, Stage loader, Hopper shaker, Belt structure",False,0,[],False,False,Tire chip chute plugged and caught the conveyor on fire. Approx 10 - 15 ft of the belt burned,19,Tire chip chute plugged and caught the conveyor on fire. Approx 10 - 15 ft of the belt burned,False,,,,train_candidate
msha_005703,msha,fatal,01,FATALITY,2026-01-08,2026,4102820,M,"STRIP, QUARY, OPEN PIT",POWERED HAULAGE,"Caught in, under or between a moving and a stationary object",Haulage or Dump truck,"HGHWY ORE CARIER,LRGE TRK",CRUSHING,NECK,,1,Ore haulage trucks - off highway trucks,False,0,[],True,True,Third party delivery driver of raw materials was found deceased trapped between the frame and dump bed of EE's I-Bar owned and operated delivery truck. The driver was located on the West edge of the iron ore stockpile.,38,Third party delivery driver of raw materials was found deceased trapped between the frame and dump bed of EE's I-Bar owned and operated delivery truck. The driver was located on the West edge of the iron ore stockpile.,False,,,,train_candidate
msha_005706,msha,fatal,01,FATALITY,2023-06-01,2023,4103491,M,"STRIP, QUARY, OPEN PIT",MACHINERY,Struck by rolling or sliding object,Machine maintenance,"METAL,NEC(PIPE,WIRE,NAIL)","UNCLASSIFIED,NOT DETERMED","HEAD,NEC",,1,Ore haulage trucks -  on highway trucks,False,0,[],True,True,"An outside truck driver came onto this site to get loaded where the driver then parked their truck and was out of view from out scale house. Driver began to work on the back of the truck where the air bag blew out from under the truck and hit the driver in the head. Driver was not our employee, nor was the driver supposed to be working on their truck.",70,"An outside truck driver came onto this site to get loaded where the driver then parked their truck and was out of view from out scale house. Driver began to work on the back of the truck where the air bag blew out from under the truck and hit the driver in the head. Driver was not our employee, nor was the driver supposed to be working on their truck.",False,,,,train_candidate
msha_005709,msha,no_injury_event,00,ACCIDENT ONLY,2023-08-13,2023,4105278,M,"STRIP, QUARY, OPEN PIT",FIRE,"Accident type, without injuries",NO VALUE FOUND,NO VALUE FOUND,NO VALUE FOUND,NO VALUE FOUND,,0,NO VALUE FOUND,False,0,[],False,False,Assistant manager was notified of an approaching wildfire to the southeast of the location. The fire was stopped approx. 1/4 mile from mine property. The fire never contacted Capitol property. In an abundance of caution MSHA was contacted via the emergency line and notified of the approaching fire.,48,Assistant manager was notified of an approaching wildfire to the southeast of the location. The fire was stopped approx. 1/4 mile from mine property. The fire never contacted Capitol property. In an abundance of caution MSHA was contacted via the emergency line and notified of the approaching fire.,False,,,,train_candidate
msha_005710,msha,fatal,01,FATALITY,2020-09-01,2020,4105471,M,MILL OPERATION/PREPARATION PLANT,SLIP OR FALL OF PERSON,Fall from machine,Getting on or off equipment,GROUND,CRUSHING,MULTIPLE PARTS (MORE THAN ONE MAJOR),,1,NO VALUE FOUND,False,1,"[""catwalk""]",True,True,Employee was closing the hatches on a pneumatic truck. While attempting to get back onto the catwalk employee fell off the truck. Employee was wearing EE's harness but EE did not tie off properly. Emergency responders attempted to render first aid but were unsuccessful. At this moment I do not have a detailed description of all the contributing factors that led to the fall.,64,Employee was closing the hatches on a pneumatic truck. While attempting to get back onto the catwalk employee fell off the truck. Employee was wearing EE's harness but EE did not tie off properly. Emergency responders attempted to render first aid but were unsuccessful. At this moment I do not have a detailed description of all the contributing factors that led to the fall.,False,,,,train_candidate
msha_005727,msha,no_injury_event,00,ACCIDENT ONLY,2014-09-07,2014,4800977,C,"STRIP, QUARY, OPEN PIT",FIRE,"Accident type, without injuries",NO VALUE FOUND,NO VALUE FOUND,NO VALUE FOUND,NO VALUE FOUND,,0,"Carriage-mounted drills, Rail, Rubber-tired, Jumbo, Air-track drill",False,1,"[""kelly""]",False,False,A fire on DR23 was discovered by a nearby loader operator approximately 1 hour after maintenance personal had finished removing the Kelly drive bushing. The fire was discovered at 11:08 and MSHA was notified at 11:41 due to the fire not being extinguished within 30 minutes.,46,A fire on DR23 was discovered by a nearby loader operator approximately 1 hour after maintenance personal had finished removing the Kelly drive bushing. The fire was discovered at 11:08 and MSHA was notified at 11:41 due to the fire not being extinguished within 30 minutes.,False,,,,train_candidate
msha_005728,msha,no_injury_event,00,ACCIDENT ONLY,2019-09-03,2019,4801034,C,"STRIP, QUARY, OPEN PIT",FIRE,"Accident type, without injuries",NO VALUE FOUND,NO VALUE FOUND,NO VALUE FOUND,NO VALUE FOUND,,0,NO VALUE FOUND,False,0,[],False,False,Smoker/coal fire in area 7 caused spontaneous combustion. No personnel or equipment were/are at risk of harm/damage.,17,Smoker/coal fire in area 7 caused spontaneous combustion. No personnel or equipment were/are at risk of harm/damage.,False,,,,train_candidate
msha_005730,msha,no_injury_event,00,ACCIDENT ONLY,2024-10-10,2024,4801353,C,"STRIP, QUARY, OPEN PIT",FIRE,"Accident type, without injuries",NO VALUE FOUND,NO VALUE FOUND,NO VALUE FOUND,NO VALUE FOUND,,0,NO VALUE FOUND,False,0,[],False,False,A coal smoke was observed in an inactive area was not extinguished within 30 minutes.,15,A coal smoke was observed in an inactive area was not extinguished within 30 minutes.,False,,,,train_candidate
msha_005733,msha,no_injury_event,00,ACCIDENT ONLY,2024-11-19,2024,0102343,M,MILL OPERATION/PREPARATION PLANT,FIRE,"Accident type, without injuries",NO VALUE FOUND,NO VALUE FOUND,NO VALUE FOUND,NO VALUE FOUND,,0,NO VALUE FOUND,False,0,[],False,False,Alternative fuels material storage began self heating. Result was a fire involving saw dust and plastic alternative fuels. No property damage or injuries.,23,Alternative fuels material storage began self heating. Result was a fire involving saw dust and plastic alternative fuels. No property damage or injuries.,False,,,,train_candidate
msha_005739,msha,permanent_impairment,02,PERM TOT OR PERM PRTL DISABLTY,2023-08-02,2023,0200024,M,"STRIP, QUARY, OPEN PIT",MACHINERY,"Caught in, under or between a moving and a stationary object",Machine maintenance,"CRANES,DERRICKS",AMPUTATION OR ENUCLEATION,FINGER(S)/THUMB,157,1,"Crane, Cherry picker, Lift basket, Scissor truck, Boom truck",False,0,[],True,False,Employee was adjusting a jack pad on a crane outrigger when EE's hand was crushed.,15,Employee was adjusting a jack pad on a crane outrigger when EE's hand was crushed.,False,,,,train_candidate
msha_005745,msha,no_injury_event,00,ACCIDENT ONLY,2025-12-18,2025,0400275,M,"STRIP, QUARY, OPEN PIT",FIRE,"Accident type, without injuries",NO VALUE FOUND,NO VALUE FOUND,NO VALUE FOUND,NO VALUE FOUND,,0,NO VALUE FOUND,False,0,[],False,False,A splice atop a SoCal Edison pole arced and caught line insulation on fire.,14,A splice atop a SoCal Edison pole arced and caught line insulation on fire.,False,,,,train_candidate
msha_005752,msha,permanent_impairment,02,PERM TOT OR PERM PRTL DISABLTY,2022-12-22,2022,0800046,M,MILL OPERATION/PREPARATION PLANT,MACHINERY,"Caught in, under or between running or meshing objects",Mill equipment,"MACHINE,NEC-WELDR,OFC MAC",AMPUTATION OR ENUCLEATION,FOREARM/ULNAR/RADIUS,22,1,"Milling machinery, Block press, Ballast machine",False,0,[],True,False,The EE was working on a rotary feeder in the CKD area when EE's hand got caught in the rotary feeder. The EE's hand was injured and EE was taken to the hospital for further treatment.,36,The EE was working on a rotary feeder in the CKD area when EE's hand got caught in the rotary feeder. The EE's hand was injured and EE was taken to the hospital for further treatment.,False,,,,train_candidate
msha_005754,msha,permanent_impairment,02,PERM TOT OR PERM PRTL DISABLTY,2006-10-25,2006,0801058,M,"STRIP, QUARY, OPEN PIT",MACHINERY,"Caught in, under or between NEC","Surface equipment, NEC",DRILL STEEL (ALL SIZES),AMPUTATION OR ENUCLEATION,FINGER(S)/THUMB,105,1,"Carriage-mounted drills, Rail, Rubber-tired, Jumbo, Air-track drill",True,3,"[""driller"", ""kelly""]",True,False,"Drill helper put his hand between kelly bar and the steel tube cap which is used to hold the tube down while the outer kelly bar is being pulled out of the ground. His arm was caught and pulled down iunto the borehole. The drill bar slipped on top of driller's hand. EE had surgery and lost right index finger, other broken fingers and lacerations to forearm.",67,"Drill helper put his hand between kelly bar and the steel tube cap which is used to hold the tube down while the outer kelly bar is being pulled out of the ground. His arm was caught and pulled down iunto the borehole. The drill bar slipped on top of driller's hand. EE had surgery and lost right index finger, other broken fingers and lacerations to forearm.",False,,,,train_candidate
msha_005756,msha,no_injury_event,00,ACCIDENT ONLY,2021-08-08,2021,1000088,M,SURFACE AT UNDERGROUND,HOISTING,"Accident type, without injuries",NO VALUE FOUND,NO VALUE FOUND,NO VALUE FOUND,NO VALUE FOUND,,0,"Elevator, Skip, Cage, Buckets, Mancage, Slope car ",False,0,[],False,False,While doing EE's hoist tests on the silver shaft hoist weight brakes the hoistman could not get the weight brake to come back up. Mechanics diagnosed that an air regulator for the brakes was not working correctly. The mechanics changed the regulator correcting the issue.,45,While doing EE's hoist tests on the silver shaft hoist weight brakes the hoistman could not get the weight brake to come back up. Mechanics diagnosed that an air regulator for the brakes was not working correctly. The mechanics changed the regulator correcting the issue.,False,,,,train_candidate
msha_005757,msha,no_injury_event,00,ACCIDENT ONLY,2024-08-09,2024,1000088,M,SURFACE AT UNDERGROUND,HOISTING,"Accident type, without injuries",NO VALUE FOUND,NO VALUE FOUND,NO VALUE FOUND,NO VALUE FOUND,,0,"Elevator, Skip, Cage, Buckets, Mancage, Slope car ",False,0,[],False,False,The air pressure to the Silver Shaft hoist got too low to operate the hoist due to two compressors shutting down.,21,The air pressure to the Silver Shaft hoist got too low to operate the hoist due to two compressors shutting down.,False,,,,train_candidate
msha_005758,msha,no_injury_event,00,ACCIDENT ONLY,2026-03-14,2026,1000089,M,SURFACE AT UNDERGROUND,HOISTING,"Accident type, without injuries",NO VALUE FOUND,NO VALUE FOUND,NO VALUE FOUND,NO VALUE FOUND,,0,"Elevator, Skip, Cage, Buckets, Mancage, Slope car ",False,0,[],False,False,"During a winter storm, we lost power to the site causing us to lose hoisting capabilities. Seven employees were downshaft at the time.",23,"During a winter storm, we lost power to the site causing us to lose hoisting capabilities. Seven employees were downshaft at the time.",False,,,,train_candidate
msha_005772,msha,no_injury_event,00,ACCIDENT ONLY,2020-11-05,2020,1600358,M,SURFACE AT UNDERGROUND,HOISTING,"Accident type, without injuries",NO VALUE FOUND,NO VALUE FOUND,NO VALUE FOUND,NO VALUE FOUND,,0,"Elevator, Skip, Cage, Buckets, Mancage, Slope car ",False,0,[],False,False,The 16ft hoist went down due to electrical issues with the programming. The E&I tech was called out to make the repair.,22,The 16ft hoist went down due to electrical issues with the programming. The E&I tech was called out to make the repair.,False,,,,train_candidate
msha_005773,msha,no_injury_event,00,ACCIDENT ONLY,2023-10-06,2023,1800671,C,MILL OPERATION/PREPARATION PLANT,FIRE,"Accident type, without injuries",NO VALUE FOUND,NO VALUE FOUND,NO VALUE FOUND,NO VALUE FOUND,,0,NO VALUE FOUND,False,0,[],False,False,"A trailer loaded with hay bales was discovered on fire at the end of Red Oak road, approx, 200 yards from Refuse Fill #2 (ID#1211, MD 300-172-01). There were no injuries, no property loss. Local fire department dispatched but assistance was not necessary. This event was immediately reported.",48,"A trailer loaded with hay bales was discovered on fire at the end of Red Oak road, approx, 200 yards from Refuse Fill #2 (ID#1211, MD 300-172-01). There were no injuries, no property loss. Local fire department dispatched but assistance was not necessary. This event was immediately reported.",False,,,,train_candidate
msha_005777,msha,no_injury_event,00,ACCIDENT ONLY,2019-07-10,2019,2103404,M,MILL OPERATION/PREPARATION PLANT,FIRE,"Accident type, without injuries",NO VALUE FOUND,NO VALUE FOUND,NO VALUE FOUND,NO VALUE FOUND,,0,"Mill, Grinding (Rod, Ball, Autogenous, Pug, Hammer)",False,0,[],False,False,"Line 2 coal mill caught on fire while operating. Emergency services were called, the mill was isolated and the fire was put out. No injuries occurred during this incident.",29,"Line 2 coal mill caught on fire while operating. Emergency services were called, the mill was isolated and the fire was put out. No injuries occurred during this incident.",False,,,,train_candidate
msha_005780,msha,no_injury_event,00,ACCIDENT ONLY,2025-07-24,2025,2401457,C,"STRIP, QUARY, OPEN PIT",FIRE,"Accident type, without injuries",NO VALUE FOUND,NO VALUE FOUND,NO VALUE FOUND,NO VALUE FOUND,,0,NO VALUE FOUND,False,0,[],False,False,"A coal smoker was discovered in the ramp 20 waste dump. Dozer was walked over to bury the smoker. Smoker was extinguished but took longer than 30 minutes. No people, equipment or property was threatened at anytime.",37,"A coal smoker was discovered in the ramp 20 waste dump. Dozer was walked over to bury the smoker. Smoker was extinguished but took longer than 30 minutes. No people, equipment or property was threatened at anytime.",False,,,,train_candidate
msha_005803,msha,no_injury_event,00,ACCIDENT ONLY,2022-02-16,2022,3606468,M,MILL OPERATION/PREPARATION PLANT,FIRE,"Accident type, without injuries",NO VALUE FOUND,NO VALUE FOUND,NO VALUE FOUND,NO VALUE FOUND,,0,"Conveyor, Belt feeder, Stage loader, Hopper shaker, Belt structure",False,0,[],False,False,"Scale ring in Kiln 7 broke apart and created ash dust, which entered the cooler. The hot dust flowed through the cooler belt feeder and onto the cooler belt, which ignited due to the high temperature. Damage was limited to the cooler belt, head pulley, some rollers, and nearby electrical wires/cables.",51,"Scale ring in Kiln 7 broke apart and created ash dust, which entered the cooler. The hot dust flowed through the cooler belt feeder and onto the cooler belt, which ignited due to the high temperature. Damage was limited to the cooler belt, head pulley, some rollers, and nearby electrical wires/cables.",False,,,,train_candidate
msha_005814,msha,no_injury_event,00,ACCIDENT ONLY,2020-08-12,2020,4103164,C,"STRIP, QUARY, OPEN PIT",FIRE,"Accident type, without injuries",NO VALUE FOUND,NO VALUE FOUND,NO VALUE FOUND,NO VALUE FOUND,,0,NO VALUE FOUND,False,0,[],False,False,This was a grass fire that was started on FM road 1512 off of the mine property. The fire progressed onto mine property because the grass was dry and conditions hot.,31,This was a grass fire that was started on FM road 1512 off of the mine property. The fire progressed onto mine property because the grass was dry and conditions hot.,False,,,,train_candidate
msha_005816,msha,no_injury_event,00,ACCIDENT ONLY,2005-01-27,2005,4103660,C,"STRIP, QUARY, OPEN PIT",IMPOUNDMENT,"Accident type, without injuries",NO VALUE FOUND,NO VALUE FOUND,NO VALUE FOUND,NO VALUE FOUND,0,0,"Bulldozer, Dozer, Crawler tractor, Push cat",False,1,"[""pipeline""]",False,False,sediment pond at the Oakhill Mine D65p bulldozer became. 24 inches below the surface and was buried in soft ground. the d9l sank in the soft material and ruptured the pipeline with it right grouser.,35,sediment pond at the Oakhill Mine D65p bulldozer became. 24 inches below the surface and was buried in soft ground. the d9l sank in the soft material and ruptured the pipeline with it right grouser.,False,,,,train_candidate
msha_005818,msha,no_injury_event,00,ACCIDENT ONLY,2025-01-23,2025,4202677,M,SURFACE AT UNDERGROUND,HOISTING,"Accident type, without injuries",NO VALUE FOUND,NO VALUE FOUND,NO VALUE FOUND,NO VALUE FOUND,,0,"Elevator, Skip, Cage, Buckets, Mancage, Slope car ",False,0,[],False,False,The genset broke down on 01/23/2025. The hoist was inoperable while we were waiting for parts and a repair person. MSHA inspector arrived on site on 1/27/2025- citation was issued per above conditions. Table Rock Minerals was unaware that MSHA needed immediate notification. Genset was repaired on 1/29/2025- hoist is now operable.,52,The genset broke down on 01/23/2025. The hoist was inoperable while we were waiting for parts and a repair person. MSHA inspector arrived on site on 1/27/2025- citation was issued per above conditions. Table Rock Minerals was unaware that MSHA needed immediate notification. Genset was repaired on 1/29/2025- hoist is now operable.,False,,,,train_candidate
msha_005829,msha,no_injury_event,00,ACCIDENT ONLY,2019-06-12,2019,4609026,C,"STRIP, QUARY, OPEN PIT",FIRE,"Accident type, without injuries",NO VALUE FOUND,NO VALUE FOUND,NO VALUE FOUND,NO VALUE FOUND,,0,NO VALUE FOUND,False,0,[],False,False,"employee was arc welding on the bucket of a large excavator. It appears that a stray spark melted a hose resulting in fire. MSHA was notified of a fire, an inspector responded. The sole purpose of this report is due to the fire. No one was hurt.",47,"employee was arc welding on the bucket of a large excavator. It appears that a stray spark melted a hose resulting in fire. MSHA was notified of a fire, an inspector responded. The sole purpose of this report is due to the fire. No one was hurt.",False,,,,train_candidate
msha_005830,msha,no_injury_event,00,ACCIDENT ONLY,2024-02-25,2024,4609395,C,"STRIP, QUARY, OPEN PIT",FIRE,"Accident type, without injuries",NO VALUE FOUND,NO VALUE FOUND,NO VALUE FOUND,NO VALUE FOUND,,0,"Load-haul-dump, Scoop tram, Transloader, Unitrac, S&S Battery",False,0,[],False,False,An employee was operating the 2012 Cat 993K loader #551 loading overburden in the 11B pit. At approximately 3:42 AM flames were noticed coming from the rear of the engine compartment near the radiator. The on-board fire suppression activated as the operator exited the cab but could not contain the fire within 30 minutes of discovery.,56,An employee was operating the 2012 Cat 993K loader #551 loading overburden in the 11B pit. At approximately 3:42 AM flames were noticed coming from the rear of the engine compartment near the radiator. The on-board fire suppression activated as the operator exited the cab but could not contain the fire within 30 minutes of discovery.,False,,,,train_candidate
msha_005833,msha,no_injury_event,00,ACCIDENT ONLY,2020-08-12,2020,4800992,C,"STRIP, QUARY, OPEN PIT",FIRE,"Accident type, without injuries",NO VALUE FOUND,NO VALUE FOUND,NO VALUE FOUND,NO VALUE FOUND,,0,"Carriage-mounted drills, Rail, Rubber-tired, Jumbo, Air-track drill",False,0,[],False,False,Drill was drilling on top of coal when a small fire started on the machine at 4:00 pm. Operator used the fire suppression and a fire extinguisher to put out the fire. 6:20pm Fire Watch decided to leave and fill the truck back up with water. Day shift fire watch never returned to the drill. Around 7:30 pm smoke was noticed by an employee. Fire was put out around 8:30 pm.,71,Drill was drilling on top of coal when a small fire started on the machine at 4:00 pm. Operator used the fire suppression and a fire extinguisher to put out the fire. 6:20pm Fire Watch decided to leave and fill the truck back up with water. Day shift fire watch never returned to the drill. Around 7:30 pm smoke was noticed by an employee. Fire was put out around 8:30 pm.,False,,,,train_candidate
msha_005834,msha,no_injury_event,00,ACCIDENT ONLY,2021-07-28,2021,4800993,C,"STRIP, QUARY, OPEN PIT",FIRE,"Accident type, without injuries",NO VALUE FOUND,NO VALUE FOUND,NO VALUE FOUND,NO VALUE FOUND,,0,NO VALUE FOUND,False,0,[],False,False,Smoker was identified in the South West pit. No personnel or resources at risk.,14,Smoker was identified in the South West pit. No personnel or resources at risk.,False,,,,train_candidate
msha_005835,msha,no_injury_event,00,ACCIDENT ONLY,2021-04-08,2021,4801200,C,"STRIP, QUARY, OPEN PIT",FIRE,"Accident type, without injuries",NO VALUE FOUND,NO VALUE FOUND,NO VALUE FOUND,NO VALUE FOUND,,0,NO VALUE FOUND,False,0,[],False,False,"Small smoker started in the north C1/2 coal face, spontaneous combustion started the smoker, wind picked up last night and fanned it into a fire. Going to take couple shifts to get it covered with overburden material because of where it is located.",43,"Small smoker started in the north C1/2 coal face, spontaneous combustion started the smoker, wind picked up last night and fanned it into a fire. Going to take couple shifts to get it covered with overburden material because of where it is located.",False,,,,train_candidate
msha_005836,msha,no_injury_event,00,ACCIDENT ONLY,2023-04-13,2023,4801200,C,"STRIP, QUARY, OPEN PIT",FIRE,"Accident type, without injuries",NO VALUE FOUND,NO VALUE FOUND,NO VALUE FOUND,NO VALUE FOUND,,0,NO VALUE FOUND,False,0,[],False,False,Smoldering coal at the toe of the south west A1/2 bench. High winds and spontaneous combustion started the smoldering coal.,20,Smoldering coal at the toe of the south west A1/2 bench. High winds and spontaneous combustion started the smoldering coal.,False,,,,train_candidate
msha_005837,msha,no_injury_event,00,ACCIDENT ONLY,2024-04-03,2024,4801200,C,"STRIP, QUARY, OPEN PIT",FIRE,"Accident type, without injuries",NO VALUE FOUND,NO VALUE FOUND,NO VALUE FOUND,NO VALUE FOUND,,0,NO VALUE FOUND,False,0,[],False,False,We have a couple of smokers in our Anderson coal seam. We are needing more time to put them out because of where they are located. We have a dozer in the process of getting the smokers put out.,39,We have a couple of smokers in our Anderson coal seam. We are needing more time to put them out because of where they are located. We have a dozer in the process of getting the smokers put out.,False,,,,train_candidate
msha_005839,msha,no_injury_event,00,ACCIDENT ONLY,2019-04-28,2019,4801429,C,"STRIP, QUARY, OPEN PIT",FIRE,"Accident type, without injuries",NO VALUE FOUND,NO VALUE FOUND,NO VALUE FOUND,NO VALUE FOUND,,0,NO VALUE FOUND,False,0,[],False,False,Supervisor observed a hot area in the coal berm when winds picked up and fanned the hot coal it caused it to spark and flare up. There were no miners in danger at any time.,35,Supervisor observed a hot area in the coal berm when winds picked up and fanned the hot coal it caused it to spark and flare up. There were no miners in danger at any time.,False,,,,train_candidate
msha_005841,msha,no_injury_event,00,ACCIDENT ONLY,2025-10-27,2025,0100851,C,SURFACE AT UNDERGROUND,HOISTING,"Accident type, without injuries",NO VALUE FOUND,NO VALUE FOUND,NO VALUE FOUND,NO VALUE FOUND,,0,"Elevator, Skip, Cage, Buckets, Mancage, Slope car ",False,0,[],False,False,"The SP Elevator was taken out of service due to a faulty door switch. The switch was replaced, the elevator was tested, and placed back into service.",27,"The SP Elevator was taken out of service due to a faulty door switch. The switch was replaced, the elevator was tested, and placed back into service.",False,,,,train_candidate
msha_005846,msha,no_injury_event,00,ACCIDENT ONLY,2026-03-11,2026,0203398,M,SURFACE AT UNDERGROUND,HOISTING,"Accident type, without injuries",NO VALUE FOUND,NO VALUE FOUND,NO VALUE FOUND,NO VALUE FOUND,,0,"Elevator, Skip, Cage, Buckets, Mancage, Slope car ",False,0,[],False,False,"At approximately 9:30 am, an electrical component failure caused a power outage at the shaft pad.",16,"At approximately 9:30 am, an electrical component failure caused a power outage at the shaft pad.",False,,,,train_candidate
msha_005850,msha,fatal,01,FATALITY,2009-01-06,2009,0405614,M,"STRIP, QUARY, OPEN PIT",FALLING/SLIDING/ROLLING MATERIALS,Struck by falling object,Front-end loader,"METAL,NEC(PIPE,WIRE,NAIL)",MULTIPLE INJURIES,CHEST (RIBS/BREAST BONE/CHEST ORGNS),0,1,"Front-end loader, Tractor-shovel, Payloader, Highlift, Skip loader",False,1,"[""tubing""]",True,True,"The victim was operating a skid steer loader underneath a belt conveyor that was being dismantled. A co-worker was in an elevated manlift & was using a cutting torch to remove a piece of 4"" metal tubing attached to the leg supports of the belt conveyor. The tubing fell to the ground, tipped over into the front of the loader & struck the victim. He was hospitalized & died on 1/9/09.",71,"The victim was operating a skid steer loader underneath a belt conveyor that was being dismantled. A co-worker was in an elevated manlift & was using a cutting torch to remove a piece of 4"" metal tubing attached to the leg supports of the belt conveyor. The tubing fell to the ground, tipped over into the front of the loader & struck the victim. He was hospitalized & died on 1/9/09.",False,,,,train_candidate
msha_005862,msha,no_injury_event,00,ACCIDENT ONLY,2019-12-04,2019,1103143,C,MILL OPERATION/PREPARATION PLANT,FIRE,"Accident type, without injuries",NO VALUE FOUND,NO VALUE FOUND,NO VALUE FOUND,NO VALUE FOUND,,0,NO VALUE FOUND,False,0,[],False,False,Smoke was observed coming from the northeast side of the raw coal pile located near the Prairie Eagle East Portal. Action were taken to treat and remove the affected material.,30,Smoke was observed coming from the northeast side of the raw coal pile located near the Prairie Eagle East Portal. Action were taken to treat and remove the affected material.,False,,,,train_candidate
msha_005877,msha,fatal,01,FATALITY,2022-01-11,2022,1519884,C,"STRIP, QUARY, OPEN PIT",FALLING/SLIDING/ROLLING MATERIALS,Struck by falling object,"Utility truck, Water trucks","PLANTS,TREES,VEGETATION",CRUSHING,MULTIPLE PARTS (MORE THAN ONE MAJOR),,2,"Trucks, Service truck, Utility truck, Pickup, Water truck, Fuel truck",False,0,[],True,True,Employee was driving on work site when a tree fell off the High Wall into the cab of employee's pickup.,20,Employee was driving on work site when a tree fell off the High Wall into the cab of employee's pickup.,False,,,,train_candidate
msha_005886,msha,permanent_impairment,02,PERM TOT OR PERM PRTL DISABLTY,2025-05-23,2025,2500002,M,MILL OPERATION/PREPARATION PLANT,HANDTOOLS (NONPOWERED),"Caught in, under or between a moving and a stationary object",Machine maintenance,"CHAIN HOIST, CHAIN BLOCK",AMPUTATION OR ENUCLEATION,FINGER(S)/THUMB,0,1,Hand tools (not powered),False,0,[],True,False,While positioning a feeder for install with three other miners the employee pinched right middle finger when unhooking a chain hoist hook and the feeder moved unexpectedly. The pinch removed the tissue from the tip of the finger. The result was an partial amputation of the tip of the right middle finger performed at the ER.,56,While positioning a feeder for install with three other miners the employee pinched right middle finger when unhooking a chain hoist hook and the feeder moved unexpectedly. The pinch removed the tissue from the tip of the finger. The result was an partial amputation of the tip of the right middle finger performed at the ER.,False,,,,train_candidate
msha_005896,msha,no_injury_event,00,ACCIDENT ONLY,2019-07-23,2019,3000663,M,SURFACE AT UNDERGROUND,HOISTING,"Accident type, without injuries",NO VALUE FOUND,NO VALUE FOUND,NO VALUE FOUND,NO VALUE FOUND,,0,"Elevator, Skip, Cage, Buckets, Mancage, Slope car ",False,0,[],False,False,#3 hoist unexpectedly stopped. The solenoid valve for the West pinion brake lost power causing brakes to engage. An electrical short in the power connection to the solenoid valve caused the failure.,32,#3 hoist unexpectedly stopped. The solenoid valve for the West pinion brake lost power causing brakes to engage. An electrical short in the power connection to the solenoid valve caused the failure.,False,,,,train_candidate
msha_005897,msha,no_injury_event,00,ACCIDENT ONLY,2024-02-26,2024,3000663,M,SURFACE AT UNDERGROUND,HOISTING,"Accident type, without injuries",NO VALUE FOUND,NO VALUE FOUND,NO VALUE FOUND,NO VALUE FOUND,,0,"Elevator, Skip, Cage, Buckets, Mancage, Slope car ",False,0,[],False,False,When 2nd shift came to surface the gate switch did not release and when the gate was opened the latch was found damaged therefor making the switch inoperable.,28,When 2nd shift came to surface the gate switch did not release and when the gate was opened the latch was found damaged therefor making the switch inoperable.,False,,,,train_candidate
msha_005909,msha,no_injury_event,00,ACCIDENT ONLY,2025-10-12,2025,3400023,M,"STRIP, QUARY, OPEN PIT",FIRE,"Accident type, without injuries",NO VALUE FOUND,NO VALUE FOUND,NO VALUE FOUND,NO VALUE FOUND,,0,NO VALUE FOUND,False,0,[],False,False,A small grass fire started at the Quarry due to unknown reasons. There where no employees working at the time of the fire and Local fire department extinguished the fire after being called by an individual passing by. Quarry employee was called in to establish a fire break in case of re ignition.,53,A small grass fire started at the Quarry due to unknown reasons. There where no employees working at the time of the fire and Local fire department extinguished the fire after being called by an individual passing by. Quarry employee was called in to establish a fire break in case of re ignition.,False,,,,train_candidate
msha_005922,msha,fatal,01,FATALITY,2024-08-09,2024,4100283,M,MILL OPERATION/PREPARATION PLANT,ELECTRICAL,Flash burns (electric),Electrical maintenance,"ELECTRICAL APPARATUS,NEC",ELECT.ARC BURN-NOT CONTAC,MULTIPLE PARTS (MORE THAN ONE MAJOR),,1,NO VALUE FOUND,False,0,[],True,True,"Arc flash event involving electrical equipment that resulted in burns to the employee's arms and torso as well as electrical equipment damage. The employee was injured and hospitalized after the incident but, passed away in the hospital on 08/22/2024.",39,"Arc flash event involving electrical equipment that resulted in burns to the employee's arms and torso as well as electrical equipment damage. The employee was injured and hospitalized after the incident but, passed away in the hospital on 08/22/2024.",False,,,,train_candidate
msha_005931,msha,fatal,01,FATALITY,2025-01-03,2025,4105687,M,"STRIP, QUARY, OPEN PIT",FALLING/SLIDING/ROLLING MATERIALS,"Caught in, under or between collapsing material or buildings",Machine maintenance,LOOSE DIRT AND MUD,CRUSHING,MULTIPLE PARTS (MORE THAN ONE MAJOR),,1,NO VALUE FOUND,False,0,[],True,True,Trench was dug to repair drain pipe. No sloping or shoring protection system was in place. Trench was approximately 10 foot deep and 8 foot wide. Side wall collapsed and crushed worker.,32,Trench was dug to repair drain pipe. No sloping or shoring protection system was in place. Trench was approximately 10 foot deep and 8 foot wide. Side wall collapsed and crushed worker.,False,,,,train_candidate
msha_005937,msha,no_injury_event,00,ACCIDENT ONLY,2022-08-02,2022,4605437,C,SURFACE AT UNDERGROUND,HOISTING,"Accident type, without injuries",NO VALUE FOUND,NO VALUE FOUND,NO VALUE FOUND,NO VALUE FOUND,,0,"Elevator, Skip, Cage, Buckets, Mancage, Slope car ",False,0,[],False,False,The Coal Fork Main mine hoist was down from 9:30am until 11am on August 2nd due to a contactor in the hoist house going bad. The contactor was replaced and the hoist is working as of 11am on August 2nd.,40,The Coal Fork Main mine hoist was down from 9:30am until 11am on August 2nd due to a contactor in the hoist house going bad. The contactor was replaced and the hoist is working as of 11am on August 2nd.,False,,,,train_candidate
msha_005947,msha,no_injury_event,00,ACCIDENT ONLY,2026-01-13,2026,4800007,M,MILL OPERATION/PREPARATION PLANT,FIRE,"Accident type, without injuries",NO VALUE FOUND,NO VALUE FOUND,NO VALUE FOUND,NO VALUE FOUND,,0,NO VALUE FOUND,False,0,[],False,False,"The fire was called in when detected, through MSHA's Emergency hotline number on the morning of 01/13/2026. A 103(K) Order (No. 5056976) was issued for the electrical rooms affected by the fire, on 01/22/26. On 04/24/2026 A Denver office inspector was on-site for other purposes and mentioned a 7000-1 needed to be filed for the fire; this submittal is fulfilling that request.",62,"The fire was called in when detected, through MSHA's Emergency hotline number on the morning of 01/13/2026. A 103(K) Order (No. 5056976) was issued for the electrical rooms affected by the fire, on 01/22/26. On 04/24/2026 A Denver office inspector was on-site for other purposes and mentioned a 7000-1 needed to be filed for the fire; this submittal is fulfilling that request.",False,,,,train_candidate
msha_005951,msha,no_injury_event,00,ACCIDENT ONLY,2020-03-04,2020,4801034,C,"STRIP, QUARY, OPEN PIT",FIRE,"Accident type, without injuries",NO VALUE FOUND,NO VALUE FOUND,NO VALUE FOUND,NO VALUE FOUND,,0,NO VALUE FOUND,False,0,[],False,False,"Smoker was identified in area 7, no personnel or resources at risk.",12,"Smoker was identified in area 7, no personnel or resources at risk.",False,,,"[""msha_006166"", ""msha_006566""]",train_candidate
msha_005953,msha,no_injury_event,00,ACCIDENT ONLY,2023-04-24,2023,4801200,C,"STRIP, QUARY, OPEN PIT",FIRE,"Accident type, without injuries",NO VALUE FOUND,NO VALUE FOUND,NO VALUE FOUND,NO VALUE FOUND,,0,NO VALUE FOUND,False,0,[],False,False,Smoker in coal seam in s/w corner of mine. Bottom of A-Seam coal on the backfill 4 bench.,18,Smoker in coal seam in s/w corner of mine. Bottom of A-Seam coal on the backfill 4 bench.,False,,,,train_candidate
msha_005954,msha,no_injury_event,00,ACCIDENT ONLY,2024-04-08,2024,4801200,C,"STRIP, QUARY, OPEN PIT",FIRE,"Accident type, without injuries",NO VALUE FOUND,NO VALUE FOUND,NO VALUE FOUND,NO VALUE FOUND,,0,NO VALUE FOUND,False,0,[],False,False,"We have a Coal Smoker on our west end of the Canyon Coal Seam. We will Not have it out in the 30 minutes. We did not have anyone on night shift because of a winter storm, We are getting crews out to get the smokers put out.",48,"We have a Coal Smoker on our west end of the Canyon Coal Seam. We will Not have it out in the 30 minutes. We did not have anyone on night shift because of a winter storm, We are getting crews out to get the smokers put out.",False,,,,train_candidate
msha_005956,msha,no_injury_event,00,ACCIDENT ONLY,2020-05-10,2020,5001616,M,"STRIP, QUARY, OPEN PIT",FIRE,"Accident type, without injuries",NO VALUE FOUND,NO VALUE FOUND,NO VALUE FOUND,NO VALUE FOUND,,0,"Shovel, Power shovel, Backhoe, Trackhoe, Dragline - Big Muskie",False,0,[],False,False,While operating in the dig face a Hitachi 5600 shovel caught fire causing extensive damage. The operator was able to safely exit the machine with no injuries. The investigation of the cause was inconclusive.,34,While operating in the dig face a Hitachi 5600 shovel caught fire causing extensive damage. The operator was able to safely exit the machine with no injuries. The investigation of the cause was inconclusive.,False,,,,train_candidate
msha_005966,msha,no_injury_event,00,ACCIDENT ONLY,2000-05-10,2000,0504055,M,UNDERGROUND,ELECTRICAL,"Accident type, without injuries",NO VALUE FOUND,NO VALUE FOUND,NO VALUE FOUND,NO VALUE FOUND,,0,NO VALUE FOUND,True,2,"[""drillers""]",False,False,At 12:50 pm the core drillers lights went out. The helper went to check the control and saw smoke. The drillers went to the station called the hoistman and other crew. A small 480 v to 120/240 volt step-down transformer had failed. Fuse protection shut-down power no evidence of fire. Crews were evacuated.,53,At 12:50 pm the core drillers lights went out. The helper went to check the control and saw smoke. The drillers went to the station called the hoistman and other crew. A small 480 v to 120/240 volt step-down transformer had failed. Fuse protection shut-down power no evidence of fire. Crews were evacuated.,False,,,,train_candidate
msha_005973,msha,permanent_impairment,02,PERM TOT OR PERM PRTL DISABLTY,2024-11-13,2024,0901026,M,"STRIP, QUARY, OPEN PIT",POWERED HAULAGE,"Caught in, under or between a moving and a stationary object",Getting on or off equipment,"HGHWY ORE CARIER,LRGE TRK",AMPUTATION OR ENUCLEATION,FINGER(S)/THUMB,11,1,Ore haulage trucks - off highway trucks,False,0,[],True,False,"Employee stepped out of the cab of the truck to clean the mirrors when EE noticed the truck was rolling. While re-entering the cab, EE's left hand was pinched between the cab handrail and the truck bed in front of EE.",41,"Employee stepped out of the cab of the truck to clean the mirrors when EE noticed the truck was rolling. While re-entering the cab, EE's left hand was pinched between the cab handrail and the truck bed in front of EE.",False,,,,train_candidate
msha_005977,msha,no_injury_event,00,ACCIDENT ONLY,2024-07-19,2024,1000088,M,SURFACE AT UNDERGROUND,HOISTING,"Accident type, without injuries",NO VALUE FOUND,NO VALUE FOUND,NO VALUE FOUND,NO VALUE FOUND,,0,"Elevator, Skip, Cage, Buckets, Mancage, Slope car ",False,0,[],False,False,At 2:20 the hoistmen tried to start 2 shaft hoist but it would not start. Electricians were called to diagnose problem and found the pinion break pressure was at 70 psi which needed to be 1500 psi to start the hoist. It was determine that the oil filter was partially plugged causing the issues.,54,At 2:20 the hoistmen tried to start 2 shaft hoist but it would not start. Electricians were called to diagnose problem and found the pinion break pressure was at 70 psi which needed to be 1500 psi to start the hoist. It was determine that the oil filter was partially plugged causing the issues.,False,,,,train_candidate
msha_005981,msha,no_injury_event,00,ACCIDENT ONLY,2020-03-12,2020,1103143,C,MILL OPERATION/PREPARATION PLANT,FIRE,"Accident type, without injuries",NO VALUE FOUND,NO VALUE FOUND,NO VALUE FOUND,NO VALUE FOUND,,0,NO VALUE FOUND,False,0,[],False,False,Smoke was observed coming from the northwest side of the raw coal storage pad near the Prairie Eagle Wash Plant. Steps are taken to treat and remove the affected material.,30,Smoke was observed coming from the northwest side of the raw coal storage pad near the Prairie Eagle Wash Plant. Steps are taken to treat and remove the affected material.,False,,,,train_candidate
msha_005984,msha,no_injury_event,00,ACCIDENT ONLY,2024-05-02,2024,1301617,M,MILL OPERATION/PREPARATION PLANT,FIRE,"Accident type, without injuries",NO VALUE FOUND,NO VALUE FOUND,NO VALUE FOUND,NO VALUE FOUND,,0,NO VALUE FOUND,False,0,[],False,False,"As we were attempting to run coke through the system to empty the tank it was noticed that the coke was still smoldering and smoking, so the attempt to empty was abandoned, the fire suppression system was deployed, and the fire department called.",43,"As we were attempting to run coke through the system to empty the tank it was noticed that the coke was still smoldering and smoking, so the attempt to empty was abandoned, the fire suppression system was deployed, and the fire department called.",False,,,,train_candidate
msha_005986,msha,permanent_impairment,02,PERM TOT OR PERM PRTL DISABLTY,2003-01-30,2003,1500022,M,MILL OPERATION/PREPARATION PLANT,POWERED HAULAGE,"Caught in, under or between a moving and a stationary object",Hand tools (not powered),"CONVEYORS,NEC",AMPUTATION OR ENUCLEATION,FINGER(S)/THUMB,,1,"Conveyor, Belt feeder, Stage loader, Hopper shaker, Belt structure",False,1,"[""catwalk""]",True,False,Employee was attempting to clean the mud off the conveyor take up pulley by using a 4 foot steel bar. The bar was caught by the pulley pinching employee's left hand between the bar and edge of the catwalk.,39,Employee was attempting to clean the mud off the conveyor take up pulley by using a 4 foot steel bar. The bar was caught by the pulley pinching employee's left hand between the bar and edge of the catwalk.,False,,,,train_candidate
msha_005988,msha,fatal,01,FATALITY,2026-05-20,2026,1516883,C,"STRIP, QUARY, OPEN PIT",MACHINERY,Struck by falling object,Machine maintenance,"METAL,NEC(PIPE,WIRE,NAIL)",CRUSHING,MULTIPLE PARTS (MORE THAN ONE MAJOR),0,1,"Front-end loader, Tractor-shovel, Payloader, Highlift, Skip loader",False,0,[],True,True,"EE and another employee were pulling the engine and removing nose cone on the radiator. EE was on the bottom under the 992g wheel loader. The other employee was on top of the machine. EE was taking the radiator nose off, accidentally took bolts out of counter weights and it fell on EE. Resulting in a fatality.",57,"EE and another employee were pulling the engine and removing nose cone on the radiator. EE was on the bottom under the 992g wheel loader. The other employee was on top of the machine. EE was taking the radiator nose off, accidentally took bolts out of counter weights and it fell on EE. Resulting in a fatality.",False,,,,train_candidate
msha_006013,msha,fatal,01,FATALITY,2012-11-01,2012,3000287,M,"STRIP, QUARY, OPEN PIT",MACHINERY,"Caught in, under or between running or meshing objects","Surface equipment, NEC",SURFACE MINING MACHINES,MULTIPLE INJURIES,MULTIPLE PARTS (MORE THAN ONE MAJOR),0,1,"Carriage-mounted drills, Rail, Rubber-tired, Jumbo, Air-track drill",True,4,"[""drill pipe"", ""driller""]",True,True,The driller apparently attempted to load drill pipe into the carousel while the drill head was rotating. It appears a strap the driller was holding became entangled around the drill pipe after the drill pipe threaded into the drill head and rotated.,42,The driller apparently attempted to load drill pipe into the carousel while the drill head was rotating. It appears a strap the driller was holding became entangled around the drill pipe after the drill pipe threaded into the drill head and rotated.,False,,,,train_candidate
msha_006016,msha,no_injury_event,00,ACCIDENT ONLY,2025-04-09,2025,3100063,M,"STRIP, QUARY, OPEN PIT",FIRE,"Accident type, without injuries",NO VALUE FOUND,NO VALUE FOUND,NO VALUE FOUND,NO VALUE FOUND,,0,NO VALUE FOUND,False,0,[],False,False,"A train car wheel sparked on the tracks while leaving the site, starting a brush fire on the mine property.",20,"A train car wheel sparked on the tracks while leaving the site, starting a brush fire on the mine property.",False,,,,train_candidate
msha_006017,msha,no_injury_event,00,ACCIDENT ONLY,2025-02-13,2025,3300156,M,MILL OPERATION/PREPARATION PLANT,FIRE,"Accident type, without injuries",NO VALUE FOUND,NO VALUE FOUND,NO VALUE FOUND,NO VALUE FOUND,,0,NO VALUE FOUND,False,0,[],False,False,Stored coal spontaneous combustion resulting in a fire within the silo. No injuries were sustained. The fire was extinguished within an hour of discovery.,24,Stored coal spontaneous combustion resulting in a fire within the silo. No injuries were sustained. The fire was extinguished within an hour of discovery.,False,,,,train_candidate
msha_006024,msha,no_injury_event,00,ACCIDENT ONLY,2024-02-25,2024,3607230,C,UNDERGROUND,FIRE,"Accident type, without injuries",NO VALUE FOUND,NO VALUE FOUND,NO VALUE FOUND,NO VALUE FOUND,,0,"Conveyor, Belt feeder, Stage loader, Hopper shaker, Belt structure",False,0,[],False,False,A fire was detected on the 5 South #1 Belt starter located on Dry Ridge bottom. A breakdown of the insulation on the windings caused the secondary side of the transformer to go phase to phase causing the fire. The fire was contained within the fireproof enclosure and was extinguished with the use of water and fire extinguishers.,58,A fire was detected on the 5 South #1 Belt starter located on Dry Ridge bottom. A breakdown of the insulation on the windings caused the secondary side of the transformer to go phase to phase causing the fire. The fire was contained within the fireproof enclosure and was extinguished with the use of water and fire extinguishers.,False,,,,train_candidate
msha_006026,msha,permanent_impairment,02,PERM TOT OR PERM PRTL DISABLTY,2003-06-23,2003,3608117,C,AUGER,MACHINERY,"Caught in, under or between a moving and a stationary object",Handling supplies or material,"CHAIN,ROPE,CABLE-NT CONVY",AMPUTATION OR ENUCLEATION,FINGER(S)/THUMB,,1,"Auger machine, Highwall miner, Auger highwall drill, Auger drill",False,1,"[""kelly""]",True,False,Ee's hand got caught between the hoist cable and the kelly bar and two fingers were severed.,17,Ee's hand got caught between the hoist cable and the kelly bar and two fingers were severed.,False,,,,train_candidate
msha_006028,msha,fatal,01,FATALITY,2023-09-08,2023,3609542,M,"STRIP, QUARY, OPEN PIT",POWERED HAULAGE,Struck by falling object,Welding or cutting,"BROKEN ROCK,COAL,ORE,WSTE",CRUSHING,MULTIPLE PARTS (MORE THAN ONE MAJOR),,1,"Front-end loader, Tractor-shovel, Payloader, Highlift, Skip loader",False,0,[],True,True,Employee disregarded lock out tag safety training and climbed into a hopper without de-energizing equipment and without notifying other workers in the area. Loader operator had no way of knowing that anyone would be inside the hopper with the feeder belt running. Employee in the hopper was buried and crushed when loader operator dumped 18 tons of stone into hopper,60,Employee disregarded lock out tag safety training and climbed into a hopper without de-energizing equipment and without notifying other workers in the area. Loader operator had no way of knowing that anyone would be inside the hopper with the feeder belt running. Employee in the hopper was buried and crushed when loader operator dumped 18 tons of stone into hopper,False,,,,train_candidate
msha_006029,msha,fatal,01,FATALITY,2023-05-02,2023,3901505,M,"STRIP, QUARY, OPEN PIT",POWERED HAULAGE,"Caught in, under or between a moving and a stationary object",Unknown,BELT CONVEYORS,MULTIPLE INJURIES,MULTIPLE PARTS (MORE THAN ONE MAJOR),,1,"Conveyor, Belt feeder, Stage loader, Hopper shaker, Belt structure",False,0,[],True,True,Miner was found to be ran over by a stacker while crushing at our East Pit. Miner was deceased when found by other miners.,24,Miner was found to be ran over by a stacker while crushing at our East Pit. Miner was deceased when found by other miners.,False,,,,train_candidate
msha_006032,msha,no_injury_event,00,ACCIDENT ONLY,2019-01-10,2019,4100026,M,MILL OPERATION/PREPARATION PLANT,HOISTING,"Accident type, without injuries",NO VALUE FOUND,NO VALUE FOUND,NO VALUE FOUND,NO VALUE FOUND,,0,"Elevator, Skip, Cage, Buckets, Mancage, Slope car ",False,0,[],False,False,Contractors in the cement silo passenger elevator became trapped when one of the safety switches tripped (opened). It took longer than 15 minutes to reset the elevator and get the men down.,32,Contractors in the cement silo passenger elevator became trapped when one of the safety switches tripped (opened). It took longer than 15 minutes to reset the elevator and get the men down.,False,,,,train_candidate
msha_006036,msha,permanent_impairment,02,PERM TOT OR PERM PRTL DISABLTY,2009-03-22,2009,4102840,C,"STRIP, QUARY, OPEN PIT",HANDTOOLS (NONPOWERED),"Caught in, under or between a moving and a stationary object",Handling supplies or material,"HAND TOOLS,NONPOWERED,NEC",AMPUTATION OR ENUCLEATION,FINGER(S)/THUMB,81,1,Hand tools (not powered),True,2,"[""floor hand""]",True,False,"While drilling a water well, the injured floor hand was making a drillpipe connection. The injured employee did not wait for the other floor hand to get tongs completely around the pipe, he put his hand in a pinch point, the tongs were then latched. Injured employee had the tip of his left ring finger amputated.",56,"While drilling a water well, the injured floor hand was making a drillpipe connection. The injured employee did not wait for the other floor hand to get tongs completely around the pipe, he put his hand in a pinch point, the tongs were then latched. Injured employee had the tip of his left ring finger amputated.",False,,,,train_candidate
msha_006038,msha,no_injury_event,00,ACCIDENT ONLY,2024-12-10,2024,4105232,M,"STRIP, QUARY, OPEN PIT",POWERED HAULAGE,"Accident type, without injuries",NO VALUE FOUND,NO VALUE FOUND,NO VALUE FOUND,NO VALUE FOUND,,0,"Front-end loader, Tractor-shovel, Payloader, Highlift, Skip loader",False,0,[],False,False,"Employee was on a 988 loader cleaning in Secondary, not being aware of the surroundings. Employee hit the Transformer Electrical box with the bucket. No injuries/illness.",26,"Employee was on a 988 loader cleaning in Secondary, not being aware of the surroundings. Employee hit the Transformer Electrical box with the bucket. No injuries/illness.",False,,,,train_candidate
msha_006041,msha,no_injury_event,00,ACCIDENT ONLY,2024-01-17,2024,4400045,M,"STRIP, QUARY, OPEN PIT",POWERED HAULAGE,"Accident type, without injuries",NO VALUE FOUND,NO VALUE FOUND,NO VALUE FOUND,NO VALUE FOUND,,0,Ore haulage trucks - off highway trucks,False,0,[],False,False,A miner was involved in an accident while operating a CAT 777D haul truck that resulted in the truck being turned on it's side. No injuries were reported.,28,A miner was involved in an accident while operating a CAT 777D haul truck that resulted in the truck being turned on it's side. No injuries were reported.,False,,,,train_candidate
msha_006046,msha,no_injury_event,00,ACCIDENT ONLY,2019-08-08,2019,4601544,C,SURFACE AT UNDERGROUND,HOISTING,"Accident type, without injuries",NO VALUE FOUND,NO VALUE FOUND,NO VALUE FOUND,NO VALUE FOUND,,0,"Elevator, Skip, Cage, Buckets, Mancage, Slope car ",False,0,[],False,False,A malfunction of the slope car motor occurred. All workers were withdrawn from the mine. No injuries occurred during this event. The primary and secondary escapeways were both still available. The motor was changed and the car restored to service at approximately 8:00 pm on 8/9/19.,46,A malfunction of the slope car motor occurred. All workers were withdrawn from the mine. No injuries occurred during this event. The primary and secondary escapeways were both still available. The motor was changed and the car restored to service at approximately 8:00 pm on 8/9/19.,False,,,,train_candidate
msha_006049,msha,no_injury_event,00,ACCIDENT ONLY,2023-03-08,2023,4608878,C,SURFACE AT UNDERGROUND,HOISTING,"Accident type, without injuries",NO VALUE FOUND,NO VALUE FOUND,NO VALUE FOUND,NO VALUE FOUND,,0,"Elevator, Skip, Cage, Buckets, Mancage, Slope car ",False,0,[],False,False,"The emergency hoist went into fault mode due to a malfunctioning lightning arrestor. The arrestor was changed, and the hoist was back operational.",23,"The emergency hoist went into fault mode due to a malfunctioning lightning arrestor. The arrestor was changed, and the hoist was back operational.",False,,,,train_candidate
msha_006050,msha,permanent_impairment,02,PERM TOT OR PERM PRTL DISABLTY,2024-01-16,2024,4700119,M,MILL OPERATION/PREPARATION PLANT,POWERED HAULAGE,"Caught in, under or between running or meshing objects",Hand tools (not powered),BELT CONVEYORS,AMPUTATION OR ENUCLEATION,FINGER(S)/THUMB,148,1,"Conveyor, Belt feeder, Stage loader, Hopper shaker, Belt structure",False,0,[],True,False,"Employee called over radio that EE was hurt. When other employees came to area it was discovered 1) guard was not securely in place and had been removed 2) the equipment was running at full power ~400 fpm 3) broken shovel found in pit below, 4) right hand glove was discovered on grating, 5) torch was laying on grating Employee was missing EE's right thumb. Went to ER",68,"Employee called over radio that EE was hurt. When other employees came to area it was discovered 1) guard was not securely in place and had been removed 2) the equipment was running at full power ~400 fpm 3) broken shovel found in pit below, 4) right hand glove was discovered on grating, 5) torch was laying on grating Employee was missing EE's right thumb. Went to ER",False,,,,train_candidate
msha_006052,msha,no_injury_event,00,ACCIDENT ONLY,2024-12-16,2024,4800993,C,"STRIP, QUARY, OPEN PIT",FIRE,"Accident type, without injuries",NO VALUE FOUND,NO VALUE FOUND,NO VALUE FOUND,NO VALUE FOUND,,0,NO VALUE FOUND,False,0,[],False,False,"Operators noticed a spontaneous combustion ignition of coal in the Northwest Pit. We are currently in the process of getting equipment to the area, to bury the hot spot and will cover it to extinguish the hot spot. No flames visible but it is smoking.",45,"Operators noticed a spontaneous combustion ignition of coal in the Northwest Pit. We are currently in the process of getting equipment to the area, to bury the hot spot and will cover it to extinguish the hot spot. No flames visible but it is smoking.",False,,,,train_candidate
msha_006053,msha,no_injury_event,00,ACCIDENT ONLY,2022-08-15,2022,4801200,C,"STRIP, QUARY, OPEN PIT",FIRE,"Accident type, without injuries",NO VALUE FOUND,NO VALUE FOUND,NO VALUE FOUND,NO VALUE FOUND,,0,NO VALUE FOUND,False,0,[],False,False,"Hot and dry conditions, coal spontaneously will combust and the fire wasn't put out with in the 30 minutes. Fire was put out within an hour.",26,"Hot and dry conditions, coal spontaneously will combust and the fire wasn't put out with in the 30 minutes. Fire was put out within an hour.",False,,,,train_candidate
msha_006056,msha,permanent_impairment,02,PERM TOT OR PERM PRTL DISABLTY,2022-11-19,2022,5001545,M,"STRIP, QUARY, OPEN PIT",HANDLING OF MATERIALS,Fall onto or against objects,Machine maintenance,WRENCH,AMPUTATION OR ENUCLEATION,FINGER(S)/THUMB,0,1,Hand tools (not powered),False,0,[],True,False,While removing locking bar spacer blocks from the filter press employee caught respirator on a hydraulic hose then slipped and fell. Employee was holding a large wrench which smashed fingers between the wrench and the pan doors of the filter press.,41,While removing locking bar spacer blocks from the filter press employee caught respirator on a hydraulic hose then slipped and fell. Employee was holding a large wrench which smashed fingers between the wrench and the pan doors of the filter press.,False,,,,train_candidate
msha_006058,msha,no_injury_event,00,ACCIDENT ONLY,2023-10-22,2023,0100758,C,MILL OPERATION/PREPARATION PLANT,FIRE,"Accident type, without injuries",NO VALUE FOUND,NO VALUE FOUND,NO VALUE FOUND,NO VALUE FOUND,,0,NO VALUE FOUND,False,0,[],False,False,We were notified by the local fire department of a fire on the idle property. After investigation it appears that trespassers started a fire and it spread into the nearby woods. The local fire department and the Forestry Commission extinguished the fire. No company structures were harmed. MSHA was notified and investigated the incident.,54,We were notified by the local fire department of a fire on the idle property. After investigation it appears that trespassers started a fire and it spread into the nearby woods. The local fire department and the Forestry Commission extinguished the fire. No company structures were harmed. MSHA was notified and investigated the incident.,False,,,,train_candidate
msha_006059,msha,no_injury_event,00,ACCIDENT ONLY,2022-06-21,2022,0100851,C,SURFACE AT UNDERGROUND,HOISTING,"Accident type, without injuries",NO VALUE FOUND,NO VALUE FOUND,NO VALUE FOUND,NO VALUE FOUND,,0,"Elevator, Skip, Cage, Buckets, Mancage, Slope car ",False,0,[],False,False,"The SP Material Hoist was taken out of service to replace a contactor on the brake actuator. The parts were replaced, the hoist was tested, and the hoist was placed back into service. MSHA was notified via the hotline.",39,"The SP Material Hoist was taken out of service to replace a contactor on the brake actuator. The parts were replaced, the hoist was tested, and the hoist was placed back into service. MSHA was notified via the hotline.",False,,,,train_candidate
msha_006060,msha,no_injury_event,00,ACCIDENT ONLY,2022-07-27,2022,0100851,C,SURFACE AT UNDERGROUND,HOISTING,"Accident type, without injuries",NO VALUE FOUND,NO VALUE FOUND,NO VALUE FOUND,NO VALUE FOUND,,0,"Elevator, Skip, Cage, Buckets, Mancage, Slope car ",False,0,[],False,False,The SP Material Hoist was taken out of service to shorten the rope and change the 2 axles on the car. The hoist was tested and placed back into service. MSHA was notified via the hotline.,36,The SP Material Hoist was taken out of service to shorten the rope and change the 2 axles on the car. The hoist was tested and placed back into service. MSHA was notified via the hotline.,False,,,,train_candidate
msha_006061,msha,no_injury_event,00,ACCIDENT ONLY,2022-12-16,2022,0100851,C,SURFACE AT UNDERGROUND,HOISTING,"Accident type, without injuries",NO VALUE FOUND,NO VALUE FOUND,NO VALUE FOUND,NO VALUE FOUND,,0,"Elevator, Skip, Cage, Buckets, Mancage, Slope car ",False,0,[],False,False,"The SP Material Hoist was taken out of service to replace an axle. The axle will be changed, the hoist tested, and placed back into service. MSHA was notified via the hotline.",32,"The SP Material Hoist was taken out of service to replace an axle. The axle will be changed, the hoist tested, and placed back into service. MSHA was notified via the hotline.",False,,,,train_candidate
msha_006064,msha,no_injury_event,00,ACCIDENT ONLY,2023-02-16,2023,0102343,M,MILL OPERATION/PREPARATION PLANT,FIRE,"Accident type, without injuries",NO VALUE FOUND,NO VALUE FOUND,NO VALUE FOUND,NO VALUE FOUND,,0,"Elevator, Skip, Cage, Buckets, Mancage, Slope car ",False,0,[],False,False,"An electrical disturbance caused a partial power outage, which caused ID fans to stop and allowed hot gasses from the precalciner tower to contact solid alternative fuels within the bucket elevator.",31,"An electrical disturbance caused a partial power outage, which caused ID fans to stop and allowed hot gasses from the precalciner tower to contact solid alternative fuels within the bucket elevator.",False,,,,train_candidate
msha_006068,msha,permanent_impairment,02,PERM TOT OR PERM PRTL DISABLTY,2025-05-07,2025,0503672,C,UNDERGROUND,HANDLING OF MATERIALS,"Caught in, under or between a moving and a stationary object",Machine maintenance,"METAL,NEC(PIPE,WIRE,NAIL)",AMPUTATION OR ENUCLEATION,FINGER(S)/THUMB,1,1,NO VALUE FOUND,False,0,[],True,False,Ee was changing shock on belt scraper when scraper arm flipped up and contacted left index finger. Finger was amputated in surgery at 2nd knuckle.,25,Ee was changing shock on belt scraper when scraper arm flipped up and contacted left index finger. Finger was amputated in surgery at 2nd knuckle.,False,,,,train_candidate
msha_006076,msha,no_injury_event,00,ACCIDENT ONLY,2021-04-05,2021,1100786,M,MILL OPERATION/PREPARATION PLANT,FIRE,"Accident type, without injuries",NO VALUE FOUND,NO VALUE FOUND,NO VALUE FOUND,NO VALUE FOUND,,0,"Conveyor, Belt feeder, Stage loader, Hopper shaker, Belt structure",False,0,[],False,False,The control room received a stall alert on conveyor belt #60. The control room supervisor inspected the cause and observed that there was a fire in the tube that leads from the transfer tower to the clinker dome. Fire Department was contacted immediately.,43,The control room received a stall alert on conveyor belt #60. The control room supervisor inspected the cause and observed that there was a fire in the tube that leads from the transfer tower to the clinker dome. Fire Department was contacted immediately.,False,,,,train_candidate
msha_006081,msha,no_injury_event,00,ACCIDENT ONLY,2020-03-11,2020,1103143,C,MILL OPERATION/PREPARATION PLANT,FIRE,"Accident type, without injuries",NO VALUE FOUND,NO VALUE FOUND,NO VALUE FOUND,NO VALUE FOUND,,0,NO VALUE FOUND,False,0,[],False,False,Smoke was observed coming from the north side of raw coal pile located near the Prairie Eagle East Portal. Actions were taken to treat and remove the affected material.,29,Smoke was observed coming from the north side of raw coal pile located near the Prairie Eagle East Portal. Actions were taken to treat and remove the affected material.,False,,,,train_candidate
msha_006082,msha,no_injury_event,00,ACCIDENT ONLY,2026-03-10,2026,1103143,C,MILL OPERATION/PREPARATION PLANT,FIRE,"Accident type, without injuries",NO VALUE FOUND,NO VALUE FOUND,NO VALUE FOUND,NO VALUE FOUND,,0,NO VALUE FOUND,False,0,[],False,False,A hot spot occurred on the south side of the raw coal pile at the Prairie Eagle East Portal.,19,A hot spot occurred on the south side of the raw coal pile at the Prairie Eagle East Portal.,False,,,,train_candidate
msha_006089,msha,no_injury_event,00,ACCIDENT ONLY,2021-04-11,2021,1300194,M,MILL OPERATION/PREPARATION PLANT,FIRE,"Accident type, without injuries",NO VALUE FOUND,NO VALUE FOUND,NO VALUE FOUND,NO VALUE FOUND,,0,NO VALUE FOUND,False,0,[],False,False,Smoke from our electrical control house was reported to the Columbus Junction Fire Department at approximately 8:30 a.m. by a passing motorist. Cause of the fire was not determined by fire officials. The control house and all contents were destroyed.,40,Smoke from our electrical control house was reported to the Columbus Junction Fire Department at approximately 8:30 a.m. by a passing motorist. Cause of the fire was not determined by fire officials. The control house and all contents were destroyed.,False,,,,train_candidate
msha_006091,msha,no_injury_event,00,ACCIDENT ONLY,2024-08-04,2024,1302378,M,DREDGE,FIRE,"Accident type, without injuries",NO VALUE FOUND,NO VALUE FOUND,NO VALUE FOUND,NO VALUE FOUND,,0,NO VALUE FOUND,False,0,[],False,False,"The affected building is a 9-bay retail rental storage unit with 7 private renters. 2 of the bays are used by the operator- one as a wash bay and the 2nd one is primarily for storage of supplies unrelated to mining. It was Sunday, no mining activities were being conducted. The only EE on-site was in their office. No injuries. Report is being submitted to have citation terminated.",68,"The affected building is a 9-bay retail rental storage unit with 7 private renters. 2 of the bays are used by the operator- one as a wash bay and the 2nd one is primarily for storage of supplies unrelated to mining. It was Sunday, no mining activities were being conducted. The only EE on-site was in their office. No injuries. Report is being submitted to have citation terminated.",False,,,,train_candidate
msha_006106,msha,permanent_impairment,02,PERM TOT OR PERM PRTL DISABLTY,2025-11-05,2025,1800133,C,"STRIP, QUARY, OPEN PIT",HANDTOOLS (NONPOWERED),Struck by falling object,Machine maintenance,"METAL,NEC(PIPE,WIRE,NAIL)",AMPUTATION OR ENUCLEATION,FINGER(S)/THUMB,60,1,Hand tools (not powered),False,0,[],True,False,"Employee was helping mechanics install a hard bar on D11R. the mechanics had it strapped on each with nylon slings. Employee was given a wrench to hold pads in place, they elected to use their fingers not the wrench as they were putting the bar into place one of the straps tore. Causing employee to loose 3 fingers.",58,"Employee was helping mechanics install a hard bar on D11R. the mechanics had it strapped on each with nylon slings. Employee was given a wrench to hold pads in place, they elected to use their fingers not the wrench as they were putting the bar into place one of the straps tore. Causing employee to loose 3 fingers.",False,,,,train_candidate
msha_006116,msha,no_injury_event,00,ACCIDENT ONLY,2026-02-26,2026,2401950,C,SURFACE AT UNDERGROUND,FIRE,"Accident type, without injuries",NO VALUE FOUND,NO VALUE FOUND,NO VALUE FOUND,NO VALUE FOUND,,0,NO VALUE FOUND,False,0,[],False,False,"At approximately 3:00 a fire was reported off mine property, early morning on the 2/27/2026 the fire was on a remote section of the mine property, there was no lost of production, no damage to any buildings, no injury's. The fire was out on 3/1/2026.",45,"At approximately 3:00 a fire was reported off mine property, early morning on the 2/27/2026 the fire was on a remote section of the mine property, there was no lost of production, no damage to any buildings, no injury's. The fire was out on 3/1/2026.",False,,,,train_candidate
msha_006121,msha,no_injury_event,00,ACCIDENT ONLY,2023-12-30,2023,2602674,M,MILL OPERATION/PREPARATION PLANT,FIRE,"Accident type, without injuries",NO VALUE FOUND,NO VALUE FOUND,NO VALUE FOUND,NO VALUE FOUND,,0,"Milling machinery, Block press, Ballast machine",False,0,[],False,False,Operator was in the process of unplugging 604 sump when they saw flames coming from the roof of boiler #2. Fire stayed contained to the metal roof and did not damage the surrounding area.,34,Operator was in the process of unplugging 604 sump when they saw flames coming from the roof of boiler #2. Fire stayed contained to the metal roof and did not damage the surrounding area.,False,,,,train_candidate
msha_006122,msha,no_injury_event,00,ACCIDENT ONLY,2022-11-16,2022,2602711,M,SURFACE AT UNDERGROUND,HOISTING,"Accident type, without injuries",NO VALUE FOUND,NO VALUE FOUND,NO VALUE FOUND,NO VALUE FOUND,,0,"Elevator, Skip, Cage, Buckets, Mancage, Slope car ",False,0,[],False,False,"While dumping in the south scrolls the #2 skip became lodged. The hoist continued to move, attempting to lower the skip from the dump position and spooled out 365 feet of rope before the equipment was stopped.",37,"While dumping in the south scrolls the #2 skip became lodged. The hoist continued to move, attempting to lower the skip from the dump position and spooled out 365 feet of rope before the equipment was stopped.",False,,,,train_candidate
msha_006147,msha,fatal,01,FATALITY,2023-12-14,2023,4201452,M,"STRIP, QUARY, OPEN PIT",MACHINERY,Struck by falling object,"Walking, Running","FORKLIFTS,STACKERS,TRCTR",MULTIPLE INJURIES,"HEAD,NEC",,1,"Forklift, Plant cat, Telehandler, Hyster, Lift truck, Skid steer ",False,0,[],True,True,"Ee started the day and had worked at the shop located in lehi, utah for the majority of ee's whole shift. There were materials that needed to be taken to our crew to continue working. Ee drove to the worksite. While ee was there, ee was walking and while walking ee was struck by the forks of a peice of equipment that fell over, which resulted in ee's life ending.",70,"Ee started the day and had worked at the shop located in lehi, utah for the majority of ee's whole shift. There were materials that needed to be taken to our crew to continue working. Ee drove to the worksite. While ee was there, ee was walking and while walking ee was struck by the forks of a peice of equipment that fell over, which resulted in ee's life ending.",False,,,,train_candidate
msha_006151,msha,permanent_impairment,02,PERM TOT OR PERM PRTL DISABLTY,2025-11-11,2025,4500939,M,MILL OPERATION/PREPARATION PLANT,MACHINERY,"Caught in, under or between running or meshing objects",Machine maintenance,"MACHINE-MILL,CLEANING PLT",AMPUTATION OR ENUCLEATION,FINGER(S)/THUMB,,1,"Packaging machine, Bagger, Sewing machine, Palletizer",False,0,[],True,False,"2 employees were working on a palletizer, but only one of them had it locked out. When the locked out employee was done, they asked the other employee if they were clear, and heard ""yes"". The other employee was still working, and when the machine was started, their right hand was caught, amputating the index finger, and degloving the middle finger.",61,"2 employees were working on a palletizer, but only one of them had it locked out. When the locked out employee was done, they asked the other employee if they were clear, and heard ""yes"". The other employee was still working, and when the machine was started, their right hand was caught, amputating the index finger, and degloving the middle finger.",False,,,,train_candidate
msha_006157,msha,no_injury_event,00,ACCIDENT ONLY,2023-12-29,2023,4606188,C,MILL OPERATION/PREPARATION PLANT,FIRE,"Accident type, without injuries",NO VALUE FOUND,NO VALUE FOUND,NO VALUE FOUND,NO VALUE FOUND,,0,NO VALUE FOUND,False,0,[],False,False,A non-injury fire was discovered at the Rebuild Shop located near the Chess Processing Plant resulting in minor property damage. Local fire department was dispatched and put out fire.,29,A non-injury fire was discovered at the Rebuild Shop located near the Chess Processing Plant resulting in minor property damage. Local fire department was dispatched and put out fire.,False,,,,train_candidate
msha_006163,msha,no_injury_event,00,ACCIDENT ONLY,2021-11-24,2021,4800977,C,"STRIP, QUARY, OPEN PIT",FIRE,"Accident type, without injuries",NO VALUE FOUND,NO VALUE FOUND,NO VALUE FOUND,NO VALUE FOUND,,0,NO VALUE FOUND,False,0,[],False,False,A section of coal wall was found burning in an area of the pit that was not being mined. The fire started from spontaneous combustion and was spread by wind conditions. The fire could not be extinguished in 30 minutes due to the need to move equipment into the area to create access and attack the fire.,57,A section of coal wall was found burning in an area of the pit that was not being mined. The fire started from spontaneous combustion and was spread by wind conditions. The fire could not be extinguished in 30 minutes due to the need to move equipment into the area to create access and attack the fire.,False,,,,train_candidate
msha_006164,msha,no_injury_event,00,ACCIDENT ONLY,2020-11-09,2020,4800993,C,"STRIP, QUARY, OPEN PIT",FIRE,"Accident type, without injuries",NO VALUE FOUND,NO VALUE FOUND,NO VALUE FOUND,NO VALUE FOUND,,0,NO VALUE FOUND,False,0,[],False,False,"Spontaneous combustion of coal in SW pit, will take time to get equipment in area to push dirt and smother the fire.",22,"Spontaneous combustion of coal in SW pit, will take time to get equipment in area to push dirt and smother the fire.",False,,,,train_candidate
msha_006167,msha,no_injury_event,00,ACCIDENT ONLY,2019-11-21,2019,4801200,C,"STRIP, QUARY, OPEN PIT",FIRE,"Accident type, without injuries",NO VALUE FOUND,NO VALUE FOUND,NO VALUE FOUND,NO VALUE FOUND,,0,NO VALUE FOUND,False,0,[],False,False,A coal fire was started by high wind conditions and spontaneous combustion in the north high wall face. High wall is in an area that no active mining is going on at this time.,34,A coal fire was started by high wind conditions and spontaneous combustion in the north high wall face. High wall is in an area that no active mining is going on at this time.,False,,,,train_candidate
msha_006168,msha,no_injury_event,00,ACCIDENT ONLY,2024-05-10,2024,4801200,C,"STRIP, QUARY, OPEN PIT",FIRE,"Accident type, without injuries",NO VALUE FOUND,NO VALUE FOUND,NO VALUE FOUND,NO VALUE FOUND,,0,NO VALUE FOUND,False,0,[],False,False,We have a couple of smokers on our A seam and C Seams of coal. We are trying to get to them to put them out. Our pit is very muddy. We are going to bury them as soon as we get to them.,44,We have a couple of smokers on our A seam and C Seams of coal. We are trying to get to them to put them out. Our pit is very muddy. We are going to bury them as soon as we get to them.,False,,,,train_candidate
msha_006170,msha,no_injury_event,00,ACCIDENT ONLY,2021-02-28,2021,0100851,C,SURFACE AT UNDERGROUND,HOISTING,"Accident type, without injuries",NO VALUE FOUND,NO VALUE FOUND,NO VALUE FOUND,NO VALUE FOUND,,0,"Elevator, Skip, Cage, Buckets, Mancage, Slope car ",False,0,[],False,False,The SP Material Hoist was taken out of service for planned preventative maintenance. The hoist was tested and put back into service once maintenance was complete. MSHA was notified when the hoist was taken out of service and when it was placed back into service.,45,The SP Material Hoist was taken out of service for planned preventative maintenance. The hoist was tested and put back into service once maintenance was complete. MSHA was notified when the hoist was taken out of service and when it was placed back into service.,False,,,,train_candidate
msha_006171,msha,no_injury_event,00,ACCIDENT ONLY,2021-07-26,2021,0100851,C,SURFACE AT UNDERGROUND,HOISTING,"Accident type, without injuries",NO VALUE FOUND,NO VALUE FOUND,NO VALUE FOUND,NO VALUE FOUND,,0,"Elevator, Skip, Cage, Buckets, Mancage, Slope car ",False,0,[],False,False,"A spot was found in the SP Material Hoist rope by x-ray. The hoist was taken out of service, the rope shortened to remove the spot, tested, and placed back into service. MSHA was notified via the hotline, email to the FOS, and in person on site.",47,"A spot was found in the SP Material Hoist rope by x-ray. The hoist was taken out of service, the rope shortened to remove the spot, tested, and placed back into service. MSHA was notified via the hotline, email to the FOS, and in person on site.",False,,,,train_candidate
msha_006181,msha,no_injury_event,00,ACCIDENT ONLY,2022-12-13,2022,0504822,M,MILL OPERATION/PREPARATION PLANT,FIRE,"Accident type, without injuries",NO VALUE FOUND,NO VALUE FOUND,NO VALUE FOUND,NO VALUE FOUND,,0,NO VALUE FOUND,False,0,[],False,False,Built up shredded wood chips and tire chips that were left from previous work on rotary feeder (floor 5) caught fire. Damage consisted of electrical conduit and air regulators for the air line.,33,Built up shredded wood chips and tire chips that were left from previous work on rotary feeder (floor 5) caught fire. Damage consisted of electrical conduit and air regulators for the air line.,False,,,,train_candidate
msha_006184,msha,no_injury_event,00,ACCIDENT ONLY,2022-05-09,2022,0800931,M,"STRIP, QUARY, OPEN PIT",ELECTRICAL,"Accident type, without injuries",NO VALUE FOUND,NO VALUE FOUND,NO VALUE FOUND,NO VALUE FOUND,,0,NO VALUE FOUND,False,0,[],False,False,A balloon got caught on the overhead power lines on the south side of belt Y34 and the east side of the turnpike road creating an arc that caused vegetation to catch on fire,34,A balloon got caught on the overhead power lines on the south side of belt Y34 and the east side of the turnpike road creating an arc that caused vegetation to catch on fire,False,,,,train_candidate
msha_006192,msha,no_injury_event,00,ACCIDENT ONLY,2019-01-20,2019,1000082,M,SURFACE AT UNDERGROUND,HOISTING,"Accident type, without injuries",NO VALUE FOUND,NO VALUE FOUND,NO VALUE FOUND,NO VALUE FOUND,,0,"Elevator, Skip, Cage, Buckets, Mancage, Slope car ",False,0,[],False,False,Heavy wet snow caused tree limbs to fall and trip out power line coming to mine. No. 3 Hoist down from 10:30 PM January 20th to 12:45 AM January 21st.,30,Heavy wet snow caused tree limbs to fall and trip out power line coming to mine. No. 3 Hoist down from 10:30 PM January 20th to 12:45 AM January 21st.,False,,,,train_candidate
msha_006193,msha,no_injury_event,00,ACCIDENT ONLY,2019-03-31,2019,1000082,M,SURFACE AT UNDERGROUND,HOISTING,"Accident type, without injuries",NO VALUE FOUND,NO VALUE FOUND,NO VALUE FOUND,NO VALUE FOUND,,0,"Elevator, Skip, Cage, Buckets, Mancage, Slope car ",False,0,[],False,False,"No. 3 Hoist, pull muck off 5200 halfway up shaft hoist slowed down from 1700 to 500 FPM, computer gave pinion brake supply pressure fault. Found loose connection on pinion brake supply pressure transducer.",34,"No. 3 Hoist, pull muck off 5200 halfway up shaft hoist slowed down from 1700 to 500 FPM, computer gave pinion brake supply pressure fault. Found loose connection on pinion brake supply pressure transducer.",False,,,,train_candidate
msha_006194,msha,no_injury_event,00,ACCIDENT ONLY,2020-03-09,2020,1000082,M,SURFACE AT UNDERGROUND,HOISTING,"Accident type, without injuries",NO VALUE FOUND,NO VALUE FOUND,NO VALUE FOUND,NO VALUE FOUND,,0,"Elevator, Skip, Cage, Buckets, Mancage, Slope car ",False,0,[],False,False,"Coeur Hoist, when operating hoist, hoistman noticed had no dynamic braking. Basement electrical room the primary switch was found to be in the closed position. Crews were stood down during investigation.",31,"Coeur Hoist, when operating hoist, hoistman noticed had no dynamic braking. Basement electrical room the primary switch was found to be in the closed position. Crews were stood down during investigation.",False,,,,train_candidate
msha_006196,msha,no_injury_event,00,ACCIDENT ONLY,2023-09-24,2023,1000088,M,SURFACE AT UNDERGROUND,HOISTING,"Accident type, without injuries",NO VALUE FOUND,NO VALUE FOUND,NO VALUE FOUND,NO VALUE FOUND,,0,"Elevator, Skip, Cage, Buckets, Mancage, Slope car ",False,0,[],False,False,"It was determined that the YA1 converter breaker was defective and needed to be replaced. After consulting with ABB's drive specialists and changing out the breaker, the service hoist was tested multiple times without any erroneous YA1 faults and was deemed back in good operation.",45,"It was determined that the YA1 converter breaker was defective and needed to be replaced. After consulting with ABB's drive specialists and changing out the breaker, the service hoist was tested multiple times without any erroneous YA1 faults and was deemed back in good operation.",False,,,,train_candidate
msha_006197,msha,no_injury_event,00,ACCIDENT ONLY,2025-04-28,2025,1000088,M,SURFACE AT UNDERGROUND,HOISTING,"Accident type, without injuries",NO VALUE FOUND,NO VALUE FOUND,NO VALUE FOUND,NO VALUE FOUND,,0,"Elevator, Skip, Cage, Buckets, Mancage, Slope car ",False,0,[],False,False,The hoist tripped due to the gap on the right brake stand-2 upper caliper was detected on the hoist control system to be outside of tolerance at 2mm. The gap was checked and adjusted to 0mm at which time the hoist was reset and back operational. The Silver Shaft Hoist (primary) and 2 Shaft hoist (secondary) were operational throughout.,59,The hoist tripped due to the gap on the right brake stand-2 upper caliper was detected on the hoist control system to be outside of tolerance at 2mm. The gap was checked and adjusted to 0mm at which time the hoist was reset and back operational. The Silver Shaft Hoist (primary) and 2 Shaft hoist (secondary) were operational throughout.,False,,,,train_candidate
msha_006198,msha,no_injury_event,00,ACCIDENT ONLY,2021-07-13,2021,1002221,M,"STRIP, QUARY, OPEN PIT",ELECTRICAL,"Accident type, without injuries",NO VALUE FOUND,NO VALUE FOUND,NO VALUE FOUND,NO VALUE FOUND,,0,NO VALUE FOUND,False,0,[],False,False,"Lightning caused forest fire (Mud Lick Fire), Reported via MSHA hotline on 7/13/21 - fire had not advanced to mine site. US Forest Service issued evacuation order due to smoke and fire approaching mine permit boundary on 7/15/21. Follow-up MSHA Hotline Call provided on 7/15/21 due to Evac Order. No injuries, all site personnel safely evacuated.",56,"Lightning caused forest fire (Mud Lick Fire), Reported via MSHA hotline on 7/13/21 - fire had not advanced to mine site. US Forest Service issued evacuation order due to smoke and fire approaching mine permit boundary on 7/15/21. Follow-up MSHA Hotline Call provided on 7/15/21 due to Evac Order. No injuries, all site personnel safely evacuated.",False,,,,train_candidate
msha_006219,msha,no_injury_event,00,ACCIDENT ONLY,2022-09-23,2022,1600970,M,UNDERGROUND,FIRE,"Accident type, without injuries",NO VALUE FOUND,NO VALUE FOUND,NO VALUE FOUND,NO VALUE FOUND,,0,"Front-end loader, Tractor-shovel, Payloader, Highlift, Skip loader",False,0,[],False,False,Number 7-938 Loader caught fire while parked in E9 room on the 1400. The mine was evacuated safely and no injuries.,21,Number 7-938 Loader caught fire while parked in E9 room on the 1400. The mine was evacuated safely and no injuries.,False,,,,train_candidate
msha_006220,msha,no_injury_event,00,ACCIDENT ONLY,2020-12-08,2020,1601031,C,OFFICE WORKERS AT MINE SITE,FIRE,"Accident type, without injuries",NO VALUE FOUND,NO VALUE FOUND,NO VALUE FOUND,NO VALUE FOUND,,0,NO VALUE FOUND,False,0,[],False,False,"Per the Dolet Hills incident report, an employee of the Dolet Hills Safety Dept was notified of the fire at approximately 03:00a.m. MSHA was called at 03:13 a.m. Per their incident report, the fire was extinguished at 03:36 a.m. The truck which caught fire was operated by a trucking co.",50,"Per the Dolet Hills incident report, an employee of the Dolet Hills Safety Dept was notified of the fire at approximately 03:00a.m. MSHA was called at 03:13 a.m. Per their incident report, the fire was extinguished at 03:36 a.m. The truck which caught fire was operated by a trucking co.",False,,,,train_candidate
msha_006225,msha,no_injury_event,00,ACCIDENT ONLY,2021-12-17,2021,2401490,M,SURFACE AT UNDERGROUND,FIRE,"Accident type, without injuries",NO VALUE FOUND,NO VALUE FOUND,NO VALUE FOUND,NO VALUE FOUND,,0,NO VALUE FOUND,False,0,[],False,False,"It was reported to mine operations that one of the Westcon contractor job trailers was on fire. A call was placed to the MSHA hotline at 12:06 am to inform them of this incident. All Westcon contractor employees were off the mine site at time of incident, fire was extinguished by local fire departments and investigation began at daylight.",59,"It was reported to mine operations that one of the Westcon contractor job trailers was on fire. A call was placed to the MSHA hotline at 12:06 am to inform them of this incident. All Westcon contractor employees were off the mine site at time of incident, fire was extinguished by local fire departments and investigation began at daylight.",False,,,,train_candidate
msha_006226,msha,permanent_impairment,02,PERM TOT OR PERM PRTL DISABLTY,2023-10-16,2023,2600002,M,"STRIP, QUARY, OPEN PIT",POWERED HAULAGE,Struck against a moving object,"Utility truck, Water trucks","PASS CARS,PICKUP TRUCKS",HERNIA;RUPTURE,ABDOMEN/INTERNAL ORGANS,1,1,"Trucks, Service truck, Utility truck, Pickup, Water truck, Fuel truck",False,0,[],True,False,Was driving a water truck and hit a bump which jolted EE and caused a severe pain in the abdomen. Took to ER and was diagnosed with umbilical hernia and given one day off duty to rest.,37,Was driving a water truck and hit a bump which jolted EE and caused a severe pain in the abdomen. Took to ER and was diagnosed with umbilical hernia and given one day off duty to rest.,False,,,,train_candidate
msha_006228,msha,no_injury_event,00,ACCIDENT ONLY,2024-11-05,2024,2600680,M,MILL OPERATION/PREPARATION PLANT,FIRE,"Accident type, without injuries",NO VALUE FOUND,NO VALUE FOUND,NO VALUE FOUND,NO VALUE FOUND,,0,NO VALUE FOUND,False,0,[],False,False,"A burn pit was lit on Friday 11/1/2024 to burn pallets that are no longer usable. The fire was put out at the end of the day and fire watch was on the fire for 24 hours after the burn was over. On the following Monday more pallets were added, the next morning the new pallets caught fire from a left-over hot coal.",63,"A burn pit was lit on Friday 11/1/2024 to burn pallets that are no longer usable. The fire was put out at the end of the day and fire watch was on the fire for 24 hours after the burn was over. On the following Monday more pallets were added, the next morning the new pallets caught fire from a left-over hot coal.",False,,,,train_candidate
msha_006229,msha,no_injury_event,00,ACCIDENT ONLY,2025-07-26,2025,2601941,M,"STRIP, QUARY, OPEN PIT",MACHINERY,"Accident type, without injuries",NO VALUE FOUND,NO VALUE FOUND,NO VALUE FOUND,NO VALUE FOUND,,0,"Bulldozer, Dozer, Crawler tractor, Push cat",False,0,[],False,False,"Parked/unattended CAT D10 dozer was positioned on the coarse ore stockpile. The material beneath and around the dozer gave way, causing the machine to slide down into the coarse ore stockpile feeder area. At the time of the incident, no operator was in the cab, and no personnel were in the immediate vicinity of the sloughing event. No injuries reported.",60,"Parked/unattended CAT D10 dozer was positioned on the coarse ore stockpile. The material beneath and around the dozer gave way, causing the machine to slide down into the coarse ore stockpile feeder area. At the time of the incident, no operator was in the cab, and no personnel were in the immediate vicinity of the sloughing event. No injuries reported.",False,,,,train_candidate
msha_006239,msha,no_injury_event,00,ACCIDENT ONLY,2024-01-28,2024,3000663,M,SURFACE AT UNDERGROUND,HOISTING,"Accident type, without injuries",NO VALUE FOUND,NO VALUE FOUND,NO VALUE FOUND,NO VALUE FOUND,,0,"Elevator, Skip, Cage, Buckets, Mancage, Slope car ",False,0,[],False,False,'Dog' braking system cammed over and wedged in the dog boxes while performing test trips.,15,'Dog' braking system cammed over and wedged in the dog boxes while performing test trips.,False,,,,train_candidate
msha_006244,msha,no_injury_event,00,ACCIDENT ONLY,2019-05-13,2019,3304414,C,"STRIP, QUARY, OPEN PIT",FIRE,"Accident type, without injuries",NO VALUE FOUND,NO VALUE FOUND,NO VALUE FOUND,NO VALUE FOUND,,0,"Shovel, Power shovel, Backhoe, Trackhoe, Dragline - Big Muskie",False,0,[],False,False,"Operator was loading trucks and noticed that high idle quit working then am/fm radio quit then CB quit, when they looked back they saw smoke coming from the engine compartment and tried to shut the machine off. The wire going to the engine shut off had burnt into also so they could not shut it down. Operator got off the machine and walked away",64,"Operator was loading trucks and noticed that high idle quit working then am/fm radio quit then CB quit, when they looked back they saw smoke coming from the engine compartment and tried to shut the machine off. The wire going to the engine shut off had burnt into also so they could not shut it down. Operator got off the machine and walked away",False,,,,train_candidate
msha_006245,msha,fatal,01,FATALITY,2024-08-22,2024,3400050,M,"STRIP, QUARY, OPEN PIT",SLIP OR FALL OF PERSON,"Fall from scaffolds, walkways, platforms",Machine maintenance,GROUND,"UNCLASSIFIED,NOT DETERMED","HEAD, MULTIPLE PARTS",0,1,NO VALUE FOUND,False,0,[],True,True,"Employee fell through opening/hole in platform that had been removed, fell about 20 feet and received head trauma. Update: The employee passed away on 9/6/24.",25,"Employee fell through opening/hole in platform that had been removed, fell about 20 feet and received head trauma. Update: The employee passed away on 9/6/24.",False,,,,train_candidate
msha_006251,msha,no_injury_event,00,ACCIDENT ONLY,2025-06-20,2025,3608897,C,MILL OPERATION/PREPARATION PLANT,FIRE,"Accident type, without injuries",NO VALUE FOUND,NO VALUE FOUND,NO VALUE FOUND,NO VALUE FOUND,,0,NO VALUE FOUND,False,0,[],False,False,A fire occurred at the water treatment building near the ponds. The cause is unknown at this time. There were no injuries.,22,A fire occurred at the water treatment building near the ponds. The cause is unknown at this time. There were no injuries.,False,,,,train_candidate
msha_006258,msha,no_injury_event,00,ACCIDENT ONLY,2022-06-06,2022,4103164,C,"STRIP, QUARY, OPEN PIT",FIRE,"Accident type, without injuries",NO VALUE FOUND,NO VALUE FOUND,NO VALUE FOUND,NO VALUE FOUND,,0,NO VALUE FOUND,False,0,[],False,False,"The weather was hot and windy as employees were cutting and baling rolls of hay. No equipment was damaged, but 23.78 acres of grass & hay rolls were burned. We could not identify how the fire started. The fire had spread to two rolls of hay when the first employee noticed the fire. Several local fire departments helped put the fire out.",62,"The weather was hot and windy as employees were cutting and baling rolls of hay. No equipment was damaged, but 23.78 acres of grass & hay rolls were burned. We could not identify how the fire started. The fire had spread to two rolls of hay when the first employee noticed the fire. Several local fire departments helped put the fire out.",False,,,,train_candidate
msha_006259,msha,no_injury_event,00,ACCIDENT ONLY,2022-07-16,2022,4103164,C,"STRIP, QUARY, OPEN PIT",FIRE,"Accident type, without injuries",NO VALUE FOUND,NO VALUE FOUND,NO VALUE FOUND,NO VALUE FOUND,,0,NO VALUE FOUND,False,0,[],False,False,Area in mine is under a severe drought. XT0's Gail King compressor station was being routinely serviced which causes the flare stack to ignite. Oil and or debris is carried up the flare stack and ignited also. This burning debris lands on the dry grass and grass fire is started. The day was windy also.,55,Area in mine is under a severe drought. XT0's Gail King compressor station was being routinely serviced which causes the flare stack to ignite. Oil and or debris is carried up the flare stack and ignited also. This burning debris lands on the dry grass and grass fire is started. The day was windy also.,False,,,,train_candidate
msha_006267,msha,permanent_impairment,02,PERM TOT OR PERM PRTL DISABLTY,2022-08-29,2022,4407394,C,"STRIP, QUARY, OPEN PIT",HANDLING OF MATERIALS,"Caught in, under or between a moving and a stationary object",Handling supplies or material,"METAL,NEC(PIPE,WIRE,NAIL)",AMPUTATION OR ENUCLEATION,FINGER(S)/THUMB,0,1,NO VALUE FOUND,False,0,[],True,False,Foreman injured right ring finger while assisting a vendor unload 250 gallon tote of oil on 08/29/2022. Medical treatment given to injured meets criteria of 50.20.3. Foreman has metal cover on injured finger and flinger is currently bandaged and immobilized. The injured has made follow-up appointment with orthopedic surgeon.,49,Foreman injured right ring finger while assisting a vendor unload 250 gallon tote of oil on 08/29/2022. Medical treatment given to injured meets criteria of 50.20.3. Foreman has metal cover on injured finger and flinger is currently bandaged and immobilized. The injured has made follow-up appointment with orthopedic surgeon.,False,,,,train_candidate
msha_006279,msha,no_injury_event,00,ACCIDENT ONLY,2023-03-06,2023,4609345,C,"STRIP, QUARY, OPEN PIT",FIRE,"Accident type, without injuries",NO VALUE FOUND,NO VALUE FOUND,NO VALUE FOUND,NO VALUE FOUND,,0,"Front-end loader, Tractor-shovel, Payloader, Highlift, Skip loader",False,0,[],False,False,"A Loader had caught fire in the Williamson pit. while loading a rock truck. The operator got to safety off the machine before the loader had fully engulfed in flames. Miners were unable to extinguish the fire, so miners were removed from the area and area was blocked off. no injuries were reported.",53,"A Loader had caught fire in the Williamson pit. while loading a rock truck. The operator got to safety off the machine before the loader had fully engulfed in flames. Miners were unable to extinguish the fire, so miners were removed from the area and area was blocked off. no injuries were reported.",False,,,,train_candidate
msha_006280,msha,no_injury_event,00,ACCIDENT ONLY,2026-08-04,2026,4609345,C,"STRIP, QUARY, OPEN PIT",FIRE,"Accident type, without injuries",NO VALUE FOUND,NO VALUE FOUND,NO VALUE FOUND,NO VALUE FOUND,,0,"Trucks, Service truck, Utility truck, Pickup, Water truck, Fuel truck",False,0,[],False,False,Employee was driving lube truck LT#400 on #8 valley fill was going uphill smelled something hot when EE got to a level spot stopped truck and set park brake to investigate the smell and seen flame in the firewall area got EE's fire extinguisher and tried to extinguish the flame used 3 fire extinguishers and flame started back up then move to a safe location.,65,Employee was driving lube truck LT#400 on #8 valley fill was going uphill smelled something hot when EE got to a level spot stopped truck and set park brake to investigate the smell and seen flame in the firewall area got EE's fire extinguisher and tried to extinguish the flame used 3 fire extinguishers and flame started back up then move to a safe location.,False,,,,train_candidate
msha_006283,msha,no_injury_event,00,ACCIDENT ONLY,2021-02-14,2021,4800083,C,MILL OPERATION/PREPARATION PLANT,FIRE,"Accident type, without injuries",NO VALUE FOUND,NO VALUE FOUND,NO VALUE FOUND,NO VALUE FOUND,,0,NO VALUE FOUND,False,0,[],False,False,"Coal had built up in the cone/hopper of the truck load out of Silo #3. Changing weather conditions contributed to the spontaneous combustion of the coal in the hopper, causing the coal to burn. The fire burned for over an hour and was contained to the metal hopper/duct work. There was no damage to the hopper or duct work.",59,"Coal had built up in the cone/hopper of the truck load out of Silo #3. Changing weather conditions contributed to the spontaneous combustion of the coal in the hopper, causing the coal to burn. The fire burned for over an hour and was contained to the metal hopper/duct work. There was no damage to the hopper or duct work.",False,,,,train_candidate
msha_006286,msha,no_injury_event,00,ACCIDENT ONLY,2020-07-11,2020,4800977,C,"STRIP, QUARY, OPEN PIT",FIRE,"Accident type, without injuries",NO VALUE FOUND,NO VALUE FOUND,NO VALUE FOUND,NO VALUE FOUND,,0,NO VALUE FOUND,False,0,[],False,False,Smoke was discovered in the 5 1/2 West coal pit at the top of the coal face. The smoke could not be extinguished in 30 minutes. No miners or mining equipment were at risk during this event.,37,Smoke was discovered in the 5 1/2 West coal pit at the top of the coal face. The smoke could not be extinguished in 30 minutes. No miners or mining equipment were at risk during this event.,False,,,,train_candidate
msha_006287,msha,no_injury_event,00,ACCIDENT ONLY,2019-01-04,2019,4801034,C,"STRIP, QUARY, OPEN PIT",FIRE,"Accident type, without injuries",NO VALUE FOUND,NO VALUE FOUND,NO VALUE FOUND,NO VALUE FOUND,,0,NO VALUE FOUND,False,0,[],False,False,Minor amount of smoke was observed from spontaneous combustion of coal occurred in area 6.,15,Minor amount of smoke was observed from spontaneous combustion of coal occurred in area 6.,False,,,,train_candidate
msha_006294,msha,no_injury_event,00,ACCIDENT ONLY,2022-03-16,2022,0100851,C,SURFACE AT UNDERGROUND,HOISTING,"Accident type, without injuries",NO VALUE FOUND,NO VALUE FOUND,NO VALUE FOUND,NO VALUE FOUND,,0,"Elevator, Skip, Cage, Buckets, Mancage, Slope car ",False,0,[],False,False,The SP elevator was taken out of service for the elevator company to preform planned maintenance on the doors. The elevator was tested and placed back into service. MSHA was notified on site and via the hotline.,37,The SP elevator was taken out of service for the elevator company to preform planned maintenance on the doors. The elevator was tested and placed back into service. MSHA was notified on site and via the hotline.,False,,,,train_candidate
msha_006295,msha,no_injury_event,00,ACCIDENT ONLY,2022-10-05,2022,0100851,C,SURFACE AT UNDERGROUND,HOISTING,"Accident type, without injuries",NO VALUE FOUND,NO VALUE FOUND,NO VALUE FOUND,NO VALUE FOUND,,0,"Elevator, Skip, Cage, Buckets, Mancage, Slope car ",False,0,[],False,False,"The SP Material Hoist was taken out of service due to an issue with the brake system. The line was replaced, the brakes tested, motor changed, and the hoist was re-commissioned before being placed back into service. MSHA was notified via the hotline.",43,"The SP Material Hoist was taken out of service due to an issue with the brake system. The line was replaced, the brakes tested, motor changed, and the hoist was re-commissioned before being placed back into service. MSHA was notified via the hotline.",False,,,,train_candidate
msha_006302,msha,no_injury_event,00,ACCIDENT ONLY,2025-06-20,2025,0502962,C,"STRIP, QUARY, OPEN PIT",FIRE,"Accident type, without injuries",NO VALUE FOUND,NO VALUE FOUND,NO VALUE FOUND,NO VALUE FOUND,,0,NO VALUE FOUND,False,0,[],False,False,"On June 20, 2025, at approximately 1420, a wildland fire was discovered inside the mine permit boundary near a public utility powerline during high wind conditions. The fire was not extinguished within 30 minutes of discovery making this event immediately reportable to MSHA. No personnel, equipment or facilities were endangered by this event.",53,"On June 20, 2025, at approximately 1420, a wildland fire was discovered inside the mine permit boundary near a public utility powerline during high wind conditions. The fire was not extinguished within 30 minutes of discovery making this event immediately reportable to MSHA. No personnel, equipment or facilities were endangered by this event.",False,,,,train_candidate
msha_006305,msha,permanent_impairment,02,PERM TOT OR PERM PRTL DISABLTY,2023-10-03,2023,0801433,M,"STRIP, QUARY, OPEN PIT",MACHINERY,"Caught in, under or between running or meshing objects",Machine maintenance,"CHAIN,ROPE,CABLE-NT CONVY",AMPUTATION OR ENUCLEATION,FINGER(S)/THUMB,0,1,"Shovel, Power shovel, Backhoe, Trackhoe, Dragline - Big Muskie",False,0,[],True,False,"EE was assisting with a drag rope exchange when the tip of their left pinky finger became pinched by the tugger rope. Their fingertip was severed, requiring stitches.",28,"EE was assisting with a drag rope exchange when the tip of their left pinky finger became pinched by the tugger rope. Their fingertip was severed, requiring stitches.",False,,,,train_candidate
msha_006315,msha,fatal,01,FATALITY,2023-07-26,2023,1506264,M,SURFACE AT UNDERGROUND,POWERED HAULAGE,Fall from machine,Getting on or off equipment,"BLDG,STRUCT,BOAT,RAFT,NEC",MULTIPLE INJURIES,"HEAD,NEC",,1,"Trucks, Service truck, Utility truck, Pickup, Water truck, Fuel truck",False,0,[],True,True,Employee evacuated truck on mine ramp and hit head on ramp floor causing serious head injury. *EE died on 3/19/2024.,20,Employee evacuated truck on mine ramp and hit head on ramp floor causing serious head injury. *EE died on 3/19/2024.,False,,,,train_candidate
msha_006340,msha,no_injury_event,00,ACCIDENT ONLY,2020-07-27,2020,3000663,M,SURFACE AT UNDERGROUND,HOISTING,"Accident type, without injuries",NO VALUE FOUND,NO VALUE FOUND,NO VALUE FOUND,NO VALUE FOUND,,0,"Elevator, Skip, Cage, Buckets, Mancage, Slope car ",False,0,[],False,False,"Brake transducer, manifold failed. Manufacturer called to diagnose, changed out while evac took place out of the #2 skip. All miners were accounted for on surface at 4:40pm. 4:45pm #3 was back up and running, test trips performed, lowering of men back into mine was resumed.",46,"Brake transducer, manifold failed. Manufacturer called to diagnose, changed out while evac took place out of the #2 skip. All miners were accounted for on surface at 4:40pm. 4:45pm #3 was back up and running, test trips performed, lowering of men back into mine was resumed.",False,,,,train_candidate
msha_006341,msha,no_injury_event,00,ACCIDENT ONLY,2024-03-21,2024,3000663,M,SURFACE AT UNDERGROUND,HOISTING,"Accident type, without injuries",NO VALUE FOUND,NO VALUE FOUND,NO VALUE FOUND,NO VALUE FOUND,,0,"Elevator, Skip, Cage, Buckets, Mancage, Slope car ",False,0,[],False,False,"Bell line communication system was down due to corroded wire, shorting out. Electrician repaired and steps taken to prevent reoccurrence.",20,"Bell line communication system was down due to corroded wire, shorting out. Electrician repaired and steps taken to prevent reoccurrence.",False,,,,train_candidate
msha_006342,msha,no_injury_event,00,ACCIDENT ONLY,2019-08-26,2019,3200595,C,"STRIP, QUARY, OPEN PIT",FIRE,"Accident type, without injuries",NO VALUE FOUND,NO VALUE FOUND,NO VALUE FOUND,NO VALUE FOUND,,0,Ore haulage trucks - off highway trucks,False,0,[],False,False,"A mechanical failure of a drive-line on a Kress coal hauler caused damage to oil lines which started a fire in the rear of the truck. The ""One Call"" was made for the 30 min. fire qualification. The truck operator was not exposed to any injury as EE exited the truck off the front and remained clear. Emergency procedures extinguished the fire with no injuries to any personnel.",68,"A mechanical failure of a drive-line on a Kress coal hauler caused damage to oil lines which started a fire in the rear of the truck. The ""One Call"" was made for the 30 min. fire qualification. The truck operator was not exposed to any injury as EE exited the truck off the front and remained clear. Emergency procedures extinguished the fire with no injuries to any personnel.",False,,,,train_candidate
msha_006351,msha,no_injury_event,00,ACCIDENT ONLY,2022-07-29,2022,3609548,C,"STRIP, QUARY, OPEN PIT",FIRE,"Accident type, without injuries",NO VALUE FOUND,NO VALUE FOUND,NO VALUE FOUND,NO VALUE FOUND,,0,Ore haulage trucks - off highway trucks,False,0,[],False,False,The haul truck suffered an engine failure which caused an outer piece of the lower engine block to blow apart. The hole opening in the block caused motor oil to spray around the outside of the engine and the hot turbo causing an ignition. The fire caused extensive damage to the operators compartment and engine.,55,The haul truck suffered an engine failure which caused an outer piece of the lower engine block to blow apart. The hole opening in the block caused motor oil to spray around the outside of the engine and the hot turbo causing an ignition. The fire caused extensive damage to the operators compartment and engine.,False,,,,train_candidate
msha_006352,msha,permanent_impairment,02,PERM TOT OR PERM PRTL DISABLTY,2023-10-05,2023,3800600,M,"STRIP, QUARY, OPEN PIT",HANDLING OF MATERIALS,Struck by falling object,Handling supplies or material,"METAL,NEC(PIPE,WIRE,NAIL)",AMPUTATION OR ENUCLEATION,FOOT(NOT ANKLE/TOE)/TARSUS/METATARSUS,122,1,"Trucks, Service truck, Utility truck, Pickup, Water truck, Fuel truck",False,0,[],True,False,"6020B bucket pin (weighing about 1000lbs) fell off the back of the technician's truck striking them in the left foot. The pin was in a sling, but resting on the truck bumper when it slipped. Pin fell approximately 3 feet. Tech sustained a crush injury to their left foot.",49,"6020B bucket pin (weighing about 1000lbs) fell off the back of the technician's truck striking them in the left foot. The pin was in a sling, but resting on the truck bumper when it slipped. Pin fell approximately 3 feet. Tech sustained a crush injury to their left foot.",False,,,,train_candidate
msha_006356,msha,no_injury_event,00,ACCIDENT ONLY,2022-02-04,2022,4103190,M,MILL OPERATION/PREPARATION PLANT,FIRE,"Accident type, without injuries",NO VALUE FOUND,NO VALUE FOUND,NO VALUE FOUND,NO VALUE FOUND,,0,NO VALUE FOUND,False,0,[],False,False,"Winter storm caused the water pipe to freeze that is located on the exterior wall. EE used a propane pear torch burner to thaw the metal water pipe. EE returned the burner and upon EE return, noticed smoke coming from the lab. Extinguishers were used to put the fire out. It was around 38 minutes that all signs of fire was not present in the wall. No injuries or entrapments.",70,"Winter storm caused the water pipe to freeze that is located on the exterior wall. EE used a propane pear torch burner to thaw the metal water pipe. EE returned the burner and upon EE return, noticed smoke coming from the lab. Extinguishers were used to put the fire out. It was around 38 minutes that all signs of fire was not present in the wall. No injuries or entrapments.",False,,,,train_candidate
msha_006365,msha,no_injury_event,00,ACCIDENT ONLY,2019-05-01,2019,4601544,C,SURFACE AT UNDERGROUND,HOISTING,"Accident type, without injuries",NO VALUE FOUND,NO VALUE FOUND,NO VALUE FOUND,NO VALUE FOUND,,0,"Elevator, Skip, Cage, Buckets, Mancage, Slope car ",False,0,[],False,False,A non-injury event occurred when the slope car mechanically malfunctioned. Production was halted and men withdrawn from the face to effect repairs. Attempts to correct the malfunction were unsuccessful all personnel were removed from the mine until repairs are made. Both primary and alternate escapeways were available for use. NO PERSONS WERE INJURED DURING THIS EVENT.,56,A non-injury event occurred when the slope car mechanically malfunctioned. Production was halted and men withdrawn from the face to effect repairs. Attempts to correct the malfunction were unsuccessful all personnel were removed from the mine until repairs are made. Both primary and alternate escapeways were available for use. NO PERSONS WERE INJURED DURING THIS EVENT.,False,,,,train_candidate
msha_006372,msha,no_injury_event,00,ACCIDENT ONLY,2021-03-30,2021,4609475,C,"STRIP, QUARY, OPEN PIT",FIRE,"Accident type, without injuries",NO VALUE FOUND,NO VALUE FOUND,NO VALUE FOUND,NO VALUE FOUND,,0,"Shovel, Power shovel, Backhoe, Trackhoe, Dragline - Big Muskie",False,0,[],False,False,An unplanned fire occurred on an excavator. Attempts were made to extinguish the fire. Fire was reported to MSHA hotline within the legal time limits.,25,An unplanned fire occurred on an excavator. Attempts were made to extinguish the fire. Fire was reported to MSHA hotline within the legal time limits.,False,,,,train_candidate
msha_006377,msha,no_injury_event,00,ACCIDENT ONLY,2023-04-17,2023,4800977,C,"STRIP, QUARY, OPEN PIT",FIRE,"Accident type, without injuries",NO VALUE FOUND,NO VALUE FOUND,NO VALUE FOUND,NO VALUE FOUND,,0,NO VALUE FOUND,False,0,[],False,False,"A grass fire started along the railroad tracks, west of the mine pit. Firefighting personnel contained the fire within the 30-minute time frame, but total extinguishment took over 30 minutes.",30,"A grass fire started along the railroad tracks, west of the mine pit. Firefighting personnel contained the fire within the 30-minute time frame, but total extinguishment took over 30 minutes.",False,,,,train_candidate
msha_006380,msha,no_injury_event,00,ACCIDENT ONLY,2019-10-16,2019,4800993,C,"STRIP, QUARY, OPEN PIT",FIRE,"Accident type, without injuries",NO VALUE FOUND,NO VALUE FOUND,NO VALUE FOUND,NO VALUE FOUND,,0,NO VALUE FOUND,False,0,[],False,False,Spontaneous combustion smoker was found in the MW pit. Had to push dirt over the top of it. The area was buried at 10:00 am 10/17/2019.,26,Spontaneous combustion smoker was found in the MW pit. Had to push dirt over the top of it. The area was buried at 10:00 am 10/17/2019.,False,,,,train_candidate
msha_006381,msha,no_injury_event,00,ACCIDENT ONLY,2019-12-03,2019,4801034,C,"STRIP, QUARY, OPEN PIT",FIRE,"Accident type, without injuries",NO VALUE FOUND,NO VALUE FOUND,NO VALUE FOUND,NO VALUE FOUND,,0,NO VALUE FOUND,False,0,[],False,False,Spontaneous Combustion Fire (smoker) was found in Area 0 at 9:00 am. Called in at 9:16 am. The smoker will take more than 30 minutes to bury with dirt. D-11 actively working to bury smoker.,35,Spontaneous Combustion Fire (smoker) was found in Area 0 at 9:00 am. Called in at 9:16 am. The smoker will take more than 30 minutes to bury with dirt. D-11 actively working to bury smoker.,False,,,,train_candidate
msha_006385,msha,permanent_impairment,02,PERM TOT OR PERM PRTL DISABLTY,2026-07-18,2026,5001642,M,SURFACE AT UNDERGROUND,HANDTOOLS (NONPOWERED),Struck by... NEC,Hand tools (not powered),"AXE,HAMMER,SLEDGE",AMPUTATION OR ENUCLEATION,FINGER(S)/THUMB,,1,Hand tools (not powered),False,0,[],True,False,"While hitting an impact driver with a hammer to dislodge frozen bolt, IP inadvertently hit end of left thumb against metal object. Dx: Partial left thumb tip amputation.",28,"While hitting an impact driver with a hammer to dislodge frozen bolt, IP inadvertently hit end of left thumb against metal object. Dx: Partial left thumb tip amputation.",False,,,,train_candidate
msha_006387,msha,no_injury_event,00,ACCIDENT ONLY,2021-04-26,2021,0100851,C,SURFACE AT UNDERGROUND,HOISTING,"Accident type, without injuries",NO VALUE FOUND,NO VALUE FOUND,NO VALUE FOUND,NO VALUE FOUND,,0,"Elevator, Skip, Cage, Buckets, Mancage, Slope car ",False,0,[],False,False,"Upon inspection of the South Portal Material Hoist cable before dropping a heavy piece of equipment a spot was found with a slight kink in the rope. The car was removed from service, the rope shortened, the hoist tested, and placed back into service. MSHA was notified via the hotline and in person at the mine at the time the spot was found.",63,"Upon inspection of the South Portal Material Hoist cable before dropping a heavy piece of equipment a spot was found with a slight kink in the rope. The car was removed from service, the rope shortened, the hoist tested, and placed back into service. MSHA was notified via the hotline and in person at the mine at the time the spot was found.",False,,,,train_candidate
msha_006393,msha,no_injury_event,00,ACCIDENT ONLY,2023-03-30,2023,0301586,M,"STRIP, QUARY, OPEN PIT",FIRE,"Accident type, without injuries",NO VALUE FOUND,NO VALUE FOUND,NO VALUE FOUND,NO VALUE FOUND,,0,"Front-end loader, Tractor-shovel, Payloader, Highlift, Skip loader",False,0,[],False,False,"Miner operating a front end loader loading material into haul trucks. During the process a fire sparked inside the engine compartment. Miner noticed fire, stopped loader and shut down the engine. Miner then evacuated to the ground and left the immediate area. The fire was isolated to the loader only. No other property damage occurred.",55,"Miner operating a front end loader loading material into haul trucks. During the process a fire sparked inside the engine compartment. Miner noticed fire, stopped loader and shut down the engine. Miner then evacuated to the ground and left the immediate area. The fire was isolated to the loader only. No other property damage occurred.",False,,,,train_candidate
msha_006405,msha,no_injury_event,00,ACCIDENT ONLY,2020-10-29,2020,1000088,M,SURFACE AT UNDERGROUND,HOISTING,"Accident type, without injuries",NO VALUE FOUND,NO VALUE FOUND,NO VALUE FOUND,NO VALUE FOUND,,0,"Elevator, Skip, Cage, Buckets, Mancage, Slope car ",False,0,[],False,False,We lost the control input to the main breaker on the drive for the hoist. The breaker would not close when required.,22,We lost the control input to the main breaker on the drive for the hoist. The breaker would not close when required.,False,,,,train_candidate
msha_006406,msha,no_injury_event,00,ACCIDENT ONLY,2026-03-12,2026,1000088,M,SURFACE AT UNDERGROUND,HOISTING,"Accident type, without injuries",NO VALUE FOUND,NO VALUE FOUND,NO VALUE FOUND,NO VALUE FOUND,,0,"Elevator, Skip, Cage, Buckets, Mancage, Slope car ",False,0,[],False,False,The mine experienced a weather event that created a power outage which took the hoists down.,16,The mine experienced a weather event that created a power outage which took the hoists down.,False,,,,train_candidate
msha_006408,msha,permanent_impairment,02,PERM TOT OR PERM PRTL DISABLTY,2023-12-22,2023,1101016,M,MILL OPERATION/PREPARATION PLANT,HANDLING OF MATERIALS,Over-exertion in lifting objects,Machine maintenance,"METAL,NEC(PIPE,WIRE,NAIL)",HERNIA;RUPTURE,ABDOMEN/INTERNAL ORGANS,,1,NO VALUE FOUND,False,0,[],True,False,"Employee was installing a jib arm on top of old rotex elevators. Employee was lifting jib arm from waist level to overhead. Employee was using team lift. While lifting employee felt pain in abdomen. Employee is scheduled for surgery on March 5, 2024 to repair hernia. Employee has been working since accident on light duty.",55,"Employee was installing a jib arm on top of old rotex elevators. Employee was lifting jib arm from waist level to overhead. Employee was using team lift. While lifting employee felt pain in abdomen. Employee is scheduled for surgery on March 5, 2024 to repair hernia. Employee has been working since accident on light duty.",False,,,,train_candidate
msha_006409,msha,no_injury_event,00,ACCIDENT ONLY,2023-09-20,2023,1103045,C,MILL OPERATION/PREPARATION PLANT,FIRE,"Accident type, without injuries",NO VALUE FOUND,NO VALUE FOUND,NO VALUE FOUND,NO VALUE FOUND,,0,NO VALUE FOUND,False,0,[],False,False,Hot spots were discovered on the gob disposal pad of the wash plant. No one was injured. Equipment is being used to haul the material to another location on the property to extinguish.,33,Hot spots were discovered on the gob disposal pad of the wash plant. No one was injured. Equipment is being used to haul the material to another location on the property to extinguish.,False,,,,train_candidate
msha_006410,msha,no_injury_event,00,ACCIDENT ONLY,2022-07-11,2022,1103189,C,SURFACE AT UNDERGROUND,HOISTING,"Accident type, without injuries",NO VALUE FOUND,NO VALUE FOUND,NO VALUE FOUND,NO VALUE FOUND,,0,"Elevator, Skip, Cage, Buckets, Mancage, Slope car ",False,0,[],False,False,"One of the four wire ropes that are associated with the main hoist failed, causing the hoist to be inoperable.",20,"One of the four wire ropes that are associated with the main hoist failed, causing the hoist to be inoperable.",False,,,,train_candidate
msha_006413,msha,no_injury_event,00,ACCIDENT ONLY,2026-03-10,2026,1507101,M,SURFACE AT UNDERGROUND,FIRE,"Accident type, without injuries",NO VALUE FOUND,NO VALUE FOUND,NO VALUE FOUND,NO VALUE FOUND,,0,NO VALUE FOUND,False,0,[],False,False,On 3/10/2026 6:30 p.m. management was made aware that the surface trash compactor storage container had material inside on fire. This metal container measures eight feet by 22 feet and is used to transport trash from the mine property to an offsite dump. MSHA was notified and the fire was extinguished. There was no damage to property or injury due to this incident.,63,On 3/10/2026 6:30 p.m. management was made aware that the surface trash compactor storage container had material inside on fire. This metal container measures eight feet by 22 feet and is used to transport trash from the mine property to an offsite dump. MSHA was notified and the fire was extinguished. There was no damage to property or injury due to this incident.,False,,,,train_candidate
msha_006437,msha,no_injury_event,00,ACCIDENT ONLY,2023-10-14,2023,3000663,M,SURFACE AT UNDERGROUND,HOISTING,"Accident type, without injuries",NO VALUE FOUND,NO VALUE FOUND,NO VALUE FOUND,NO VALUE FOUND,,0,"Elevator, Skip, Cage, Buckets, Mancage, Slope car ",False,0,[],False,False,"Scheduled replacement of the south guides in the #3 hoist headframe was occurring. The replacement could not be completed by then end of shift, thus making #3 not usable until install could be finished the next day. #4 and #2 hoists were still available. #3 was back in service on 10/15/23 at 3:30pm.",53,"Scheduled replacement of the south guides in the #3 hoist headframe was occurring. The replacement could not be completed by then end of shift, thus making #3 not usable until install could be finished the next day. #4 and #2 hoists were still available. #3 was back in service on 10/15/23 at 3:30pm.",False,,,,train_candidate
msha_006438,msha,no_injury_event,00,ACCIDENT ONLY,2023-04-12,2023,3003255,M,SURFACE AT UNDERGROUND,HOISTING,"Accident type, without injuries",NO VALUE FOUND,NO VALUE FOUND,NO VALUE FOUND,NO VALUE FOUND,,0,"Elevator, Skip, Cage, Buckets, Mancage, Slope car ",False,0,[],False,False,"The auxiliary cage in the service shaft was removed and a maintenance inspection took place on the cage. Several items were repaired. Being that this unit is the 2nd conveyance coming into and out of the mine, all personnel were removed from the mine. The cage was prepared and placed back in service on Friday, April 14, 2023.",58,"The auxiliary cage in the service shaft was removed and a maintenance inspection took place on the cage. Several items were repaired. Being that this unit is the 2nd conveyance coming into and out of the mine, all personnel were removed from the mine. The cage was prepared and placed back in service on Friday, April 14, 2023.",False,,,,train_candidate
msha_006442,msha,no_injury_event,00,ACCIDENT ONLY,2019-07-31,2019,3300965,C,"STRIP, QUARY, OPEN PIT",FIRE,"Accident type, without injuries",NO VALUE FOUND,NO VALUE FOUND,NO VALUE FOUND,NO VALUE FOUND,,0,"Bulldozer, Dozer, Crawler tractor, Push cat",False,0,[],False,False,"Operator was shoving dirt out with a D11T Bull Dozer and noticed smoke coming from engine compartment, EE jumped out and used the fire extinguisher on the fire but it was out of control so EE got off the machine and walked away.",43,"Operator was shoving dirt out with a D11T Bull Dozer and noticed smoke coming from engine compartment, EE jumped out and used the fire extinguisher on the fire but it was out of control so EE got off the machine and walked away.",False,,,,train_candidate
msha_006446,msha,no_injury_event,00,ACCIDENT ONLY,2024-08-07,2024,3304479,M,"STRIP, QUARY, OPEN PIT",FIRE,"Accident type, without injuries",NO VALUE FOUND,NO VALUE FOUND,NO VALUE FOUND,NO VALUE FOUND,,0,"Carriage-mounted drills, Rail, Rubber-tired, Jumbo, Air-track drill",True,2,"[""drill rig""]",False,False,Contractor drill rig caught fire. 2 extinguishers deployed. 911 called. Fire department extinguished.,13,Contractor drill rig caught fire. 2 extinguishers deployed. 911 called. Fire department extinguished.,False,,,,train_candidate
msha_006447,msha,no_injury_event,00,ACCIDENT ONLY,2023-05-31,2023,3304484,C,"STRIP, QUARY, OPEN PIT",FIRE,"Accident type, without injuries",NO VALUE FOUND,NO VALUE FOUND,NO VALUE FOUND,NO VALUE FOUND,,0,"Bulldozer, Dozer, Crawler tractor, Push cat",False,0,[],False,False,"Operator was backing down EE's ramp, a Hyd. hose must have broke close to the turbo on the engine causing a fire. operator shut the dozer off and hit the fire suppression system and exited the dozer unharmed.",38,"Operator was backing down EE's ramp, a Hyd. hose must have broke close to the turbo on the engine causing a fire. operator shut the dozer off and hit the fire suppression system and exited the dozer unharmed.",False,,,,train_candidate
msha_006449,msha,no_injury_event,00,ACCIDENT ONLY,2023-01-18,2023,3502968,M,DREDGE,FIRE,"Accident type, without injuries",NO VALUE FOUND,NO VALUE FOUND,NO VALUE FOUND,NO VALUE FOUND,,0,Dredge,False,0,[],False,False,An electrical fire in the MCC initiated upon startup of operational controls. Damage includes a total loss of MCC and appurtenant wiring/electrical systems. No persons were injured.,27,An electrical fire in the MCC initiated upon startup of operational controls. Damage includes a total loss of MCC and appurtenant wiring/electrical systems. No persons were injured.,False,,,,train_candidate
msha_006454,msha,permanent_impairment,02,PERM TOT OR PERM PRTL DISABLTY,2023-05-16,2023,4103197,M,DREDGE,POWERED HAULAGE,Struck by flying object,"Barge, Boat, Dredge","DRUM,PULY,SHEAVE-NT CONVY",AMPUTATION OR ENUCLEATION,FINGER(S)/THUMB,33,1,"Boats, Barges, Other water transportation",False,0,[],True,False,A section of pipe was being removed from the plant dredge. The pontoons have a hook for a sheave that holds the electric cable. They had the cable removed and hung 2 sheaves on the pontoon hook. When hitting the pontoon w/ the workboat to separate the pipe and rubber elbow one of the sheaves flew off crushing employee's left thumb while they sat in the workboat.,67,A section of pipe was being removed from the plant dredge. The pontoons have a hook for a sheave that holds the electric cable. They had the cable removed and hung 2 sheaves on the pontoon hook. When hitting the pontoon w/ the workboat to separate the pipe and rubber elbow one of the sheaves flew off crushing employee's left thumb while they sat in the workboat.,False,,,,train_candidate
msha_006455,msha,no_injury_event,00,ACCIDENT ONLY,2026-02-19,2026,4103599,M,"STRIP, QUARY, OPEN PIT",FIRE,"Accident type, without injuries",NO VALUE FOUND,NO VALUE FOUND,NO VALUE FOUND,NO VALUE FOUND,,0,NO VALUE FOUND,False,0,[],False,False,At 7:05am it was discovered that the wildfire originating off-property had spread onto the west and north boundary lines of the property. The fire did not result in any property damage or injuries to employees. Facility was able to reopen the following day.,43,At 7:05am it was discovered that the wildfire originating off-property had spread onto the west and north boundary lines of the property. The fire did not result in any property damage or injuries to employees. Facility was able to reopen the following day.,False,,,,train_candidate
msha_006469,msha,no_injury_event,00,ACCIDENT ONLY,2024-03-21,2024,4801200,C,"STRIP, QUARY, OPEN PIT",FIRE,"Accident type, without injuries",NO VALUE FOUND,NO VALUE FOUND,NO VALUE FOUND,NO VALUE FOUND,,0,NO VALUE FOUND,False,0,[],False,False,Coal fire that started from spontaneous combustion and wind in the north C 1-2 face.,15,Coal fire that started from spontaneous combustion and wind in the north C 1-2 face.,False,,,,train_candidate
msha_006472,msha,no_injury_event,00,ACCIDENT ONLY,2020-01-16,2020,0100851,C,SURFACE AT UNDERGROUND,HOISTING,"Accident type, without injuries",NO VALUE FOUND,NO VALUE FOUND,NO VALUE FOUND,NO VALUE FOUND,,0,"Elevator, Skip, Cage, Buckets, Mancage, Slope car ",False,0,[],False,False,The #7 Split Shaft was taken down to change the rope. This was a planned outage and called in before it was taken down. It was also called back in to the hotline when it was placed back into service.,40,The #7 Split Shaft was taken down to change the rope. This was a planned outage and called in before it was taken down. It was also called back in to the hotline when it was placed back into service.,False,,,,train_candidate
msha_006473,msha,no_injury_event,00,ACCIDENT ONLY,2022-03-07,2022,0100851,C,SURFACE AT UNDERGROUND,HOISTING,"Accident type, without injuries",NO VALUE FOUND,NO VALUE FOUND,NO VALUE FOUND,NO VALUE FOUND,,0,"Elevator, Skip, Cage, Buckets, Mancage, Slope car ",False,0,[],False,False,The SP Material Hoist was taken out of service for a planned outage. There was a section of cable removed. MSHA was notified at the time the hoist was taken out of service via the hotline. The hoist was tested and placed back into service.,45,The SP Material Hoist was taken out of service for a planned outage. There was a section of cable removed. MSHA was notified at the time the hoist was taken out of service via the hotline. The hoist was tested and placed back into service.,False,,,,train_candidate
msha_006475,msha,no_injury_event,00,ACCIDENT ONLY,2020-12-13,2020,0200024,M,MILL OPERATION/PREPARATION PLANT,FIRE,"Accident type, without injuries",NO VALUE FOUND,NO VALUE FOUND,NO VALUE FOUND,NO VALUE FOUND,,0,NO VALUE FOUND,False,0,[],False,False,Smoke was observed at the 23/25 barge pump area southwest of SX. The pump's water level was low and ran dry causing the pump to overheat and catch fire. The fire department was contacted to extinguish the fire.,38,Smoke was observed at the 23/25 barge pump area southwest of SX. The pump's water level was low and ran dry causing the pump to overheat and catch fire. The fire department was contacted to extinguish the fire.,False,,,,train_candidate
msha_006477,msha,permanent_impairment,02,PERM TOT OR PERM PRTL DISABLTY,2022-09-18,2022,0400743,M,MILL OPERATION/PREPARATION PLANT,MACHINERY,"Caught in, under or between a moving and a stationary object",Hand tools (powered),"HAND TOOLS,POWERED,NEC",AMPUTATION OR ENUCLEATION,FINGER(S)/THUMB,81,1,Hand tools (powered),False,0,[],True,False,The employee's index finger was caught between the impact gun and the rotating equipment. The employee lost the tip of their finger.,22,The employee's index finger was caught between the impact gun and the rotating equipment. The employee lost the tip of their finger.,False,,,,train_candidate
msha_006490,msha,no_injury_event,00,ACCIDENT ONLY,2026-06-02,2026,1200063,M,MILL OPERATION/PREPARATION PLANT,HOISTING,"Accident type, without injuries",NO VALUE FOUND,NO VALUE FOUND,NO VALUE FOUND,NO VALUE FOUND,,0,"Elevator, Skip, Cage, Buckets, Mancage, Slope car ",False,0,[],False,False,"One employee was stuck on a personal elevator between floors 6 & 7 for 55 minutes. Employee was able to get out, elevator company was called to come investigate and make repairs. Repairs were made on 6-4-2026. No injuries or illness.",41,"One employee was stuck on a personal elevator between floors 6 & 7 for 55 minutes. Employee was able to get out, elevator company was called to come investigate and make repairs. Repairs were made on 6-4-2026. No injuries or illness.",False,,,,train_candidate
msha_006491,msha,no_injury_event,00,ACCIDENT ONLY,2024-07-12,2024,1202388,C,SURFACE AT UNDERGROUND,HOISTING,"Accident type, without injuries",NO VALUE FOUND,NO VALUE FOUND,NO VALUE FOUND,NO VALUE FOUND,,0,"Elevator, Skip, Cage, Buckets, Mancage, Slope car ",False,0,[],False,False,"During the weekly hoist exam, a broken strand was discovered on the Man/Material cage hoist rope. The hoist was immediately removed from service and the condition was reported via phone call to the hotline at approximately 9:47am on 7/12/2024.",39,"During the weekly hoist exam, a broken strand was discovered on the Man/Material cage hoist rope. The hoist was immediately removed from service and the condition was reported via phone call to the hotline at approximately 9:47am on 7/12/2024.",False,,,,train_candidate
msha_006506,msha,permanent_impairment,02,PERM TOT OR PERM PRTL DISABLTY,2024-09-16,2024,2103403,M,"STRIP, QUARY, OPEN PIT",HANDLING OF MATERIALS,"Caught in, under or between a moving and a stationary object",Machine maintenance,METAL COVERS & GUARDS,AMPUTATION OR ENUCLEATION,FINGER(S)/THUMB,90,1,"Carriage-mounted drills, Rail, Rubber-tired, Jumbo, Air-track drill",False,0,[],True,False,Worker was working on installing a driveline on a DR412i equipment. One side was connected and the other end of the driveline fell. Worker's hands were trapped between driveline and pumps. Worker removed both hands after getting pinched adding to the injury. Worker climbed out of pump area and off the machine.,52,Worker was working on installing a driveline on a DR412i equipment. One side was connected and the other end of the driveline fell. Worker's hands were trapped between driveline and pumps. Worker removed both hands after getting pinched adding to the injury. Worker climbed out of pump area and off the machine.,False,,,,train_candidate
msha_006507,msha,no_injury_event,00,ACCIDENT ONLY,2024-06-07,2024,2103404,M,MILL OPERATION/PREPARATION PLANT,FIRE,"Accident type, without injuries",NO VALUE FOUND,NO VALUE FOUND,NO VALUE FOUND,NO VALUE FOUND,,0,"Shovel, Power shovel, Backhoe, Trackhoe, Dragline - Big Muskie",False,0,[],False,False,When first starting the unit at 7:15am a cloud of white smoke came out of the engine followed by a cloud of black smoke. Employee noticed the smoke and exited the excavator. The fire burned for 12 minutes before the local fire services arrived and put out the fire. No injuries or other equipment was involved.,56,When first starting the unit at 7:15am a cloud of white smoke came out of the engine followed by a cloud of black smoke. Employee noticed the smoke and exited the excavator. The fire burned for 12 minutes before the local fire services arrived and put out the fire. No injuries or other equipment was involved.,False,,,,train_candidate
msha_006510,msha,no_injury_event,00,ACCIDENT ONLY,2026-07-26,2026,2401747,C,"STRIP, QUARY, OPEN PIT",FIRE,"Accident type, without injuries",NO VALUE FOUND,NO VALUE FOUND,NO VALUE FOUND,NO VALUE FOUND,,0,NO VALUE FOUND,False,0,[],False,False,Lighting strike cause grass fire that burned on edge of mine permit. Was put out by Rosebud County Wildland fire,20,Lighting strike cause grass fire that burned on edge of mine permit. Was put out by Rosebud County Wildland fire,False,,,,train_candidate
msha_006512,msha,no_injury_event,00,ACCIDENT ONLY,2022-11-09,2022,2600827,M,"STRIP, QUARY, OPEN PIT",FIRE,"Accident type, without injuries",NO VALUE FOUND,NO VALUE FOUND,NO VALUE FOUND,NO VALUE FOUND,,0,"Trucks, Service truck, Utility truck, Pickup, Water truck, Fuel truck",False,0,[],False,False,"While Fuel truck 8852 was staging at the Range Front Decline ore pad to fuel loader 704, the technician noticed smoke coming from hood. Tech shut truck down, exited the vehicle and found it had an active fire. The operator got a safe distance away from the fuel truck and called Mayday. The loader operator picked up the Fuel tech to get them further away from the truck.",68,"While Fuel truck 8852 was staging at the Range Front Decline ore pad to fuel loader 704, the technician noticed smoke coming from hood. Tech shut truck down, exited the vehicle and found it had an active fire. The operator got a safe distance away from the fuel truck and called Mayday. The loader operator picked up the Fuel tech to get them further away from the truck.",False,,,,train_candidate
msha_006541,msha,no_injury_event,00,ACCIDENT ONLY,2013-09-09,2013,4103660,C,"STRIP, QUARY, OPEN PIT",ELECTRICAL,"Accident type, without injuries",NO VALUE FOUND,NO VALUE FOUND,NO VALUE FOUND,NO VALUE FOUND,0,0,"Machine, NEC - Wheelbarrow, Well drilling Rig, Post hole auger",False,1,"[""pipeline""]",False,False,A mulching machine was clearing a pipeline right of way. The mulching machine contacted a pine tree and the top of the tree broke off and fell onto a set of power lines. An arc from the power line started a fire which spread rapidly. Three fire departments and the forestry service responded. The fire burned approximately 4 acres and was contained within three hours.,65,A mulching machine was clearing a pipeline right of way. The mulching machine contacted a pine tree and the top of the tree broke off and fell onto a set of power lines. An arc from the power line started a fire which spread rapidly. Three fire departments and the forestry service responded. The fire burned approximately 4 acres and was contained within three hours.,False,,,,train_candidate
msha_006542,msha,fatal,01,FATALITY,2025-01-30,2025,4104891,M,"STRIP, QUARY, OPEN PIT",MACHINERY,"Caught in, under or between running or meshing objects",Unknown,"MACHINE-MILL,CLEANING PLT",MULTIPLE INJURIES,MULTIPLE PARTS (MORE THAN ONE MAJOR),,1,Washers,False,0,[],True,True,Miner did not follow protocol. Therefore causing the death of the same.,12,Miner did not follow protocol. Therefore causing the death of the same.,False,,,,train_candidate
msha_006545,msha,fatal,01,FATALITY,2026-03-12,2026,4201392,M,SURFACE AT UNDERGROUND,MACHINERY,Struck by powered moving object,Machine maintenance,SURFACE MINING MACHINES,MULTIPLE INJURIES,"TRUNK, MULTIPLE PARTS",,1,"Carriage-mounted drills, Rail, Rubber-tired, Jumbo, Air-track drill",False,0,[],True,True,"At approximately 05.12am on the 12th March 2026, a mechanic was struck by a drill boom in a surface workshop, causing fatal injuries.",23,"At approximately 05.12am on the 12th March 2026, a mechanic was struck by a drill boom in a surface workshop, causing fatal injuries.",False,,,,train_candidate
msha_006547,msha,no_injury_event,00,ACCIDENT ONLY,2024-10-23,2024,4400068,M,MILL OPERATION/PREPARATION PLANT,HOISTING,"Accident type, without injuries",NO VALUE FOUND,NO VALUE FOUND,NO VALUE FOUND,NO VALUE FOUND,,0,"Elevator, Skip, Cage, Buckets, Mancage, Slope car ",False,0,[],False,False,"Employee went to use the Homo Silo personnel elevator, when the elevator car became stuck. The employee was able to leave the elevator for 35 minutes. Employee was uninjured.",29,"Employee went to use the Homo Silo personnel elevator, when the elevator car became stuck. The employee was able to leave the elevator for 35 minutes. Employee was uninjured.",False,,,,train_candidate
msha_006551,msha,no_injury_event,00,ACCIDENT ONLY,2019-04-10,2019,4601433,C,SURFACE AT UNDERGROUND,FIRE,"Accident type, without injuries",NO VALUE FOUND,NO VALUE FOUND,NO VALUE FOUND,NO VALUE FOUND,,0,NO VALUE FOUND,False,0,[],False,False,At approximately 1:30PM there was a controlled brush fire that spread beyond what was intended. A contractor was burning brush at the Impoundment. The wind picked up spreading the fire to nearby dry leaves. The entire area was completely extinguished within an hour. The affected area was monitor for the next shift.,52,At approximately 1:30PM there was a controlled brush fire that spread beyond what was intended. A contractor was burning brush at the Impoundment. The wind picked up spreading the fire to nearby dry leaves. The entire area was completely extinguished within an hour. The affected area was monitor for the next shift.,False,,,,train_candidate
msha_006559,msha,permanent_impairment,02,PERM TOT OR PERM PRTL DISABLTY,2023-08-07,2023,4609277,C,UNDERGROUND,POWERED HAULAGE,"Caught in, under or between a moving and a stationary object",Mantrip,"MINE JEEP,KERSEY,JITNEY",AMPUTATION OR ENUCLEATION,FINGER(S)/THUMB,,1,"Mancar, Mantrip, Personnel carrier, Porta bus, Jeep, Jitney, ATV",False,0,[],True,False,Close Clearance and not keeping all body parts inside of mantrip. Employee crushed EE's middle and pointer fingers of EE's right hand when EE grabbed the canopy post to reposition self in the mantrip. The mantrip was traveling around a tight corner where clearance is close and the employees right hand was in a pinch point between the canopy post and the coal/rock rib.,64,Close Clearance and not keeping all body parts inside of mantrip. Employee crushed EE's middle and pointer fingers of EE's right hand when EE grabbed the canopy post to reposition self in the mantrip. The mantrip was traveling around a tight corner where clearance is close and the employees right hand was in a pinch point between the canopy post and the coal/rock rib.,False,,,,train_candidate
msha_006560,msha,no_injury_event,00,ACCIDENT ONLY,2020-02-03,2020,4700587,M,MILL OPERATION/PREPARATION PLANT,FIRE,"Accident type, without injuries",NO VALUE FOUND,NO VALUE FOUND,NO VALUE FOUND,NO VALUE FOUND,,0,NO VALUE FOUND,False,0,[],False,False,"Smoldering coal fire was noticed in coalyard on 2/3/20. Plant management was called, MSHA was called, and the operator then used dozer to extinguish. Monitored return over the next few days.",31,"Smoldering coal fire was noticed in coalyard on 2/3/20. Plant management was called, MSHA was called, and the operator then used dozer to extinguish. Monitored return over the next few days.",False,,,,train_candidate
msha_006568,msha,no_injury_event,00,ACCIDENT ONLY,2019-12-14,2019,0100851,C,SURFACE AT UNDERGROUND,HOISTING,"Accident type, without injuries",NO VALUE FOUND,NO VALUE FOUND,NO VALUE FOUND,NO VALUE FOUND,,0,"Elevator, Skip, Cage, Buckets, Mancage, Slope car ",False,0,[],False,False,The North Portal Hoist went down with an electrical issue. A blown fuse was found and replaced. It was then found the hoist was not reading the brake pressure to release the brake. Pressure switch was changed so the hoist read the pressure and it was test ran 20 trips with non issue.,53,The North Portal Hoist went down with an electrical issue. A blown fuse was found and replaced. It was then found the hoist was not reading the brake pressure to release the brake. Pressure switch was changed so the hoist read the pressure and it was test ran 20 trips with non issue.,False,,,,train_candidate
msha_006569,msha,no_injury_event,00,ACCIDENT ONLY,2023-01-05,2023,0100851,C,SURFACE AT UNDERGROUND,HOISTING,"Accident type, without injuries",NO VALUE FOUND,NO VALUE FOUND,NO VALUE FOUND,NO VALUE FOUND,,0,"Elevator, Skip, Cage, Buckets, Mancage, Slope car ",False,0,[],False,False,"The SP elevator was taken out of service due to stretch in the rope. The rope was tensioned, the elevator was tested, the elevator was examined, and the elevator was placed back into service. MSHA was notified via the hotline.",40,"The SP elevator was taken out of service due to stretch in the rope. The rope was tensioned, the elevator was tested, the elevator was examined, and the elevator was placed back into service. MSHA was notified via the hotline.",False,,,,train_candidate
msha_006577,msha,no_injury_event,00,ACCIDENT ONLY,2020-02-21,2020,0405701,M,MILL OPERATION/PREPARATION PLANT,FIRE,"Accident type, without injuries",NO VALUE FOUND,NO VALUE FOUND,NO VALUE FOUND,NO VALUE FOUND,,0,"Packaging machine, Bagger, Sewing machine, Palletizer",False,0,[],False,False,Multifuel media was smelled smoldering. We immediately began searching for source. Equip. was removed from service. Found source in dust collection equip. washed out bin with water. Called as soon as we were confident it was out.,37,Multifuel media was smelled smoldering. We immediately began searching for source. Equip. was removed from service. Found source in dust collection equip. washed out bin with water. Called as soon as we were confident it was out.,False,,,,train_candidate
msha_006578,msha,no_injury_event,00,ACCIDENT ONLY,2025-05-16,2025,0500344,M,MILL OPERATION/PREPARATION PLANT,HOISTING,"Accident type, without injuries",NO VALUE FOUND,NO VALUE FOUND,NO VALUE FOUND,NO VALUE FOUND,,0,"Elevator, Skip, Cage, Buckets, Mancage, Slope car ",False,0,[],False,False,The plant tower elevator stopped between floors due to a defective safety switch which failed (as designed) causing the elevator to stop. An employee was in the elevator and notified the control room that EE was not able to get the elevator to move. The employee was in the elevator for more than 30 minutes and the event was called in to MSHA. No injury associated with the event.,69,The plant tower elevator stopped between floors due to a defective safety switch which failed (as designed) causing the elevator to stop. An employee was in the elevator and notified the control room that EE was not able to get the elevator to move. The employee was in the elevator for more than 30 minutes and the event was called in to MSHA. No injury associated with the event.,False,,,,train_candidate
msha_006581,msha,no_injury_event,00,ACCIDENT ONLY,2020-12-31,2020,1000082,M,SURFACE AT UNDERGROUND,HOISTING,"Accident type, without injuries",NO VALUE FOUND,NO VALUE FOUND,NO VALUE FOUND,NO VALUE FOUND,,0,"Elevator, Skip, Cage, Buckets, Mancage, Slope car ",False,0,[],False,False,"Coeur Hoist went down for electrical issues. Crews stood down. Problem was in sub floor transformer. North side transformer was not making full contact, loose bolts. Electricians inspected, made corrections.",30,"Coeur Hoist went down for electrical issues. Crews stood down. Problem was in sub floor transformer. North side transformer was not making full contact, loose bolts. Electricians inspected, made corrections.",False,,,,train_candidate
msha_006584,msha,no_injury_event,00,ACCIDENT ONLY,2019-03-19,2019,1200426,M,MILL OPERATION/PREPARATION PLANT,FIRE,"Accident type, without injuries",NO VALUE FOUND,NO VALUE FOUND,NO VALUE FOUND,NO VALUE FOUND,,0,NO VALUE FOUND,False,0,[],False,False,Third party trucking company's service pickup truck caught fire while driving through the facility at approximately 12:10pm. MSHA hotline contacted at 12:22pm. Occupants exited the vehicle and cleared the area. Fire Department was contacted and responded. Fire extinguished at 12:50pm.,40,Third party trucking company's service pickup truck caught fire while driving through the facility at approximately 12:10pm. MSHA hotline contacted at 12:22pm. Occupants exited the vehicle and cleared the area. Fire Department was contacted and responded. Fire extinguished at 12:50pm.,False,,,,train_candidate
msha_006591,msha,no_injury_event,00,ACCIDENT ONLY,2019-10-02,2019,1500028,M,"STRIP, QUARY, OPEN PIT",POWERED HAULAGE,"Accident type, without injuries",NO VALUE FOUND,NO VALUE FOUND,NO VALUE FOUND,NO VALUE FOUND,,0,"Trucks, Service truck, Utility truck, Pickup, Water truck, Fuel truck",False,0,[],False,False,"A person was driving on state route 245 in Bardstown, apparently had a health issue and ran into our fencing.",20,"A person was driving on state route 245 in Bardstown, apparently had a health issue and ran into our fencing.",False,,,,train_candidate
msha_006600,msha,no_injury_event,00,ACCIDENT ONLY,2020-08-04,2020,1600358,M,SURFACE AT UNDERGROUND,HOISTING,"Accident type, without injuries",NO VALUE FOUND,NO VALUE FOUND,NO VALUE FOUND,NO VALUE FOUND,,0,"Elevator, Skip, Cage, Buckets, Mancage, Slope car ",False,0,[],False,False,A joint in automatic sprinkler system piping failed. Fire pump started with drop in line pressure. Water from open water line entered friction hoist motors causing a short and controllers to trip. Two personnel hoists used for man travel were available and operating. Incident reported be conditions of Citation 9457597.,50,A joint in automatic sprinkler system piping failed. Fire pump started with drop in line pressure. Water from open water line entered friction hoist motors causing a short and controllers to trip. Two personnel hoists used for man travel were available and operating. Incident reported be conditions of Citation 9457597.,False,,,,train_candidate
msha_006617,msha,no_injury_event,00,ACCIDENT ONLY,2026-06-08,2026,3000663,M,SURFACE AT UNDERGROUND,HOISTING,"Accident type, without injuries",NO VALUE FOUND,NO VALUE FOUND,NO VALUE FOUND,NO VALUE FOUND,,0,"Elevator, Skip, Cage, Buckets, Mancage, Slope car ",False,0,[],False,False,#4 Hoist is down with an electrical issue. All travel in and out of the mine has been moved to #3 Hoist and #2 Hoist.,25,#4 Hoist is down with an electrical issue. All travel in and out of the mine has been moved to #3 Hoist and #2 Hoist.,False,,,,train_candidate
msha_006622,msha,permanent_impairment,02,PERM TOT OR PERM PRTL DISABLTY,2023-05-05,2023,3402084,M,"STRIP, QUARY, OPEN PIT",POWERED HAULAGE,"Caught in, under or between a moving and a stationary object",Handling supplies or material,"FORKLIFTS,STACKERS,TRCTR",AMPUTATION OR ENUCLEATION,FINGER(S)/THUMB,20,1,"Forklift, Plant cat, Telehandler, Hyster, Lift truck, Skid steer ",False,0,[],True,False,"Worker was leaving at the end of the shift & saw a pin on an excavator track sticking out. They & another worker tried to reinstall pin with the forks of a skidsteer & the worker got a finger pinched between the fork & the track, causing partial amputation of finger.",51,"Worker was leaving at the end of the shift & saw a pin on an excavator track sticking out. They & another worker tried to reinstall pin with the forks of a skidsteer & the worker got a finger pinched between the fork & the track, causing partial amputation of finger.",False,,,,train_candidate
msha_006623,msha,no_injury_event,00,ACCIDENT ONLY,2021-08-12,2021,3601965,C,"STRIP, QUARY, OPEN PIT",ELECTRICAL,"Accident type, without injuries",NO VALUE FOUND,NO VALUE FOUND,NO VALUE FOUND,NO VALUE FOUND,,0,"Shovel, Power shovel, Backhoe, Trackhoe, Dragline - Big Muskie",False,0,[],False,False,"An excavator operator was backing up a haul road and repairing the roadway as they traveled. The excavator traveled underneath a 69KV powerline owned by PPL. Unknown to the operator, the powerline arced to the boom of the excavator which cause a brief power interruption. The operator was only made aware of this at 11:30 am when an electrician showed up on site to investigate.",65,"An excavator operator was backing up a haul road and repairing the roadway as they traveled. The excavator traveled underneath a 69KV powerline owned by PPL. Unknown to the operator, the powerline arced to the boom of the excavator which cause a brief power interruption. The operator was only made aware of this at 11:30 am when an electrician showed up on site to investigate.",False,,,,train_candidate
msha_006624,msha,no_injury_event,00,ACCIDENT ONLY,2024-12-24,2024,3605018,C,SURFACE AT UNDERGROUND,HOISTING,"Accident type, without injuries",NO VALUE FOUND,NO VALUE FOUND,NO VALUE FOUND,NO VALUE FOUND,,0,"Elevator, Skip, Cage, Buckets, Mancage, Slope car ",False,0,[],False,False,The elevator at the #9 portal was down over governor ropes and a damaged pulley,15,The elevator at the #9 portal was down over governor ropes and a damaged pulley,False,,,,train_candidate
msha_006633,msha,permanent_impairment,02,PERM TOT OR PERM PRTL DISABLTY,2026-03-23,2026,4103360,M,"STRIP, QUARY, OPEN PIT",EXPLODING VESSELS UNDER PRESSURE,Struck by... NEC,Machine maintenance,"METAL,NEC(PIPE,WIRE,NAIL)",AMPUTATION OR ENUCLEATION,FINGER(S)/THUMB,4,1,NO VALUE FOUND,False,0,[],True,False,"An OTR technician at a quarry installed two spare tires and a new wheel on a Komatsu WA900 loader. While demounting the scrap tire/wheel in the storage yard, EE removed the O-ring with EE's left hand. Residual pressure caused the bead seat band to spring upward, striking EE's left thumb and index finger. This amputated the tip of EE's left index finger and crushed EE's left thumb.",67,"An OTR technician at a quarry installed two spare tires and a new wheel on a Komatsu WA900 loader. While demounting the scrap tire/wheel in the storage yard, EE removed the O-ring with EE's left hand. Residual pressure caused the bead seat band to spring upward, striking EE's left thumb and index finger. This amputated the tip of EE's left index finger and crushed EE's left thumb.",False,,,,train_candidate
msha_006635,msha,no_injury_event,00,ACCIDENT ONLY,2010-09-22,2010,4103660,C,"STRIP, QUARY, OPEN PIT",FIRE,"Accident type, without injuries",NO VALUE FOUND,NO VALUE FOUND,NO VALUE FOUND,NO VALUE FOUND,0,0,NO VALUE FOUND,True,3,"[""oil and gas"", ""pipeline""]",False,False,A mining supervisor noticed a fire in the D 1 area behind the pump barn where oil and gas workers had been mowing pipeline right of way. The fire was put out within 20 minutes of being seen. No Miners were working in the area. This did not affect the Oak Hill mining operation. Estimated 5000 sq ft of underbrush was affected.,62,A mining supervisor noticed a fire in the D 1 area behind the pump barn where oil and gas workers had been mowing pipeline right of way. The fire was put out within 20 minutes of being seen. No Miners were working in the area. This did not affect the Oak Hill mining operation. Estimated 5000 sq ft of underbrush was affected.,False,,,,train_candidate
msha_006637,msha,fatal,01,FATALITY,2024-11-05,2024,4105396,M,"STRIP, QUARY, OPEN PIT",POWERED HAULAGE,Struck against a moving object,Haulage or Dump truck,"HGHWY ORE CARIER,LRGE TRK",MULTIPLE INJURIES,MULTIPLE PARTS (MORE THAN ONE MAJOR),,1,Ore haulage trucks - off highway trucks,False,0,[],True,True,At this time unknown dump point failure causing haul truck operated by the deceased to back and roll down the dump point.,22,At this time unknown dump point failure causing haul truck operated by the deceased to back and roll down the dump point.,False,,,,train_candidate
msha_006639,msha,no_injury_event,00,ACCIDENT ONLY,2026-06-09,2026,4202707,M,"STRIP, QUARY, OPEN PIT",MACHINERY,"Accident type, without injuries",NO VALUE FOUND,NO VALUE FOUND,NO VALUE FOUND,NO VALUE FOUND,,0,"Bulldozer, Dozer, Crawler tractor, Push cat",False,0,[],False,False,"Operator was pushing downhill on variable ground when after finishing a downhill push, backed the dozer uphill at an angle not perpendicular. Operator was alone and states that upon reaching close to the top, the dozer hit a hard crust on one track and soft on the other causing it to slide and tip on its side. Operator wore seat belt, uninjured.",62,"Operator was pushing downhill on variable ground when after finishing a downhill push, backed the dozer uphill at an angle not perpendicular. Operator was alone and states that upon reaching close to the top, the dozer hit a hard crust on one track and soft on the other causing it to slide and tip on its side. Operator wore seat belt, uninjured.",False,,,,train_candidate
msha_006643,msha,no_injury_event,00,ACCIDENT ONLY,2020-01-22,2020,4601433,C,SURFACE AT UNDERGROUND,FIRE,"Accident type, without injuries",NO VALUE FOUND,NO VALUE FOUND,NO VALUE FOUND,NO VALUE FOUND,,0,NO VALUE FOUND,False,0,[],False,False,"A hot spot was found on the coarse refuge area. No visible flame or smoke, only steam. A company action plan was followed, and the area was rendered harmless.",29,"A hot spot was found on the coarse refuge area. No visible flame or smoke, only steam. A company action plan was followed, and the area was rendered harmless.",False,,,,train_candidate
msha_006647,msha,no_injury_event,00,ACCIDENT ONLY,2024-02-27,2024,4608878,C,SURFACE AT UNDERGROUND,ELECTRICAL,"Accident type, without injuries",NO VALUE FOUND,NO VALUE FOUND,NO VALUE FOUND,NO VALUE FOUND,,0,"Elevator, Skip, Cage, Buckets, Mancage, Slope car ",False,0,[],False,False,"Had a thunder and lightning storm come through the area. a lightning strike caused a power surge which caused a plc that controls graphics to lose its program. we had a spar unit on the property, but it had to be programmed before the hoist would run.",47,"Had a thunder and lightning storm come through the area. a lightning strike caused a power surge which caused a plc that controls graphics to lose its program. we had a spar unit on the property, but it had to be programmed before the hoist would run.",False,,,,train_candidate
msha_006648,msha,no_injury_event,00,ACCIDENT ONLY,2021-01-11,2021,4609239,C,AUGER,FIRE,"Accident type, without injuries",NO VALUE FOUND,NO VALUE FOUND,NO VALUE FOUND,NO VALUE FOUND,,0,"Front-end loader, Tractor-shovel, Payloader, Highlift, Skip loader",False,0,[],False,False,992 G loader was loading spoil. Operator saw a fire in the engine compartment and dismounted the loader,18,992 G loader was loading spoil. Operator saw a fire in the engine compartment and dismounted the loader,False,,,,train_candidate
msha_006649,msha,no_injury_event,00,ACCIDENT ONLY,2019-12-12,2019,4700587,M,MILL OPERATION/PREPARATION PLANT,FIRE,"Accident type, without injuries",NO VALUE FOUND,NO VALUE FOUND,NO VALUE FOUND,NO VALUE FOUND,,0,NO VALUE FOUND,False,0,[],False,False,At 4 AM on 12/12 a coal fire was noticed in the coal yard. MSHA was contacted. The HEO used the excavator to mitigate the smoldering. The fire was out by 2 PM on 12/13.,35,At 4 AM on 12/12 a coal fire was noticed in the coal yard. MSHA was contacted. The HEO used the excavator to mitigate the smoldering. The fire was out by 2 PM on 12/13.,False,,,,train_candidate
msha_006652,msha,no_injury_event,00,ACCIDENT ONLY,2024-07-08,2024,4801034,C,"STRIP, QUARY, OPEN PIT",FIRE,"Accident type, without injuries",NO VALUE FOUND,NO VALUE FOUND,NO VALUE FOUND,NO VALUE FOUND,,0,NO VALUE FOUND,False,0,[],False,False,Spontaneous combustion of coal in Area 6 and Area 8. No people or resource are at risk.,17,Spontaneous combustion of coal in Area 6 and Area 8. No people or resource are at risk.,False,,,,train_candidate
msha_006654,msha,no_injury_event,00,ACCIDENT ONLY,2026-04-15,2026,4801353,C,"STRIP, QUARY, OPEN PIT",FIRE,"Accident type, without injuries",NO VALUE FOUND,NO VALUE FOUND,NO VALUE FOUND,NO VALUE FOUND,,0,NO VALUE FOUND,False,0,[],False,False,A train started a grass fire on the outskirts of the mine and was not extinguished within 30 minutes of discovery.,21,A train started a grass fire on the outskirts of the mine and was not extinguished within 30 minutes of discovery.,False,,,,train_candidate
msha_006658,msha,no_injury_event,00,ACCIDENT ONLY,2020-07-10,2020,0102901,C,SURFACE AT UNDERGROUND,HOISTING,"Accident type, without injuries",NO VALUE FOUND,NO VALUE FOUND,NO VALUE FOUND,NO VALUE FOUND,,0,"Elevator, Skip, Cage, Buckets, Mancage, Slope car ",False,0,[],False,False,"During weekly examination of the hoist, examiner found the lead contactor was blown on the brake cylinoid.",17,"During weekly examination of the hoist, examiner found the lead contactor was blown on the brake cylinoid.",False,,,,train_candidate
msha_006659,msha,no_injury_event,00,ACCIDENT ONLY,2021-06-21,2021,0102901,C,SURFACE AT UNDERGROUND,HOISTING,"Accident type, without injuries",NO VALUE FOUND,NO VALUE FOUND,NO VALUE FOUND,NO VALUE FOUND,,0,"Elevator, Skip, Cage, Buckets, Mancage, Slope car ",False,0,[],False,False,The Camp Creek portal main hoist had to be taken out of service due to maintenance issues.,17,The Camp Creek portal main hoist had to be taken out of service due to maintenance issues.,False,,,,train_candidate
msha_006669,msha,no_injury_event,00,ACCIDENT ONLY,2023-07-29,2023,0502962,C,"STRIP, QUARY, OPEN PIT",FIRE,"Accident type, without injuries",NO VALUE FOUND,NO VALUE FOUND,NO VALUE FOUND,NO VALUE FOUND,,0,NO VALUE FOUND,False,0,[],False,False,"A grass fire was discovered and reported at 13:25 while employees were investigating why the mine site lost power and shortly thereafter, phones. A fire line was immediately cut around the fire and suppression efforts began. It was determined that a large bird had contacted a powerline resulting in the loss of power and the grass fire.",57,"A grass fire was discovered and reported at 13:25 while employees were investigating why the mine site lost power and shortly thereafter, phones. A fire line was immediately cut around the fire and suppression efforts began. It was determined that a large bird had contacted a powerline resulting in the loss of power and the grass fire.",False,,,,train_candidate
msha_006670,msha,no_injury_event,00,ACCIDENT ONLY,2019-04-09,2019,0800051,M,MILL OPERATION/PREPARATION PLANT,FIRE,"Accident type, without injuries",NO VALUE FOUND,NO VALUE FOUND,NO VALUE FOUND,NO VALUE FOUND,,0,"Milling machinery, Block press, Ballast machine",False,0,[],False,False,"500 KW Generator was operating in the Finish Mill area of the plant, the generator caught fire and the fire dept. was called to extinguish the fire. The fire was caused by the exhaust pipe running too close to the trailer the generator was contained in. Paint and insulation was burned on the side of the trailer.",57,"500 KW Generator was operating in the Finish Mill area of the plant, the generator caught fire and the fire dept. was called to extinguish the fire. The fire was caused by the exhaust pipe running too close to the trailer the generator was contained in. Paint and insulation was burned on the side of the trailer.",False,,,,train_candidate
msha_006673,msha,permanent_impairment,02,PERM TOT OR PERM PRTL DISABLTY,2024-01-10,2024,0900047,M,MILL OPERATION/PREPARATION PLANT,POWERED HAULAGE,"Caught in, under or between running or meshing objects",Machine maintenance,"CONVEYORS,NEC",AMPUTATION OR ENUCLEATION,FINGER(S)/THUMB,9,1,"Conveyor, Belt feeder, Stage loader, Hopper shaker, Belt structure",False,0,[],True,False,"Miners working to clear out a clogged screw conveyor, miner didn't follow the company Lock out/tag out policy and caught their finger in the upstream screw causing an amputation of the left hand ring finger distal phalanges.",37,"Miners working to clear out a clogged screw conveyor, miner didn't follow the company Lock out/tag out policy and caught their finger in the upstream screw causing an amputation of the left hand ring finger distal phalanges.",False,,,,train_candidate
msha_006675,msha,no_injury_event,00,ACCIDENT ONLY,2020-01-12,2020,1000082,M,SURFACE AT UNDERGROUND,HOISTING,"Accident type, without injuries",NO VALUE FOUND,NO VALUE FOUND,NO VALUE FOUND,NO VALUE FOUND,,0,"Elevator, Skip, Cage, Buckets, Mancage, Slope car ",False,0,[],False,False,"Power bumps with heavy snow storm, No. 3 Hoist was pulling lead off 4900 pocket when it kicked out, would not reset. Contacted Spencer Engineering on computer faults. Electricians up replaced two electrical components.",34,"Power bumps with heavy snow storm, No. 3 Hoist was pulling lead off 4900 pocket when it kicked out, would not reset. Contacted Spencer Engineering on computer faults. Electricians up replaced two electrical components.",False,,,,train_candidate
msha_006676,msha,no_injury_event,00,ACCIDENT ONLY,2021-12-07,2021,1000082,M,SURFACE AT UNDERGROUND,HOISTING,"Accident type, without injuries",NO VALUE FOUND,NO VALUE FOUND,NO VALUE FOUND,NO VALUE FOUND,,0,"Elevator, Skip, Cage, Buckets, Mancage, Slope car ",False,0,[],False,False,Lost power on site at 1416 hours. AVISTA Power informed us that a tree limb had fallen over power line. Power back on at 1500 hours.,26,Lost power on site at 1416 hours. AVISTA Power informed us that a tree limb had fallen over power line. Power back on at 1500 hours.,False,,,,train_candidate
msha_006677,msha,no_injury_event,00,ACCIDENT ONLY,2024-06-13,2024,1100131,M,MILL OPERATION/PREPARATION PLANT,ELECTRICAL,"Accident type, without injuries",NO VALUE FOUND,NO VALUE FOUND,NO VALUE FOUND,NO VALUE FOUND,,0,"Milling machinery, Block press, Ballast machine",False,0,[],False,False,A transformer caught fire at the surge pile area. 911 was called as it involved electricity. Fire was contained to the box and no miners were exposed to hazard of fire. There were no injuries. Fire contained and extinguished promptly after the arrival of the local fire department. We do not believe the fire lasted over 30 minutes.,58,A transformer caught fire at the surge pile area. 911 was called as it involved electricity. Fire was contained to the box and no miners were exposed to hazard of fire. There were no injuries. Fire contained and extinguished promptly after the arrival of the local fire department. We do not believe the fire lasted over 30 minutes.,False,,,,train_candidate
msha_006680,msha,no_injury_event,00,ACCIDENT ONLY,2024-03-18,2024,1103143,C,MILL OPERATION/PREPARATION PLANT,FIRE,"Accident type, without injuries",NO VALUE FOUND,NO VALUE FOUND,NO VALUE FOUND,NO VALUE FOUND,,0,NO VALUE FOUND,False,0,[],False,False,A hot spot was discovered on the south side of the PEEP raw coal pad. No one was injured. The affected material is being moved and treated.,27,A hot spot was discovered on the south side of the PEEP raw coal pad. No one was injured. The affected material is being moved and treated.,False,,,,train_candidate
msha_006695,msha,no_injury_event,00,ACCIDENT ONLY,2023-04-10,2023,1519744,C,SURFACE AT UNDERGROUND,HOISTING,"Accident type, without injuries",NO VALUE FOUND,NO VALUE FOUND,NO VALUE FOUND,NO VALUE FOUND,,0,"Elevator, Skip, Cage, Buckets, Mancage, Slope car ",False,0,[],False,False,The overwind switch for the emergency Hoist was not working in the down travel position.,15,The overwind switch for the emergency Hoist was not working in the down travel position.,False,,,,train_candidate
msha_006700,msha,no_injury_event,00,ACCIDENT ONLY,2020-08-22,2020,2000362,M,MILL OPERATION/PREPARATION PLANT,FIRE,"Accident type, without injuries",NO VALUE FOUND,NO VALUE FOUND,NO VALUE FOUND,NO VALUE FOUND,,0,NO VALUE FOUND,False,0,[],False,False,At 8:20am a fire was detected on #5 conveyor belt in the cooler pit. FD was contacted immediately and fire was extinguished at approximately 9:15am. No injuries resulted from the fire.,31,At 8:20am a fire was detected on #5 conveyor belt in the cooler pit. FD was contacted immediately and fire was extinguished at approximately 9:15am. No injuries resulted from the fire.,False,,,,train_candidate
msha_006701,msha,no_injury_event,00,ACCIDENT ONLY,2021-07-15,2021,2103404,M,MILL OPERATION/PREPARATION PLANT,FIRE,"Accident type, without injuries",NO VALUE FOUND,NO VALUE FOUND,NO VALUE FOUND,NO VALUE FOUND,,0,NO VALUE FOUND,False,0,[],False,False,Pellet Plant grate/kiln stack area of the roof caught on fire. Investigation revealed a small piece of refractory had been released onto the roof when the stack cap was opened earlier in the day.,34,Pellet Plant grate/kiln stack area of the roof caught on fire. Investigation revealed a small piece of refractory had been released onto the roof when the stack cap was opened earlier in the day.,False,,,,train_candidate
msha_006709,msha,no_injury_event,00,ACCIDENT ONLY,2021-08-11,2021,3000663,M,SURFACE AT UNDERGROUND,HOISTING,"Accident type, without injuries",NO VALUE FOUND,NO VALUE FOUND,NO VALUE FOUND,NO VALUE FOUND,,0,"Elevator, Skip, Cage, Buckets, Mancage, Slope car ",False,0,[],False,False,"Test trip was being done, track limit exceeded, NIDEC was on site to diagnose, troubleshoot and change out motor encoder and adjust parameters on drive, #3 hoist back up and running within 1.5 hours",34,"Test trip was being done, track limit exceeded, NIDEC was on site to diagnose, troubleshoot and change out motor encoder and adjust parameters on drive, #3 hoist back up and running within 1.5 hours",False,,,,train_candidate
msha_006710,msha,no_injury_event,00,ACCIDENT ONLY,2021-08-30,2021,3000663,M,SURFACE AT UNDERGROUND,HOISTING,"Accident type, without injuries",NO VALUE FOUND,NO VALUE FOUND,NO VALUE FOUND,NO VALUE FOUND,,0,"Elevator, Skip, Cage, Buckets, Mancage, Slope car ",False,0,[],False,False,"Contractor was servicing the brake pump on the hoist instead of the pump for the thruster brake. Thruster brake has its own brake pump, test trips rectified the problem. Evac called off before bringing people out of the mine.",39,"Contractor was servicing the brake pump on the hoist instead of the pump for the thruster brake. Thruster brake has its own brake pump, test trips rectified the problem. Evac called off before bringing people out of the mine.",False,,,,train_candidate
msha_006711,msha,no_injury_event,00,ACCIDENT ONLY,2023-08-15,2023,3000663,M,SURFACE AT UNDERGROUND,HOISTING,"Accident type, without injuries",NO VALUE FOUND,NO VALUE FOUND,NO VALUE FOUND,NO VALUE FOUND,,0,"Elevator, Skip, Cage, Buckets, Mancage, Slope car ",False,0,[],False,False,Output on system circuit received and electrical arc that damaged this particular output.,13,Output on system circuit received and electrical arc that damaged this particular output.,False,,,,train_candidate
msha_006713,msha,no_injury_event,00,ACCIDENT ONLY,2026-03-17,2026,3003255,M,SURFACE AT UNDERGROUND,HOISTING,"Accident type, without injuries",NO VALUE FOUND,NO VALUE FOUND,NO VALUE FOUND,NO VALUE FOUND,,0,"Elevator, Skip, Cage, Buckets, Mancage, Slope car ",False,0,[],False,False,The east brake on the Production Hoist was recirculating all oil to the tank. Valve V 10 was not closing. Replaced the valve and found a lot of rubber shavings in port holes leading into the valve. Flushed out port holes and installed valve. Everything tested good.,47,The east brake on the Production Hoist was recirculating all oil to the tank. Valve V 10 was not closing. Replaced the valve and found a lot of rubber shavings in port holes leading into the valve. Flushed out port holes and installed valve. Everything tested good.,False,,,,train_candidate
msha_006715,msha,permanent_impairment,02,PERM TOT OR PERM PRTL DISABLTY,2024-09-06,2024,3102337,M,"STRIP, QUARY, OPEN PIT",MACHINERY,"Caught in, under or between a moving and a stationary object",Handling supplies or material,SURFACE MINING MACHINES,AMPUTATION OR ENUCLEATION,FINGER(S)/THUMB,20,1,"Front-end loader, Tractor-shovel, Payloader, Highlift, Skip loader",False,0,[],True,False,"3 employees were loading pipe into loader bucket for transport, 2 ground, 1 operator. One miner was standing on pipe inside bucket. A signal was given to rotate the bucket, Miner standing on the pipe had one hand on top of bucket, when bucket rotated the miner's left hand (pointer/middle finger) were lacerated. Miner suffered non-life threatening partial amputation of finger tip.",62,"3 employees were loading pipe into loader bucket for transport, 2 ground, 1 operator. One miner was standing on pipe inside bucket. A signal was given to rotate the bucket, Miner standing on the pipe had one hand on top of bucket, when bucket rotated the miner's left hand (pointer/middle finger) were lacerated. Miner suffered non-life threatening partial amputation of finger tip.",False,,,,train_candidate
msha_006729,msha,no_injury_event,00,ACCIDENT ONLY,2021-10-22,2021,3800013,M,"STRIP, QUARY, OPEN PIT",FIRE,"Accident type, without injuries",NO VALUE FOUND,NO VALUE FOUND,NO VALUE FOUND,NO VALUE FOUND,,0,"Front-end loader, Tractor-shovel, Payloader, Highlift, Skip loader",False,0,[],False,False,"On Friday, October 22 a 992G caught fire, operator was able to escape safely. The fire suppression was not able to be set off manually, so the fire department was called.",31,"On Friday, October 22 a 992G caught fire, operator was able to escape safely. The fire suppression was not able to be set off manually, so the fire department was called.",False,,,,train_candidate
msha_006731,msha,fatal,01,FATALITY,2024-09-20,2024,4001247,M,"STRIP, QUARY, OPEN PIT",SLIP OR FALL OF PERSON,Fall from machine,Machine maintenance,GROUND,MULTIPLE INJURIES,MULTIPLE PARTS (MORE THAN ONE MAJOR),,1,"Front-end loader, Tractor-shovel, Payloader, Highlift, Skip loader",False,0,[],True,True,Employee found face down on ground next to loader EE was operating. Responding authorities pronounced employee deceased. Incident is still under investigation.,22,Employee found face down on ground next to loader EE was operating. Responding authorities pronounced employee deceased. Incident is still under investigation.,False,,,,train_candidate
msha_006734,msha,fatal,01,FATALITY,2023-08-05,2023,4101126,M,MILL OPERATION/PREPARATION PLANT,SLIP OR FALL OF PERSON,Fall from machine,Getting on or off equipment,"NONPOWRD VECH-DOLI,WHLBRW",MULTIPLE INJURIES,"HEAD,NEC",,1,"Trucks, Service truck, Utility truck, Pickup, Water truck, Fuel truck",False,0,[],True,True,"Improper procedure performed, improper PPE, and not following SOP. *A customer truck driver fell from a large container mounted on the trailer of the truck while descending the container. The customer truck driver died from the injuries on August 7, 2023.",41,"Improper procedure performed, improper PPE, and not following SOP. *A customer truck driver fell from a large container mounted on the trailer of the truck while descending the container. The customer truck driver died from the injuries on August 7, 2023.",False,,,,train_candidate
msha_006736,msha,permanent_impairment,02,PERM TOT OR PERM PRTL DISABLTY,2026-06-27,2026,4400152,M,MILL OPERATION/PREPARATION PLANT,HANDLING OF MATERIALS,"Caught in, under or between a moving and a stationary object",Machine maintenance,"METAL,NEC(PIPE,WIRE,NAIL)",AMPUTATION OR ENUCLEATION,FINGER(S)/THUMB,0,1,NO VALUE FOUND,False,0,[],True,False,"Employee pinched right middle finger between plate and wear liner, amputating the top portion of the finger midway on the nail bed, above the top knuckle.",26,"Employee pinched right middle finger between plate and wear liner, amputating the top portion of the finger midway on the nail bed, above the top knuckle.",False,,,,train_candidate
msha_006742,msha,no_injury_event,00,ACCIDENT ONLY,2021-01-08,2021,4503315,M,OFFICE WORKERS AT MINE SITE,FIRE,"Accident type, without injuries",NO VALUE FOUND,NO VALUE FOUND,NO VALUE FOUND,NO VALUE FOUND,,0,NO VALUE FOUND,False,0,[],False,False,Unknown indigent arsonist started fire on outside of office building. Building totaled. No injuries to employees or anyone else. No one was present at time of event.,27,Unknown indigent arsonist started fire on outside of office building. Building totaled. No injuries to employees or anyone else. No one was present at time of event.,False,,,,train_candidate
msha_006749,msha,no_injury_event,00,ACCIDENT ONLY,2023-04-27,2023,4604168,C,SURFACE AT UNDERGROUND,HOISTING,"Accident type, without injuries",NO VALUE FOUND,NO VALUE FOUND,NO VALUE FOUND,NO VALUE FOUND,,0,"Elevator, Skip, Cage, Buckets, Mancage, Slope car ",False,0,[],False,False,Main Drive Control for main hoist motor is malfunctioning causing it to shudder at times during operation. This issue does not cause a safety malfunction but mechanism is not operating properly so we have locked the unit out until this is repaired.,42,Main Drive Control for main hoist motor is malfunctioning causing it to shudder at times during operation. This issue does not cause a safety malfunction but mechanism is not operating properly so we have locked the unit out until this is repaired.,False,,,,train_candidate
msha_006750,msha,no_injury_event,00,ACCIDENT ONLY,2024-05-13,2024,4604168,C,SURFACE AT UNDERGROUND,OTHER,"Accident type, without injuries",NO VALUE FOUND,NO VALUE FOUND,NO VALUE FOUND,NO VALUE FOUND,,0,Fan,False,0,[],False,False,"Main mine fan developed a vibration, steadily got worse. Leer South made the determination to shut if off and correct the issue. Inspected and found the bolts for the main fan motor loose, tightened and restarted the fan. down at 5:44pm Started fan back at 6:18pm.",46,"Main mine fan developed a vibration, steadily got worse. Leer South made the determination to shut if off and correct the issue. Inspected and found the bolts for the main fan motor loose, tightened and restarted the fan. down at 5:44pm Started fan back at 6:18pm.",False,,,,train_candidate
msha_006759,msha,permanent_impairment,02,PERM TOT OR PERM PRTL DISABLTY,2023-07-23,2023,4703718,M,"STRIP, QUARY, OPEN PIT",HANDLING OF MATERIALS,Over-exertion NEC,Unknown,"MISCELLANEOUS,NEC",HERNIA;RUPTURE,HIPS (PELVIS/ORGANS/KIDNEYS/BUTTOCKS),0,1,NO VALUE FOUND,False,0,[],True,False,"The mine was not made aware of the injury until 08/02/2023 and all attempts to get information from the injured miner have not generated a response other than to say the miner was injured on the morning of Sunday July 23rd. The times of the incident are only entered because the online form requires them, but do not represent a factual time of the injury.",65,"The mine was not made aware of the injury until 08/02/2023 and all attempts to get information from the injured miner have not generated a response other than to say the miner was injured on the morning of Sunday July 23rd. The times of the incident are only entered because the online form requires them, but do not represent a factual time of the injury.",False,,,,train_candidate
